order_item_id,order_id,product_id,quantity,unit_price
OI000001,O00001,P036,1,330.00
OI000002,O00001,P023,2,279.00
OI000003,O00002,P005,1,558.00
OI000004,O00002,P014,1,234.00
OI000005,O00003,P015,1,621.00
OI000006,O00003,P002,2,3200.00
OI000007,O00003,P038,1,171.00
OI000008,O00003,P024,2,1662.50
OI000009,O00004,P018,1,331.50
OI000010,O00005,P029,2,608.00
OI000011,O00005,P017,1,1237.50
OI000012,O00005,P010,3,2475.00
OI000013,O00006,P023,1,310.00
OI000014,O00006,P027,2,990.00
OI000015,O00007,P011,1,1320.00
OI000016,O00007,P035,1,2160.00
OI000017,O00007,P014,1,260.00
OI000018,O00007,P036,2,297.00
OI000019,O00008,P003,2,663.00
OI000020,O00008,P016,2,416.00
OI000021,O00009,P001,1,1450.00
OI000022,O00009,P025,3,252.00
OI000023,O00009,P039,1,230.00
OI000024,O00010,P035,1,2280.00
OI000025,O00010,P028,1,760.00
OI000026,O00011,P020,1,1035.00
OI000027,O00011,P002,2,3200.00
OI000028,O00012,P033,1,275.50
OI000029,O00013,P006,2,540.00
OI000030,O00013,P003,1,780.00
OI000031,O00013,P008,1,4600.00
OI000032,O00013,P034,1,360.00
OI000033,O00014,P009,1,950.00
OI000034,O00014,P013,1,456.00
OI000035,O00015,P016,2,520.00
OI000036,O00016,P011,1,1320.00
OI000037,O00016,P020,2,862.50
OI000038,O00017,P024,1,1662.50
OI000039,O00017,P023,3,310.00
OI000040,O00018,P002,1,3200.00
OI000041,O00018,P024,1,1750.00
OI000042,O00019,P007,1,1606.50
OI000043,O00019,P038,2,161.50
OI000044,O00020,P017,1,1237.50
OI000045,O00020,P024,1,1662.50
OI000046,O00020,P030,1,209.00
OI000047,O00021,P017,1,1320.00
OI000048,O00022,P003,1,702.00
OI000049,O00023,P010,1,2612.50
OI000050,O00023,P036,1,297.00
OI000051,O00024,P027,2,891.00
OI000052,O00024,P035,1,2400.00
OI000053,O00024,P009,1,902.50
OI000054,O00024,P006,3,513.00
OI000055,O00025,P024,2,1750.00
OI000056,O00025,P021,2,488.00
OI000057,O00026,P006,1,459.00
OI000058,O00027,P001,2,1232.50
OI000059,O00027,P038,2,171.00
OI000060,O00027,P019,2,735.00
OI000061,O00028,P015,1,655.50
OI000062,O00029,P020,1,862.50
OI000063,O00029,P016,2,390.00
OI000064,O00030,P004,1,1092.50
OI000065,O00030,P040,1,1881.00
OI000066,O00030,P003,1,780.00
OI000067,O00030,P023,1,310.00
OI000068,O00031,P034,1,342.00
OI000069,O00031,P035,2,2160.00
OI000070,O00031,P009,3,902.50
OI000071,O00032,P029,1,640.00
OI000072,O00032,P005,1,558.00
OI000073,O00032,P034,2,342.00
OI000074,O00033,P025,1,252.00
OI000075,O00034,P029,2,640.00
OI000076,O00034,P028,2,646.00
OI000077,O00034,P036,1,330.00
OI000078,O00035,P007,4,1890.00
OI000079,O00036,P005,1,589.00
OI000080,O00036,P001,1,1450.00
OI000081,O00036,P009,1,950.00
OI000082,O00037,P007,1,1890.00
OI000083,O00037,P015,1,655.50
OI000084,O00038,P004,1,1150.00
OI000085,O00038,P007,1,1795.50
OI000086,O00039,P036,1,330.00
OI000087,O00040,P039,3,218.50
OI000088,O00040,P015,3,690.00
OI000089,O00041,P038,1,171.00
OI000090,O00041,P017,1,1650.00
OI000091,O00042,P008,1,4140.00
OI000092,O00043,P011,1,1320.00
OI000093,O00043,P005,3,620.00
OI000094,O00043,P001,2,1450.00
OI000095,O00043,P036,1,297.00
OI000096,O00044,P009,2,855.00
OI000097,O00044,P005,1,558.00
OI000098,O00045,P001,1,1305.00
OI000099,O00045,P034,1,360.00
OI000100,O00046,P025,3,252.00
OI000101,O00046,P035,3,2400.00
OI000102,O00046,P023,3,279.00
OI007053,O03462,P037,2,720.00
OI004850,O02364,P023,2,310.00
OI000103,O00046,P002,2,3200.00
OI000104,O00047,P002,3,3200.00
OI000105,O00047,P004,1,1035.00
OI000106,O00048,P039,1,230.00
OI000107,O00048,P038,2,180.50
OI000108,O00048,P025,2,280.00
OI000109,O00049,P025,2,280.00
OI000110,O00050,P002,1,2880.00
OI000111,O00051,P016,1,468.00
OI000112,O00051,P029,2,640.00
OI000113,O00052,P017,2,1320.00
OI000114,O00052,P002,1,2880.00
OI000115,O00053,P017,2,1402.50
OI000116,O00053,P037,1,648.00
OI000117,O00054,P015,1,690.00
OI000118,O00055,P034,1,360.00
OI000119,O00055,P020,1,920.00
OI000120,O00056,P007,3,1890.00
OI000121,O00056,P016,2,390.00
OI000122,O00056,P023,1,310.00
OI000123,O00057,P038,1,161.50
OI000124,O00057,P031,3,382.50
OI000125,O00057,P026,2,826.50
OI000126,O00058,P016,1,442.00
OI000127,O00058,P017,3,1485.00
OI000128,O00059,P011,1,1320.00
OI000129,O00059,P006,1,540.00
OI000130,O00059,P012,1,410.00
OI007977,O03923,P005,2,620.00
OI000131,O00059,P015,1,690.00
OI000132,O00060,P011,1,1320.00
OI000133,O00060,P024,1,1662.50
OI000134,O00061,P025,3,238.00
OI000135,O00062,P020,2,1035.00
OI000136,O00062,P035,2,2280.00
OI000137,O00063,P013,1,456.00
OI000138,O00063,P010,3,2750.00
OI000139,O00063,P024,1,1662.50
OI000140,O00064,P013,1,480.00
OI000141,O00064,P008,2,4140.00
OI000142,O00065,P039,2,207.00
OI006872,O03370,P001,1,1232.50
OI000143,O00065,P029,3,640.00
OI000144,O00066,P010,2,2750.00
OI000145,O00066,P035,3,2400.00
OI000146,O00067,P036,1,313.50
OI000147,O00067,P006,2,540.00
OI000148,O00068,P010,1,2475.00
OI000149,O00069,P011,3,1254.00
OI000150,O00069,P034,2,360.00
OI000151,O00070,P015,2,655.50
OI000152,O00071,P024,1,1750.00
OI000153,O00072,P036,1,330.00
OI000154,O00073,P003,2,780.00
OI000155,O00073,P025,3,252.00
OI000156,O00074,P036,2,313.50
OI000157,O00074,P018,2,390.00
OI000158,O00075,P021,2,610.00
OI000159,O00075,P035,2,2400.00
OI000160,O00075,P003,1,702.00
OI000161,O00075,P018,2,331.50
OI000162,O00076,P016,2,390.00
OI000163,O00077,P007,1,1890.00
OI000164,O00077,P001,2,1377.50
OI000165,O00077,P015,2,655.50
OI000166,O00078,P017,1,1402.50
OI000167,O00079,P007,1,1890.00
OI000168,O00079,P013,1,456.00
OI000169,O00080,P029,2,640.00
OI000170,O00080,P003,2,780.00
OI000171,O00080,P016,2,442.00
OI000172,O00081,P021,2,549.00
OI000173,O00081,P020,1,920.00
OI000174,O00081,P015,2,690.00
OI000175,O00082,P024,1,1750.00
OI000176,O00083,P017,2,1402.50
OI000177,O00084,P031,2,382.50
OI000178,O00085,P011,2,1188.00
OI000179,O00085,P007,1,1890.00
OI000180,O00086,P012,2,410.00
OI000181,O00086,P023,1,279.00
OI000182,O00087,P024,1,1750.00
OI000183,O00087,P019,1,833.00
OI000184,O00088,P030,1,220.00
OI007631,O03744,P009,2,950.00
OI000185,O00088,P005,1,620.00
OI000186,O00089,P038,1,190.00
OI000187,O00089,P026,3,870.00
OI000188,O00090,P012,1,389.50
OI000189,O00090,P004,1,1092.50
OI000190,O00091,P002,1,3200.00
OI000191,O00092,P010,2,2750.00
OI000192,O00093,P003,1,780.00
OI000193,O00093,P017,1,1237.50
OI000194,O00093,P024,2,1662.50
OI000195,O00093,P029,1,640.00
OI000196,O00094,P017,1,1402.50
OI000197,O00094,P001,2,1450.00
OI000198,O00094,P034,2,342.00
OI000199,O00094,P025,1,280.00
OI000200,O00095,P038,2,190.00
OI000201,O00095,P016,1,442.00
OI000202,O00095,P020,1,920.00
OI000203,O00096,P033,1,290.00
OI000204,O00096,P018,1,351.00
OI000205,O00096,P005,2,589.00
OI000206,O00096,P010,2,2750.00
OI000207,O00097,P025,3,266.00
OI000208,O00098,P027,1,990.00
OI000209,O00098,P019,1,784.00
OI000210,O00099,P007,1,1890.00
OI000211,O00099,P038,1,171.00
OI000212,O00100,P030,3,220.00
OI000213,O00100,P003,1,663.00
OI000214,O00101,P019,1,784.00
OI000215,O00102,P010,2,2475.00
OI000216,O00102,P013,1,480.00
OI000217,O00103,P039,1,207.00
OI000218,O00103,P020,3,1035.00
OI000219,O00103,P006,1,513.00
OI000220,O00104,P017,1,1237.50
OI000221,O00104,P004,1,1035.00
OI000222,O00104,P018,2,351.00
OI000223,O00104,P003,2,780.00
OI000224,O00105,P034,1,342.00
OI000225,O00105,P008,4,4370.00
OI000226,O00105,P039,3,207.00
OI000227,O00105,P024,3,1750.00
OI000228,O00106,P021,1,549.00
OI000229,O00106,P039,2,218.50
OI000230,O00106,P011,2,1188.00
OI000231,O00106,P035,1,2400.00
OI000232,O00107,P038,1,171.00
OI000233,O00107,P003,3,780.00
OI000234,O00107,P034,1,342.00
OI000235,O00108,P015,2,621.00
OI000236,O00108,P011,1,1320.00
OI000237,O00109,P001,4,1377.50
OI000238,O00109,P010,2,2612.50
OI000239,O00109,P019,2,735.00
OI000240,O00109,P016,1,442.00
OI000241,O00110,P026,1,870.00
OI000242,O00111,P002,1,3200.00
OI000243,O00111,P031,1,427.50
OI000244,O00112,P018,2,312.00
OI000245,O00112,P006,3,513.00
OI000246,O00113,P033,1,290.00
OI000247,O00113,P017,1,1320.00
OI000248,O00114,P034,1,342.00
OI000249,O00114,P002,1,3200.00
OI000250,O00114,P029,2,640.00
OI000251,O00114,P023,1,279.00
OI000252,O00115,P006,1,513.00
OI000253,O00116,P030,1,220.00
OI000254,O00116,P001,1,1450.00
OI000255,O00117,P025,2,280.00
OI000256,O00118,P003,2,741.00
OI000257,O00118,P038,2,161.50
OI000258,O00118,P023,3,263.50
OI000259,O00118,P024,1,1750.00
OI000260,O00119,P010,1,2337.50
OI000261,O00120,P021,1,610.00
OI000262,O00120,P010,1,2750.00
OI000263,O00120,P024,1,1487.50
OI000264,O00121,P010,1,2475.00
OI000265,O00122,P023,2,279.00
OI000266,O00122,P019,1,735.00
OI000267,O00122,P007,1,1890.00
OI000268,O00123,P002,1,2720.00
OI000269,O00124,P005,1,620.00
OI000270,O00125,P002,1,3200.00
OI000271,O00125,P024,1,1750.00
OI000272,O00126,P020,1,1035.00
OI000273,O00126,P001,3,1450.00
OI000274,O00127,P024,3,1750.00
OI000275,O00128,P039,2,207.00
OI000276,O00128,P019,2,784.00
OI000277,O00128,P002,2,3200.00
OI000278,O00129,P009,1,950.00
OI000279,O00130,P006,1,540.00
OI000280,O00130,P039,1,207.00
OI000281,O00130,P017,3,1320.00
OI000282,O00130,P002,1,3200.00
OI000283,O00131,P002,1,2880.00
OI000284,O00131,P005,2,620.00
OI000285,O00132,P007,1,1890.00
OI000286,O00132,P013,1,480.00
OI003561,O01732,P010,2,2750.00
OI000287,O00133,P040,1,1881.00
OI000288,O00134,P036,1,297.00
OI000289,O00135,P028,3,760.00
OI000290,O00135,P037,2,720.00
OI000291,O00135,P007,2,1890.00
OI000292,O00136,P013,1,408.00
OI000293,O00136,P020,1,1035.00
OI000294,O00137,P001,3,1450.00
OI000295,O00138,P027,1,891.00
OI000296,O00138,P038,1,180.50
OI000297,O00139,P023,1,310.00
OI000298,O00140,P015,2,621.00
OI000299,O00140,P035,2,2280.00
OI000300,O00140,P009,1,950.00
OI000301,O00141,P023,1,294.50
OI000302,O00142,P031,1,450.00
OI000303,O00143,P012,1,389.50
OI000304,O00143,P002,2,2720.00
OI000305,O00144,P012,1,389.50
OI000306,O00144,P034,1,360.00
OI000307,O00145,P003,1,702.00
OI000308,O00146,P010,3,2612.50
OI000309,O00146,P001,1,1305.00
OI000310,O00146,P015,2,586.50
OI000311,O00146,P024,2,1487.50
OI000312,O00147,P001,2,1232.50
OI000313,O00147,P002,2,2720.00
OI000314,O00147,P011,2,1188.00
OI000315,O00148,P025,3,280.00
OI000316,O00149,P029,2,608.00
OI000317,O00149,P010,2,2612.50
OI000318,O00149,P023,1,310.00
OI000319,O00150,P023,1,310.00
OI000320,O00150,P019,1,882.00
OI000321,O00150,P005,1,589.00
OI000322,O00151,P005,1,558.00
OI000323,O00152,P005,1,620.00
OI000324,O00152,P016,1,416.00
OI000325,O00152,P003,2,702.00
OI000326,O00153,P002,1,3200.00
OI000327,O00153,P023,3,310.00
OI000328,O00154,P005,1,620.00
OI000329,O00154,P035,1,2280.00
OI000330,O00155,P001,1,1450.00
OI000331,O00156,P023,1,310.00
OI000332,O00156,P002,2,3200.00
OI000333,O00156,P010,1,2612.50
OI000334,O00157,P025,1,280.00
OI000335,O00157,P016,2,442.00
OI000336,O00157,P038,1,190.00
OI000337,O00158,P034,3,360.00
OI000338,O00158,P017,1,1650.00
OI000339,O00159,P033,3,290.00
OI000340,O00159,P016,1,468.00
OI000341,O00160,P003,2,780.00
OI000342,O00160,P035,1,2160.00
OI000343,O00160,P023,1,310.00
OI000344,O00161,P003,1,702.00
OI000345,O00161,P026,1,826.50
OI000346,O00161,P033,1,290.00
OI000347,O00161,P002,1,3040.00
OI000348,O00162,P016,3,416.00
OI000349,O00162,P010,2,2750.00
OI000350,O00163,P033,1,290.00
OI000351,O00164,P038,3,190.00
OI000352,O00165,P010,1,2337.50
OI000353,O00166,P021,2,457.50
OI000354,O00167,P020,2,1150.00
OI000355,O00167,P005,1,620.00
OI000356,O00168,P001,1,1450.00
OI000357,O00169,P025,2,266.00
OI000358,O00169,P002,2,3040.00
OI000359,O00169,P024,4,1750.00
OI000360,O00169,P016,3,468.00
OI000361,O00170,P023,1,310.00
OI000362,O00171,P034,1,342.00
OI000363,O00171,P012,1,410.00
OI000364,O00171,P018,1,351.00
OI000365,O00172,P023,1,263.50
OI000366,O00172,P007,3,1890.00
OI000367,O00173,P026,2,870.00
OI000368,O00173,P007,1,1890.00
OI000369,O00174,P004,1,1150.00
OI000370,O00174,P017,1,1320.00
OI000371,O00174,P028,1,760.00
OI000372,O00175,P002,1,3200.00
OI000373,O00175,P009,1,950.00
OI000374,O00176,P005,2,589.00
OI000375,O00177,P004,1,1150.00
OI000376,O00178,P035,1,2040.00
OI000377,O00178,P015,2,690.00
OI000378,O00178,P010,1,2337.50
OI000379,O00179,P037,3,684.00
OI000380,O00180,P012,1,410.00
OI000381,O00180,P004,1,1150.00
OI000382,O00181,P001,1,1450.00
OI000383,O00181,P011,3,1320.00
OI000384,O00181,P024,1,1750.00
OI000385,O00182,P026,2,870.00
OI000386,O00183,P027,4,990.00
OI000387,O00184,P004,3,1092.50
OI000388,O00184,P019,2,833.00
OI000389,O00184,P033,3,275.50
OI000390,O00184,P021,2,610.00
OI000391,O00185,P020,1,977.50
OI000392,O00186,P007,1,1890.00
OI000393,O00187,P001,1,1305.00
OI000394,O00187,P010,2,2750.00
OI000395,O00188,P005,2,558.00
OI000396,O00188,P018,1,292.50
OI000397,O00188,P001,2,1377.50
OI000398,O00188,P003,1,702.00
OI000399,O00189,P006,1,486.00
OI000400,O00190,P017,2,1402.50
OI000401,O00191,P018,1,390.00
OI000402,O00191,P003,1,741.00
OI000403,O00192,P031,1,450.00
OI000404,O00192,P004,1,1150.00
OI000405,O00192,P040,2,1782.00
OI000406,O00193,P031,1,450.00
OI000407,O00193,P038,3,180.50
OI000408,O00193,P010,2,2750.00
OI000409,O00194,P039,1,230.00
OI000410,O00194,P003,1,780.00
OI000411,O00194,P005,2,620.00
OI000412,O00195,P016,1,520.00
OI000413,O00195,P029,2,608.00
OI000414,O00196,P029,3,640.00
OI007119,O03491,P018,3,292.50
OI000415,O00197,P001,3,1450.00
OI000416,O00198,P015,1,690.00
OI000417,O00198,P003,2,780.00
OI000418,O00198,P020,2,1035.00
OI000419,O00199,P004,1,1035.00
OI000420,O00199,P024,2,1662.50
OI000421,O00200,P003,2,702.00
OI000422,O00200,P034,1,342.00
OI000423,O00201,P033,1,275.50
OI000424,O00201,P001,2,1377.50
OI000425,O00201,P029,1,608.00
OI000426,O00201,P017,1,1485.00
OI000427,O00202,P033,2,290.00
OI000428,O00203,P020,2,1035.00
OI000429,O00203,P030,1,209.00
OI000430,O00203,P005,1,620.00
OI000431,O00204,P017,1,1402.50
OI000432,O00205,P005,2,620.00
OI000433,O00205,P008,1,4600.00
OI000434,O00206,P005,1,620.00
OI000435,O00207,P021,1,518.50
OI000436,O00207,P037,1,648.00
OI000437,O00207,P024,1,1575.00
OI000438,O00207,P009,2,950.00
OI000439,O00208,P018,1,312.00
OI000440,O00208,P023,1,263.50
OI000441,O00209,P015,5,621.00
OI000442,O00209,P008,5,4600.00
OI000443,O00210,P015,1,690.00
OI000444,O00210,P035,2,2400.00
OI000445,O00211,P040,1,1782.00
OI000446,O00211,P023,1,310.00
OI000447,O00212,P011,1,1320.00
OI000448,O00212,P040,2,1980.00
OI000449,O00213,P021,1,610.00
OI000450,O00213,P010,1,2475.00
OI000451,O00213,P029,1,640.00
OI000452,O00213,P030,1,209.00
OI000453,O00214,P010,1,2475.00
OI000454,O00214,P025,3,280.00
OI000455,O00215,P036,1,330.00
OI000456,O00215,P024,1,1750.00
OI000457,O00216,P004,2,1150.00
OI000458,O00217,P020,1,920.00
OI000459,O00217,P017,2,1320.00
OI000460,O00217,P016,3,468.00
OI000461,O00218,P018,2,351.00
OI000462,O00219,P039,1,218.50
OI000463,O00220,P038,1,180.50
OI000464,O00221,P016,1,416.00
OI000465,O00222,P021,1,518.50
OI000466,O00222,P016,1,520.00
OI000467,O00222,P017,1,1320.00
OI000468,O00222,P004,1,1150.00
OI000469,O00223,P003,2,702.00
OI000470,O00223,P013,1,480.00
OI000471,O00223,P001,1,1450.00
OI000472,O00224,P039,1,230.00
OI002822,O01361,P024,1,1750.00
OI000473,O00225,P025,2,266.00
OI000474,O00225,P016,1,416.00
OI000475,O00225,P012,2,410.00
OI000476,O00225,P005,2,620.00
OI000477,O00226,P015,1,586.50
OI000478,O00226,P005,2,527.00
OI000479,O00227,P033,1,275.50
OI000480,O00227,P004,1,1150.00
OI000481,O00227,P027,1,990.00
OI000482,O00228,P005,1,620.00
OI000483,O00228,P038,2,171.00
OI000484,O00229,P005,1,558.00
OI000485,O00229,P015,1,621.00
OI000486,O00230,P013,2,456.00
OI000487,O00230,P034,1,360.00
OI000488,O00230,P001,1,1450.00
OI000489,O00230,P036,1,330.00
OI000490,O00231,P038,1,190.00
OI000491,O00232,P020,1,862.50
OI000492,O00232,P009,1,855.00
OI002306,O01113,P020,1,977.50
OI000493,O00232,P007,2,1890.00
OI000494,O00232,P023,1,310.00
OI000495,O00233,P038,1,190.00
OI000496,O00233,P031,2,450.00
OI001396,O00675,P001,1,1305.00
OI000497,O00234,P015,2,690.00
OI000498,O00235,P013,1,480.00
OI000499,O00235,P026,2,870.00
OI000500,O00236,P004,1,1035.00
OI000501,O00236,P010,1,2475.00
OI000502,O00237,P005,2,558.00
OI000503,O00238,P003,2,780.00
OI000504,O00238,P001,1,1305.00
OI000505,O00238,P033,1,275.50
OI000506,O00239,P012,4,410.00
OI000507,O00239,P004,2,1150.00
OI000508,O00240,P025,2,280.00
OI000509,O00240,P020,3,977.50
OI000510,O00241,P035,1,2280.00
OI000511,O00242,P018,1,312.00
OI000512,O00242,P016,3,442.00
OI000513,O00242,P001,3,1305.00
OI000514,O00243,P012,1,410.00
OI000515,O00243,P004,1,1150.00
OI000516,O00243,P035,1,2160.00
OI000517,O00244,P002,3,3200.00
OI000518,O00244,P025,1,280.00
OI000519,O00245,P002,2,3200.00
OI000520,O00245,P033,1,290.00
OI000521,O00246,P033,1,290.00
OI000522,O00247,P023,1,279.00
OI000523,O00247,P002,1,2880.00
OI000524,O00248,P015,1,621.00
OI000525,O00249,P020,2,862.50
OI000526,O00250,P016,1,520.00
OI000527,O00250,P024,1,1662.50
OI000528,O00251,P025,1,252.00
OI000529,O00251,P031,2,427.50
OI000530,O00252,P025,1,266.00
OI000531,O00252,P006,3,540.00
OI000532,O00253,P013,1,480.00
OI000533,O00253,P019,1,735.00
OI000534,O00254,P016,4,390.00
OI000535,O00254,P014,1,260.00
OI000536,O00254,P010,3,2475.00
OI000537,O00255,P016,1,520.00
OI000538,O00256,P037,1,648.00
OI000539,O00256,P034,1,360.00
OI000540,O00257,P008,1,4600.00
OI000541,O00258,P031,1,427.50
OI000542,O00258,P013,1,480.00
OI000543,O00259,P029,3,640.00
OI000544,O00259,P001,2,1450.00
OI000545,O00259,P027,1,990.00
OI000546,O00260,P030,2,220.00
OI000547,O00261,P017,2,1485.00
OI000548,O00262,P023,3,294.50
OI000549,O00262,P010,3,2337.50
OI000550,O00262,P040,3,1683.00
OI000551,O00263,P011,1,1320.00
OI000552,O00263,P003,1,702.00
OI000553,O00264,P015,1,690.00
OI000554,O00264,P004,4,1150.00
OI000555,O00264,P011,2,1188.00
OI000556,O00265,P026,1,870.00
OI000557,O00265,P011,1,1320.00
OI000558,O00265,P001,1,1305.00
OI000559,O00266,P021,2,457.50
OI000560,O00266,P002,3,2880.00
OI000561,O00266,P007,1,1795.50
OI000562,O00267,P016,3,520.00
OI000563,O00267,P023,2,279.00
OI000564,O00268,P011,1,1320.00
OI000565,O00269,P017,5,1320.00
OI000566,O00269,P020,2,920.00
OI000567,O00270,P039,1,218.50
OI000568,O00270,P009,3,902.50
OI000569,O00271,P038,2,180.50
OI000570,O00272,P017,3,1237.50
OI000571,O00272,P024,2,1750.00
OI000572,O00272,P009,5,950.00
OI000573,O00273,P016,1,468.00
OI000574,O00273,P024,1,1662.50
OI000575,O00274,P008,2,4600.00
OI000576,O00275,P001,1,1305.00
OI000577,O00276,P009,3,902.50
OI000578,O00277,P012,2,348.50
OI000579,O00277,P015,3,586.50
OI000580,O00277,P010,1,2750.00
OI000581,O00278,P020,2,1035.00
OI000582,O00279,P021,2,457.50
OI000583,O00280,P029,1,608.00
OI000584,O00281,P006,1,513.00
OI000585,O00281,P012,1,389.50
OI000586,O00282,P024,1,1750.00
OI000587,O00283,P015,1,655.50
OI000588,O00284,P019,2,833.00
OI000589,O00284,P010,1,2475.00
OI000590,O00284,P021,3,488.00
OI000591,O00285,P029,1,608.00
OI000592,O00285,P005,1,620.00
OI000593,O00285,P026,2,870.00
OI000594,O00285,P011,1,1320.00
OI000595,O00286,P034,1,342.00
OI000596,O00286,P024,2,1750.00
OI000597,O00286,P035,1,2400.00
OI000598,O00287,P002,3,3200.00
OI000599,O00288,P017,2,1650.00
OI000600,O00288,P035,3,2160.00
OI000601,O00288,P010,3,2612.50
OI000602,O00289,P003,3,780.00
OI000603,O00290,P008,3,4140.00
OI000604,O00290,P013,1,480.00
OI000605,O00291,P028,2,760.00
OI000606,O00291,P020,1,977.50
OI000607,O00292,P010,1,2612.50
OI000608,O00292,P001,2,1450.00
OI000609,O00292,P024,1,1575.00
OI000610,O00293,P024,1,1662.50
OI000611,O00293,P017,1,1485.00
OI000612,O00294,P038,2,171.00
OI000613,O00294,P025,1,280.00
OI000614,O00295,P024,1,1575.00
OI000615,O00295,P015,1,621.00
OI000616,O00296,P003,1,780.00
OI000617,O00296,P017,1,1402.50
OI000618,O00296,P011,1,1122.00
OI000619,O00296,P038,2,161.50
OI000620,O00297,P010,3,2612.50
OI000621,O00297,P003,2,780.00
OI000622,O00297,P017,1,1320.00
OI000623,O00298,P017,1,1237.50
OI000624,O00298,P030,1,220.00
OI000625,O00298,P020,1,920.00
OI000626,O00298,P024,1,1487.50
OI000627,O00299,P024,1,1750.00
OI000628,O00299,P006,1,540.00
OI000629,O00299,P004,1,1150.00
OI000630,O00300,P034,2,324.00
OI000631,O00300,P007,2,1795.50
OI000632,O00300,P020,1,920.00
OI000633,O00301,P019,2,980.00
OI000634,O00301,P003,1,780.00
OI000635,O00301,P027,2,990.00
OI000636,O00302,P011,2,1254.00
OI000637,O00302,P024,1,1575.00
OI000638,O00303,P012,3,410.00
OI000639,O00304,P025,1,238.00
OI000640,O00304,P009,1,902.50
OI000641,O00304,P027,3,841.50
OI000642,O00305,P023,2,294.50
OI000643,O00306,P023,1,310.00
OI000644,O00307,P012,1,389.50
OI000645,O00308,P024,1,1487.50
OI000646,O00309,P006,1,540.00
OI000647,O00309,P014,1,260.00
OI000648,O00309,P005,1,589.00
OI000649,O00309,P030,1,209.00
OI000650,O00310,P026,1,783.00
OI000651,O00310,P020,1,1035.00
OI000652,O00311,P026,2,870.00
OI000653,O00311,P024,1,1750.00
OI000654,O00312,P036,1,330.00
OI000655,O00312,P004,1,1150.00
OI000656,O00312,P001,2,1450.00
OI000657,O00313,P006,1,540.00
OI000658,O00313,P001,1,1450.00
OI000659,O00313,P012,3,348.50
OI000660,O00314,P026,2,870.00
OI000661,O00314,P002,3,3040.00
OI000662,O00314,P016,3,520.00
OI000663,O00315,P018,1,351.00
OI000664,O00315,P010,1,2612.50
OI000665,O00316,P024,2,1750.00
OI000666,O00317,P008,1,4370.00
OI000667,O00318,P014,2,260.00
OI000668,O00319,P002,4,3200.00
OI000669,O00319,P018,2,390.00
OI000670,O00320,P039,1,218.50
OI000671,O00321,P003,1,741.00
OI000672,O00322,P014,3,260.00
OI000673,O00322,P024,1,1750.00
OI000674,O00323,P027,1,891.00
OI000675,O00324,P024,4,1750.00
OI000676,O00324,P016,2,442.00
OI000677,O00325,P019,1,735.00
OI000678,O00325,P024,1,1662.50
OI000679,O00325,P017,3,1320.00
OI000680,O00325,P023,1,310.00
OI000681,O00326,P036,2,297.00
OI000682,O00326,P039,1,207.00
OI000683,O00326,P015,1,690.00
OI000684,O00327,P017,2,1650.00
OI000685,O00328,P017,1,1402.50
OI000686,O00329,P025,1,252.00
OI000687,O00329,P008,1,4600.00
OI000688,O00330,P031,1,450.00
OI000689,O00330,P014,1,260.00
OI000690,O00330,P033,1,290.00
OI000691,O00331,P024,1,1662.50
OI000692,O00331,P040,1,1980.00
OI000693,O00332,P039,2,207.00
OI000694,O00333,P004,1,1092.50
OI000695,O00333,P008,1,4370.00
OI000696,O00333,P023,1,310.00
OI000697,O00334,P009,1,902.50
OI000698,O00334,P007,1,1701.00
OI000699,O00335,P036,2,297.00
OI000700,O00335,P035,1,2160.00
OI000701,O00336,P031,1,382.50
OI000702,O00336,P017,1,1650.00
OI000703,O00337,P017,2,1650.00
OI000704,O00337,P038,1,190.00
OI000705,O00338,P024,1,1575.00
OI000706,O00338,P015,1,690.00
OI000707,O00339,P009,3,950.00
OI000708,O00340,P002,1,3200.00
OI000709,O00341,P005,1,620.00
OI000710,O00341,P026,1,826.50
OI000711,O00342,P007,2,1701.00
OI000712,O00343,P019,1,882.00
OI000713,O00343,P034,2,324.00
OI000714,O00343,P040,1,1881.00
OI000715,O00343,P010,1,2750.00
OI000716,O00344,P023,1,310.00
OI000717,O00344,P039,1,207.00
OI000718,O00345,P001,3,1450.00
OI000719,O00345,P005,2,620.00
OI000720,O00346,P021,2,610.00
OI000721,O00346,P010,2,2750.00
OI000722,O00346,P003,3,663.00
OI000723,O00347,P005,2,558.00
OI000724,O00347,P025,1,280.00
OI000725,O00348,P005,1,589.00
OI000726,O00348,P033,2,275.50
OI000727,O00349,P020,1,1035.00
OI000728,O00349,P017,1,1320.00
OI000729,O00349,P012,2,410.00
OI000730,O00350,P037,1,612.00
OI000731,O00350,P034,1,360.00
OI000732,O00350,P033,1,290.00
OI000733,O00351,P017,2,1237.50
OI000734,O00352,P013,1,480.00
OI000735,O00352,P006,1,540.00
OI000736,O00352,P002,1,2880.00
OI000737,O00353,P006,1,540.00
OI000738,O00353,P036,1,313.50
OI000739,O00354,P007,4,1795.50
OI000740,O00354,P008,3,4600.00
OI000741,O00355,P037,1,648.00
OI000742,O00355,P019,1,735.00
OI000743,O00356,P003,1,780.00
OI000744,O00356,P006,2,540.00
OI000745,O00356,P027,1,990.00
OI000746,O00357,P020,1,920.00
OI000747,O00358,P040,1,1782.00
OI000748,O00358,P002,1,3200.00
OI000749,O00358,P007,1,1890.00
OI000750,O00358,P001,1,1305.00
OI000751,O00359,P007,2,1890.00
OI000752,O00360,P010,1,2612.50
OI000753,O00361,P016,1,520.00
OI000754,O00361,P025,2,280.00
OI000755,O00361,P014,3,260.00
OI000756,O00362,P001,3,1450.00
OI000757,O00362,P018,1,351.00
OI000758,O00363,P015,1,690.00
OI000759,O00364,P017,1,1237.50
OI000760,O00364,P026,2,870.00
OI000761,O00365,P001,1,1450.00
OI000762,O00365,P008,1,4600.00
OI000763,O00365,P002,1,3200.00
OI000764,O00366,P040,3,1683.00
OI000765,O00366,P008,1,4600.00
OI000766,O00367,P016,2,520.00
OI000767,O00367,P018,1,351.00
OI000768,O00367,P012,1,410.00
OI000769,O00368,P016,2,442.00
OI000770,O00368,P006,3,459.00
OI000771,O00368,P023,2,279.00
OI000772,O00369,P018,1,331.50
OI000773,O00370,P038,1,190.00
OI000774,O00370,P016,2,468.00
OI000775,O00371,P019,1,833.00
OI000776,O00371,P003,1,663.00
OI000777,O00372,P021,1,518.50
OI000778,O00373,P035,2,2400.00
OI000779,O00373,P026,1,870.00
OI000780,O00374,P016,1,390.00
OI000781,O00374,P002,1,3200.00
OI000782,O00374,P023,1,279.00
OI000783,O00374,P036,1,297.00
OI000784,O00375,P017,2,1402.50
OI000785,O00375,P008,1,4140.00
OI000786,O00375,P015,1,690.00
OI000787,O00375,P004,2,1035.00
OI000788,O00376,P016,1,416.00
OI000789,O00377,P019,1,784.00
OI000790,O00377,P005,1,620.00
OI000791,O00378,P020,1,1150.00
OI000792,O00379,P040,2,1782.00
OI000793,O00380,P027,1,990.00
OI000794,O00380,P017,1,1320.00
OI000795,O00380,P001,1,1305.00
OI000796,O00380,P021,1,610.00
OI000797,O00381,P013,1,456.00
OI000798,O00381,P010,1,2337.50
OI000799,O00382,P004,1,1150.00
OI000800,O00382,P034,1,324.00
OI000801,O00382,P025,2,266.00
OI000802,O00383,P015,2,690.00
OI000803,O00383,P011,2,1188.00
OI000804,O00384,P023,1,310.00
OI000805,O00385,P038,1,171.00
OI000806,O00385,P019,1,735.00
OI000807,O00386,P029,1,640.00
OI000808,O00386,P016,1,416.00
OI000809,O00387,P030,2,209.00
OI000810,O00388,P036,1,330.00
OI000811,O00389,P003,4,663.00
OI000812,O00389,P005,1,527.00
OI000813,O00390,P020,2,977.50
OI000814,O00391,P016,2,520.00
OI000815,O00391,P036,3,280.50
OI000816,O00391,P018,3,312.00
OI000817,O00391,P011,3,1122.00
OI000818,O00392,P015,1,690.00
OI000819,O00392,P020,1,920.00
OI000820,O00393,P017,1,1485.00
OI000821,O00393,P005,1,620.00
OI000822,O00394,P031,2,450.00
OI000823,O00394,P024,1,1662.50
OI000824,O00395,P001,1,1305.00
OI000825,O00396,P025,1,266.00
OI000826,O00397,P001,1,1450.00
OI000827,O00398,P016,1,390.00
OI000828,O00399,P039,1,230.00
OI000829,O00399,P037,1,720.00
OI000830,O00399,P023,1,263.50
OI000831,O00400,P026,1,783.00
OI000832,O00401,P011,1,1320.00
OI000833,O00401,P005,1,589.00
OI000834,O00401,P031,1,427.50
OI000835,O00401,P003,1,702.00
OI000836,O00402,P024,1,1750.00
OI000837,O00402,P028,2,760.00
OI000838,O00403,P017,2,1402.50
OI000839,O00403,P008,1,4140.00
OI000840,O00403,P001,3,1450.00
OI000841,O00403,P026,1,870.00
OI000842,O00404,P016,3,442.00
OI000843,O00404,P017,3,1485.00
OI000844,O00404,P020,1,862.50
OI000845,O00404,P025,3,238.00
OI000846,O00405,P015,1,621.00
OI000847,O00405,P029,2,608.00
OI000848,O00406,P039,1,230.00
OI000849,O00407,P018,1,331.50
OI000850,O00408,P014,1,247.00
OI000851,O00408,P015,1,690.00
OI000852,O00409,P040,1,1980.00
OI000853,O00410,P023,1,310.00
OI000854,O00410,P025,2,280.00
OI000855,O00411,P004,1,1092.50
OI000856,O00412,P010,2,2750.00
OI000857,O00412,P025,1,280.00
OI000858,O00413,P004,1,1150.00
OI000859,O00414,P033,1,275.50
OI000860,O00414,P015,1,621.00
OI000861,O00415,P002,2,2880.00
OI000862,O00415,P027,1,990.00
OI000863,O00415,P026,1,870.00
OI000864,O00416,P019,1,735.00
OI000865,O00417,P004,2,1150.00
OI000866,O00418,P003,1,780.00
OI000867,O00418,P031,1,450.00
OI000868,O00418,P016,1,468.00
OI000869,O00419,P020,2,977.50
OI000870,O00420,P008,1,4600.00
OI000871,O00420,P039,1,230.00
OI000872,O00420,P019,2,784.00
OI000873,O00420,P003,2,780.00
OI000874,O00421,P002,1,3040.00
OI000875,O00421,P007,1,1701.00
OI000876,O00422,P013,2,480.00
OI000877,O00422,P007,1,1606.50
OI000878,O00423,P002,1,3200.00
OI000879,O00424,P010,1,2475.00
OI000880,O00425,P017,1,1650.00
OI000881,O00426,P006,1,540.00
OI000882,O00426,P026,1,870.00
OI000883,O00427,P014,1,260.00
OI000884,O00427,P018,3,390.00
OI000885,O00427,P031,2,450.00
OI000886,O00427,P017,1,1402.50
OI000887,O00428,P030,1,209.00
OI000888,O00428,P004,1,1150.00
OI000889,O00429,P010,1,2475.00
OI000890,O00429,P007,1,1701.00
OI000891,O00430,P033,1,275.50
OI000892,O00430,P012,1,410.00
OI000893,O00430,P003,1,780.00
OI000894,O00431,P016,2,442.00
OI000895,O00432,P002,1,3200.00
OI000896,O00433,P017,3,1320.00
OI000897,O00433,P025,1,266.00
OI000898,O00433,P001,2,1450.00
OI000899,O00434,P012,1,369.00
OI000900,O00434,P004,1,1035.00
OI000901,O00435,P007,1,1890.00
OI000902,O00435,P024,1,1750.00
OI000903,O00436,P010,1,2612.50
OI000904,O00436,P017,1,1485.00
OI000905,O00437,P021,1,457.50
OI000906,O00438,P008,1,4600.00
OI000907,O00439,P007,1,1795.50
OI000908,O00439,P036,1,297.00
OI000909,O00439,P040,3,1782.00
OI000910,O00440,P024,1,1575.00
OI000911,O00440,P037,3,720.00
OI000912,O00440,P015,1,621.00
OI000913,O00440,P011,1,1320.00
OI000914,O00441,P007,1,1890.00
OI000915,O00441,P036,3,313.50
OI000916,O00442,P008,2,4600.00
OI000917,O00442,P009,3,950.00
OI000918,O00442,P002,4,3200.00
OI000919,O00442,P013,2,408.00
OI000920,O00443,P015,1,690.00
OI000921,O00444,P020,2,920.00
OI000922,O00444,P039,2,207.00
OI000923,O00445,P001,3,1305.00
OI000924,O00445,P035,1,2280.00
OI000925,O00446,P025,1,252.00
OI002025,O00972,P008,1,4600.00
OI000926,O00446,P002,1,3200.00
OI000927,O00447,P034,1,324.00
OI000928,O00448,P008,1,4370.00
OI000929,O00448,P023,3,279.00
OI000930,O00449,P027,1,841.50
OI000931,O00449,P019,2,784.00
OI000932,O00450,P017,1,1237.50
OI000933,O00450,P001,1,1232.50
OI000934,O00451,P008,2,4600.00
OI000935,O00451,P004,1,977.50
OI000936,O00451,P023,1,310.00
OI000937,O00451,P017,1,1402.50
OI000938,O00452,P037,4,648.00
OI000939,O00452,P010,2,2750.00
OI000940,O00453,P010,1,2750.00
OI000941,O00454,P031,2,450.00
OI000942,O00455,P002,3,3200.00
OI000943,O00455,P011,3,1320.00
OI000944,O00456,P038,1,180.50
OI000945,O00456,P017,2,1650.00
OI000946,O00457,P018,2,292.50
OI000947,O00457,P020,1,862.50
OI000948,O00457,P025,2,238.00
OI000949,O00457,P034,2,342.00
OI000950,O00458,P002,2,3200.00
OI000951,O00458,P017,3,1485.00
OI000952,O00458,P023,1,310.00
OI000953,O00458,P029,1,608.00
OI000954,O00459,P018,3,312.00
OI000955,O00460,P039,4,207.00
OI000956,O00461,P001,1,1450.00
OI000957,O00462,P004,2,1035.00
OI000958,O00463,P016,1,468.00
OI000959,O00463,P024,2,1575.00
OI000960,O00463,P020,1,1150.00
OI000961,O00464,P034,1,360.00
OI000962,O00464,P005,2,589.00
OI000963,O00464,P003,1,663.00
OI000964,O00465,P025,1,266.00
OI000965,O00466,P011,1,1254.00
OI000966,O00466,P005,1,589.00
OI000967,O00466,P001,1,1305.00
OI000968,O00467,P025,1,280.00
OI000969,O00467,P020,1,862.50
OI000970,O00468,P026,3,783.00
OI000971,O00469,P021,1,518.50
OI000972,O00469,P005,1,620.00
OI000973,O00469,P038,1,180.50
OI000974,O00470,P011,4,1188.00
OI000975,O00470,P027,2,990.00
OI000976,O00471,P014,1,221.00
OI000977,O00471,P017,1,1402.50
OI000978,O00471,P019,2,735.00
OI000979,O00472,P017,3,1320.00
OI000980,O00472,P010,1,2475.00
OI000981,O00472,P023,1,294.50
OI000982,O00472,P005,3,620.00
OI000983,O00473,P024,1,1750.00
OI000984,O00474,P027,1,990.00
OI000985,O00474,P010,2,2750.00
OI000986,O00474,P003,1,780.00
OI000987,O00475,P021,2,610.00
OI000988,O00476,P040,2,1683.00
OI000989,O00476,P033,2,246.50
OI000990,O00476,P013,1,408.00
OI000991,O00477,P005,1,558.00
OI000992,O00477,P023,1,263.50
OI000993,O00477,P015,1,586.50
OI000994,O00478,P024,1,1662.50
OI000995,O00478,P027,1,891.00
OI000996,O00478,P005,1,558.00
OI000997,O00478,P002,1,3040.00
OI000998,O00479,P027,1,940.50
OI000999,O00479,P001,1,1232.50
OI001000,O00479,P010,1,2750.00
OI001001,O00480,P003,1,780.00
OI001002,O00480,P014,1,247.00
OI001003,O00480,P017,2,1485.00
OI001004,O00480,P025,3,280.00
OI001005,O00481,P010,1,2750.00
OI001006,O00482,P025,1,238.00
OI001007,O00483,P009,2,902.50
OI001008,O00483,P024,1,1575.00
OI001009,O00484,P005,2,527.00
OI001010,O00484,P012,1,348.50
OI001011,O00484,P010,1,2612.50
OI001012,O00485,P040,1,1980.00
OI001013,O00485,P034,1,342.00
OI001014,O00486,P034,1,342.00
OI001015,O00486,P024,1,1750.00
OI001016,O00486,P001,1,1377.50
OI001017,O00486,P014,1,234.00
OI001018,O00487,P035,4,2160.00
OI001019,O00488,P001,3,1450.00
OI001020,O00488,P015,2,690.00
OI001021,O00488,P010,1,2612.50
OI001022,O00489,P001,2,1450.00
OI001023,O00490,P004,3,1092.50
OI001024,O00491,P023,1,294.50
OI001025,O00491,P027,3,891.00
OI001026,O00492,P002,3,3040.00
OI001027,O00493,P008,1,4600.00
OI001028,O00493,P025,1,266.00
OI001029,O00494,P021,1,488.00
OI001030,O00495,P040,1,1881.00
OI001031,O00495,P038,1,171.00
OI001032,O00495,P018,2,351.00
OI001033,O00496,P023,3,279.00
OI001034,O00497,P001,1,1450.00
OI001035,O00498,P025,1,280.00
OI001036,O00498,P009,1,902.50
OI001037,O00498,P029,2,640.00
OI001038,O00498,P034,1,360.00
OI001039,O00499,P020,2,1150.00
OI001040,O00499,P033,2,290.00
OI001041,O00500,P010,1,2750.00
OI001042,O00501,P025,1,280.00
OI001043,O00501,P009,1,950.00
OI001044,O00501,P010,2,2750.00
OI001045,O00501,P040,1,1980.00
OI001046,O00502,P017,2,1320.00
OI001047,O00502,P025,4,238.00
OI001048,O00503,P002,1,2880.00
OI001049,O00504,P027,1,940.50
OI001050,O00504,P015,3,690.00
OI001051,O00504,P010,4,2475.00
OI001052,O00505,P009,4,950.00
OI001053,O00506,P017,2,1237.50
OI001054,O00507,P038,2,190.00
OI001055,O00507,P004,1,1150.00
OI001056,O00508,P018,3,351.00
OI001057,O00508,P021,1,457.50
OI001058,O00509,P015,1,621.00
OI001059,O00509,P003,1,780.00
OI001060,O00510,P031,1,450.00
OI001061,O00510,P030,1,220.00
OI001062,O00510,P019,2,735.00
OI001063,O00511,P038,1,171.00
OI001064,O00511,P016,1,442.00
OI001065,O00511,P002,1,3200.00
OI001066,O00512,P004,1,1150.00
OI001067,O00513,P007,2,1606.50
OI001068,O00514,P001,1,1450.00
OI001069,O00515,P008,1,4600.00
OI001070,O00516,P021,2,518.50
OI001071,O00516,P003,1,702.00
OI001072,O00516,P037,1,648.00
OI001073,O00516,P038,1,171.00
OI001074,O00517,P034,1,342.00
OI001075,O00517,P014,2,260.00
OI001076,O00517,P011,1,1188.00
OI001077,O00518,P024,1,1662.50
OI001078,O00518,P005,1,589.00
OI001079,O00519,P039,1,230.00
OI001080,O00519,P011,2,1188.00
OI001081,O00520,P001,1,1305.00
OI001082,O00520,P038,1,171.00
OI001083,O00521,P016,1,390.00
OI001084,O00522,P028,3,722.00
OI001085,O00523,P039,1,218.50
OI001086,O00523,P004,1,1092.50
OI001087,O00524,P017,1,1320.00
OI001088,O00524,P033,1,275.50
OI001089,O00525,P004,2,1092.50
OI001090,O00526,P034,1,306.00
OI001091,O00526,P005,2,527.00
OI001092,O00526,P015,3,690.00
OI001093,O00527,P029,1,608.00
OI001094,O00528,P025,1,252.00
OI001095,O00528,P003,1,780.00
OI001096,O00529,P035,1,2040.00
OI001097,O00530,P025,4,252.00
OI001098,O00531,P023,1,310.00
OI001099,O00531,P024,1,1750.00
OI001100,O00532,P013,2,480.00
OI001101,O00532,P011,1,1320.00
OI001102,O00533,P015,3,690.00
OI001103,O00534,P016,1,520.00
OI001104,O00534,P023,1,310.00
OI001105,O00535,P023,1,294.50
OI001106,O00535,P040,2,1980.00
OI001107,O00535,P005,1,620.00
OI001108,O00535,P016,1,390.00
OI001109,O00536,P017,1,1650.00
OI001110,O00536,P010,1,2612.50
OI001111,O00537,P004,5,1035.00
OI001112,O00537,P003,2,702.00
OI001113,O00538,P039,2,230.00
OI001114,O00538,P019,1,784.00
OI001115,O00539,P008,3,4370.00
OI001116,O00539,P003,1,780.00
OI001117,O00539,P011,2,1320.00
OI001118,O00540,P001,3,1450.00
OI001119,O00540,P017,1,1402.50
OI001120,O00541,P025,2,280.00
OI001121,O00542,P029,1,640.00
OI001122,O00543,P017,1,1650.00
OI001123,O00544,P003,1,702.00
OI001124,O00545,P017,1,1402.50
OI001125,O00545,P003,2,780.00
OI001126,O00546,P017,1,1320.00
OI001127,O00546,P016,2,390.00
OI001128,O00547,P011,1,1254.00
OI001129,O00547,P027,2,990.00
OI001130,O00548,P039,1,218.50
OI001131,O00549,P006,1,540.00
OI001132,O00549,P035,1,2280.00
OI001133,O00550,P003,1,780.00
OI001134,O00551,P040,1,1683.00
OI001135,O00551,P003,3,663.00
OI001136,O00552,P012,1,410.00
OI001137,O00552,P020,1,1150.00
OI001138,O00553,P036,1,313.50
OI001139,O00553,P013,3,456.00
OI001140,O00553,P026,1,783.00
OI001141,O00553,P027,2,891.00
OI001142,O00554,P024,1,1575.00
OI001143,O00555,P024,3,1575.00
OI001144,O00555,P025,3,280.00
OI001145,O00555,P014,1,247.00
OI001146,O00556,P010,1,2612.50
OI001147,O00556,P035,1,2400.00
OI001148,O00557,P003,1,702.00
OI001149,O00558,P003,4,780.00
OI001150,O00558,P027,3,841.50
OI001151,O00558,P021,2,610.00
OI001152,O00558,P035,3,2160.00
OI001153,O00559,P017,3,1485.00
OI001154,O00559,P002,1,3040.00
OI001155,O00560,P008,1,4600.00
OI001156,O00560,P021,2,549.00
OI001157,O00561,P007,1,1701.00
OI001158,O00562,P033,2,290.00
OI001159,O00563,P005,2,589.00
OI001160,O00563,P024,2,1750.00
OI001161,O00563,P001,1,1450.00
OI001162,O00564,P002,1,2720.00
OI001163,O00564,P001,1,1450.00
OI001164,O00564,P020,2,977.50
OI001165,O00565,P011,1,1188.00
OI001166,O00565,P013,1,456.00
OI001167,O00565,P001,1,1450.00
OI001168,O00565,P035,1,2160.00
OI001169,O00566,P007,1,1795.50
OI001170,O00566,P030,2,209.00
OI001171,O00566,P001,1,1450.00
OI001172,O00566,P024,1,1750.00
OI001173,O00567,P027,1,990.00
OI001174,O00568,P013,3,432.00
OI001175,O00569,P031,1,450.00
OI001176,O00569,P017,1,1320.00
OI001177,O00569,P004,1,1150.00
OI001178,O00569,P013,2,480.00
OI001179,O00570,P040,1,1782.00
OI001180,O00570,P004,1,1035.00
OI001181,O00570,P019,1,784.00
OI001182,O00571,P039,3,230.00
OI001183,O00571,P020,3,862.50
OI001184,O00572,P023,4,279.00
OI001185,O00573,P033,3,290.00
OI001186,O00573,P029,1,544.00
OI001187,O00574,P020,1,920.00
OI001188,O00575,P018,1,312.00
OI001189,O00575,P007,2,1795.50
OI001190,O00576,P024,1,1750.00
OI001191,O00576,P038,3,171.00
OI001192,O00577,P039,2,218.50
OI001193,O00577,P003,1,702.00
OI001194,O00577,P015,3,621.00
OI001195,O00578,P004,2,1035.00
OI001196,O00578,P025,2,280.00
OI001197,O00578,P020,2,1035.00
OI001198,O00579,P015,1,655.50
OI001199,O00579,P012,1,389.50
OI001200,O00579,P010,1,2475.00
OI001201,O00580,P001,1,1377.50
OI001202,O00581,P017,1,1650.00
OI001203,O00581,P020,2,1035.00
OI001204,O00581,P021,1,610.00
OI001205,O00582,P016,1,468.00
OI001206,O00582,P038,1,180.50
OI001207,O00583,P005,1,620.00
OI001208,O00583,P018,1,331.50
OI001209,O00583,P003,1,780.00
OI001210,O00584,P004,1,1035.00
OI001211,O00585,P005,1,589.00
OI001212,O00586,P010,2,2612.50
OI001213,O00587,P017,2,1485.00
OI001214,O00588,P003,1,741.00
OI001215,O00588,P005,2,620.00
OI001216,O00588,P024,2,1575.00
OI001217,O00589,P026,2,783.00
OI001218,O00589,P021,2,610.00
OI001219,O00590,P025,2,280.00
OI001220,O00590,P010,1,2612.50
OI001221,O00591,P023,3,294.50
OI001222,O00591,P013,4,480.00
OI001223,O00591,P036,3,280.50
OI001224,O00591,P001,2,1232.50
OI001225,O00592,P009,2,855.00
OI001226,O00592,P024,2,1750.00
OI001227,O00593,P035,1,2400.00
OI001228,O00593,P008,1,4600.00
OI001229,O00594,P010,1,2337.50
OI001230,O00594,P039,1,218.50
OI001231,O00594,P035,2,2040.00
OI001232,O00595,P003,1,702.00
OI001233,O00596,P039,1,230.00
OI001234,O00596,P020,2,1035.00
OI001235,O00597,P024,2,1662.50
OI001236,O00597,P017,2,1320.00
OI001237,O00598,P003,1,780.00
OI001238,O00599,P015,2,690.00
OI001239,O00599,P003,1,780.00
OI001240,O00600,P002,4,3200.00
OI001241,O00600,P019,4,735.00
OI001242,O00600,P004,2,1150.00
OI001243,O00601,P010,1,2612.50
OI001244,O00601,P036,1,313.50
OI001245,O00601,P009,1,950.00
OI001246,O00602,P026,1,783.00
OI001247,O00602,P005,1,589.00
OI001248,O00603,P027,1,990.00
OI001249,O00603,P007,1,1606.50
OI001250,O00604,P012,1,410.00
OI001251,O00604,P009,1,950.00
OI001252,O00605,P017,1,1237.50
OI001253,O00605,P020,2,862.50
OI001254,O00606,P017,1,1320.00
OI001255,O00607,P033,1,290.00
OI001256,O00608,P006,1,540.00
OI001257,O00608,P003,2,663.00
OI001258,O00609,P020,2,977.50
OI001259,O00610,P018,2,312.00
OI001260,O00610,P020,1,862.50
OI001261,O00610,P021,1,518.50
OI001262,O00610,P012,1,410.00
OI001263,O00611,P024,2,1750.00
OI001264,O00611,P003,3,780.00
OI001265,O00611,P023,1,310.00
OI001266,O00612,P039,1,195.50
OI001267,O00612,P002,1,3200.00
OI001268,O00613,P003,3,741.00
OI001269,O00614,P037,1,648.00
OI001270,O00615,P033,2,290.00
OI001271,O00616,P023,2,263.50
OI001272,O00617,P003,1,780.00
OI001273,O00617,P024,1,1487.50
OI001274,O00617,P040,1,1881.00
OI001275,O00618,P011,3,1320.00
OI001276,O00619,P025,2,280.00
OI001277,O00619,P005,2,589.00
OI001278,O00620,P016,2,442.00
OI001279,O00620,P020,3,977.50
OI001280,O00620,P015,3,690.00
OI001281,O00620,P013,1,480.00
OI001282,O00621,P024,1,1575.00
OI001283,O00621,P033,1,275.50
OI001284,O00621,P007,1,1701.00
OI001285,O00621,P001,1,1450.00
OI001286,O00622,P001,1,1450.00
OI001287,O00623,P001,1,1450.00
OI001288,O00624,P001,1,1232.50
OI001289,O00624,P011,1,1122.00
OI001290,O00625,P036,1,313.50
OI001291,O00625,P011,1,1320.00
OI001292,O00625,P008,2,4140.00
OI001293,O00625,P001,1,1377.50
OI001294,O00626,P007,1,1890.00
OI001295,O00626,P023,1,294.50
OI001296,O00626,P025,1,280.00
OI001297,O00626,P024,1,1575.00
OI001298,O00627,P024,4,1750.00
OI001299,O00627,P006,1,486.00
OI001300,O00627,P010,1,2475.00
OI001301,O00628,P017,1,1402.50
OI001302,O00628,P020,1,977.50
OI001303,O00629,P036,1,280.50
OI001304,O00629,P003,1,741.00
OI001305,O00629,P012,3,348.50
OI001306,O00630,P019,1,833.00
OI001307,O00630,P003,1,780.00
OI001308,O00631,P011,1,1320.00
OI001309,O00631,P001,2,1450.00
OI001310,O00632,P016,2,442.00
OI001311,O00633,P010,3,2750.00
OI001312,O00633,P001,3,1450.00
OI001313,O00634,P020,1,977.50
OI001314,O00634,P005,3,589.00
OI001315,O00635,P004,3,1150.00
OI001316,O00636,P007,1,1890.00
OI001317,O00636,P026,3,826.50
OI001318,O00637,P034,1,324.00
OI001319,O00637,P009,1,855.00
OI001320,O00638,P027,1,891.00
OI001321,O00639,P007,3,1890.00
OI001322,O00639,P024,2,1750.00
OI001323,O00640,P025,1,252.00
OI001324,O00640,P006,2,513.00
OI001325,O00640,P001,1,1232.50
OI001326,O00640,P005,1,527.00
OI001327,O00641,P018,4,390.00
OI001328,O00641,P015,4,690.00
OI001329,O00641,P029,3,608.00
OI001330,O00642,P034,1,342.00
OI001331,O00642,P026,2,826.50
OI001332,O00642,P025,3,280.00
OI001333,O00643,P002,1,3200.00
OI001334,O00643,P010,3,2750.00
OI001335,O00643,P003,1,780.00
OI001336,O00644,P024,1,1750.00
OI001337,O00644,P028,1,760.00
OI001338,O00645,P015,1,690.00
OI001339,O00645,P009,1,855.00
OI001340,O00646,P005,2,620.00
OI001341,O00647,P017,1,1485.00
OI001342,O00647,P034,1,342.00
OI001343,O00648,P004,3,1150.00
OI001344,O00648,P036,1,297.00
OI001345,O00649,P004,3,1092.50
OI001346,O00649,P039,1,230.00
OI001347,O00650,P017,1,1650.00
OI001348,O00650,P028,1,760.00
OI001349,O00651,P015,1,690.00
OI001350,O00651,P024,1,1662.50
OI001351,O00651,P002,1,3200.00
OI001352,O00651,P034,1,342.00
OI001353,O00652,P002,1,3200.00
OI001354,O00653,P008,1,4600.00
OI001355,O00653,P004,3,1150.00
OI001356,O00654,P019,1,882.00
OI001357,O00655,P009,1,855.00
OI001358,O00656,P035,4,2280.00
OI001359,O00657,P026,1,870.00
OI001360,O00657,P024,1,1662.50
OI001361,O00658,P010,2,2750.00
OI001362,O00658,P014,1,260.00
OI001363,O00659,P037,1,684.00
OI001364,O00660,P011,1,1320.00
OI001365,O00660,P017,1,1402.50
OI001366,O00661,P010,1,2750.00
OI001367,O00662,P027,1,940.50
OI001368,O00662,P001,2,1450.00
OI001369,O00662,P007,1,1795.50
OI001370,O00662,P016,1,520.00
OI001371,O00663,P002,3,2880.00
OI001372,O00663,P016,1,468.00
OI001373,O00663,P018,5,331.50
OI001374,O00663,P023,3,310.00
OI001375,O00664,P036,1,280.50
OI001376,O00665,P004,1,1150.00
OI001377,O00665,P028,1,760.00
OI001378,O00666,P001,1,1450.00
OI001379,O00667,P012,2,410.00
OI001380,O00668,P005,1,589.00
OI001381,O00669,P001,1,1305.00
OI001382,O00669,P004,1,1035.00
OI001383,O00669,P010,3,2475.00
OI001384,O00669,P031,1,427.50
OI001385,O00670,P004,1,1150.00
OI001386,O00670,P008,1,3910.00
OI001387,O00670,P005,1,558.00
OI001388,O00671,P014,1,234.00
OI001389,O00672,P015,1,690.00
OI001390,O00672,P008,1,4370.00
OI001391,O00673,P019,2,784.00
OI001392,O00673,P034,2,360.00
OI001393,O00673,P024,1,1575.00
OI001394,O00674,P017,1,1485.00
OI001395,O00674,P001,1,1377.50
OI001396,O00675,P001,1,1305.00
OI001397,O00676,P001,1,1450.00
OI001398,O00677,P027,1,990.00
OI001399,O00677,P039,1,218.50
OI001400,O00678,P015,1,655.50
OI001401,O00678,P004,1,1150.00
OI001402,O00678,P003,2,702.00
OI001403,O00679,P002,1,2880.00
OI001404,O00680,P027,1,940.50
OI001405,O00680,P015,1,690.00
OI001406,O00681,P006,1,486.00
OI001407,O00682,P039,1,230.00
OI001408,O00683,P036,3,297.00
OI001409,O00683,P006,1,540.00
OI001410,O00683,P030,3,220.00
OI001411,O00683,P002,3,2880.00
OI001412,O00684,P005,1,589.00
OI001413,O00684,P026,1,870.00
OI001414,O00685,P003,1,780.00
OI001415,O00685,P005,1,558.00
OI001416,O00685,P020,1,1035.00
OI001417,O00686,P025,1,252.00
OI001418,O00687,P033,1,275.50
OI001419,O00688,P040,1,1980.00
OI001420,O00688,P017,2,1650.00
OI001421,O00689,P006,2,486.00
OI001422,O00689,P002,3,3200.00
OI001423,O00689,P023,2,279.00
OI001424,O00690,P018,2,292.50
OI001425,O00690,P011,1,1254.00
OI001426,O00690,P040,1,1980.00
OI001427,O00691,P020,1,977.50
OI001428,O00691,P010,1,2750.00
OI001429,O00692,P027,1,891.00
OI001430,O00692,P011,1,1320.00
OI001431,O00693,P010,1,2750.00
OI001432,O00694,P001,1,1450.00
OI001433,O00695,P028,1,722.00
OI001434,O00695,P005,1,558.00
OI001435,O00696,P002,1,3200.00
OI001436,O00697,P039,3,195.50
OI001437,O00697,P025,2,280.00
OI001438,O00697,P006,3,540.00
OI001439,O00697,P007,2,1606.50
OI001440,O00698,P001,2,1450.00
OI001441,O00698,P029,1,640.00
OI001442,O00698,P020,2,977.50
OI001443,O00699,P002,1,3200.00
OI001444,O00700,P001,2,1450.00
OI001445,O00700,P003,1,780.00
OI001446,O00700,P023,2,294.50
OI001447,O00701,P038,1,180.50
OI001448,O00702,P009,2,950.00
OI001449,O00702,P003,1,741.00
OI001450,O00703,P001,2,1450.00
OI001451,O00703,P024,1,1750.00
OI001452,O00704,P015,1,690.00
OI001453,O00704,P003,1,702.00
OI001454,O00704,P016,1,442.00
OI001455,O00705,P034,1,324.00
OI001456,O00706,P012,1,410.00
OI001457,O00707,P019,1,882.00
OI001458,O00707,P020,2,1035.00
OI001459,O00707,P011,1,1320.00
OI001460,O00707,P016,1,520.00
OI001461,O00708,P024,4,1575.00
OI001462,O00708,P021,1,610.00
OI001463,O00709,P009,3,902.50
OI001464,O00710,P029,3,640.00
OI001465,O00710,P038,1,180.50
OI001466,O00710,P010,2,2750.00
OI001467,O00711,P010,1,2750.00
OI001468,O00711,P009,1,950.00
OI001469,O00711,P034,1,360.00
OI001470,O00711,P005,1,558.00
OI001471,O00712,P003,1,741.00
OI001472,O00712,P028,2,760.00
OI001473,O00713,P005,1,620.00
OI001474,O00713,P030,1,209.00
OI001475,O00714,P029,2,608.00
OI001476,O00714,P010,1,2750.00
OI001477,O00714,P011,1,1188.00
OI001478,O00714,P036,2,330.00
OI001479,O00715,P003,2,780.00
OI001480,O00715,P015,1,621.00
OI001481,O00715,P018,1,351.00
OI001482,O00715,P005,1,620.00
OI001483,O00716,P018,3,351.00
OI001484,O00716,P017,5,1320.00
OI001485,O00716,P028,1,760.00
OI001486,O00717,P036,1,297.00
OI001487,O00718,P033,1,290.00
OI001488,O00718,P021,3,610.00
OI001489,O00718,P016,1,390.00
OI001490,O00719,P004,1,1092.50
OI001491,O00719,P008,1,4140.00
OI001492,O00719,P029,1,640.00
OI001493,O00720,P023,1,310.00
OI001494,O00720,P009,2,855.00
OI001495,O00721,P007,1,1701.00
OI001496,O00721,P003,2,780.00
OI001497,O00721,P025,1,280.00
OI001498,O00721,P024,2,1750.00
OI001499,O00722,P008,1,4600.00
OI001500,O00722,P013,2,456.00
OI001501,O00723,P001,1,1450.00
OI001502,O00723,P018,1,331.50
OI001503,O00723,P039,2,195.50
OI001504,O00723,P005,1,620.00
OI001505,O00724,P002,1,3200.00
OI001506,O00725,P003,2,780.00
OI001507,O00725,P033,2,275.50
OI001508,O00725,P019,1,735.00
OI001509,O00726,P001,3,1450.00
OI001510,O00726,P031,1,450.00
OI001511,O00726,P026,1,870.00
OI001512,O00727,P027,3,990.00
OI004871,O02376,P025,1,252.00
OI001513,O00728,P016,3,468.00
OI001514,O00729,P009,2,950.00
OI001515,O00729,P025,1,238.00
OI001516,O00729,P010,1,2750.00
OI001517,O00729,P037,1,684.00
OI001518,O00730,P017,3,1650.00
OI001519,O00731,P040,1,1881.00
OI001520,O00731,P005,1,620.00
OI001521,O00732,P002,1,3040.00
OI001522,O00733,P018,1,292.50
OI001523,O00733,P012,2,389.50
OI001524,O00734,P036,3,330.00
OI001525,O00735,P008,2,4600.00
OI001526,O00735,P014,1,221.00
OI001527,O00735,P002,1,2720.00
OI001528,O00736,P027,1,940.50
OI001529,O00736,P002,1,2880.00
OI001530,O00737,P012,1,410.00
OI001531,O00737,P017,1,1237.50
OI001532,O00738,P003,2,702.00
OI001533,O00739,P009,1,950.00
OI001534,O00739,P017,1,1402.50
OI001535,O00739,P001,2,1450.00
OI001536,O00739,P018,1,351.00
OI001537,O00740,P001,1,1450.00
OI001538,O00740,P007,1,1606.50
OI001539,O00740,P011,1,1320.00
OI001540,O00741,P010,2,2750.00
OI001541,O00741,P026,3,870.00
OI001542,O00742,P011,1,1254.00
OI001543,O00743,P024,1,1750.00
OI001544,O00744,P002,2,3200.00
OI001545,O00745,P036,2,330.00
OI001546,O00745,P011,1,1320.00
OI001547,O00745,P015,1,690.00
OI001548,O00745,P009,1,950.00
OI001549,O00746,P028,1,722.00
OI001550,O00746,P034,1,360.00
OI001551,O00746,P008,3,4600.00
OI001552,O00746,P029,1,640.00
OI001553,O00747,P001,1,1377.50
OI001554,O00748,P019,2,833.00
OI001555,O00748,P010,1,2612.50
OI001556,O00749,P023,2,310.00
OI001557,O00750,P024,1,1487.50
OI001558,O00750,P012,1,410.00
OI001559,O00750,P018,2,292.50
OI001560,O00751,P027,1,990.00
OI001561,O00752,P014,1,247.00
OI001562,O00753,P014,3,234.00
OI001563,O00753,P024,1,1575.00
OI001564,O00754,P023,2,310.00
OI001565,O00755,P035,1,2160.00
OI001566,O00755,P002,1,3200.00
OI001567,O00756,P026,1,870.00
OI001568,O00757,P002,1,3200.00
OI001569,O00758,P035,1,2160.00
OI001570,O00758,P004,2,1150.00
OI001571,O00758,P025,1,280.00
OI001572,O00759,P007,1,1890.00
OI001573,O00759,P010,1,2475.00
OI001574,O00760,P008,1,4600.00
OI001575,O00761,P015,2,621.00
OI001576,O00761,P001,1,1450.00
OI001577,O00761,P003,2,780.00
OI001578,O00762,P034,1,360.00
OI001579,O00763,P039,1,230.00
OI001580,O00764,P024,1,1575.00
OI001581,O00765,P001,2,1377.50
OI001582,O00765,P005,3,620.00
OI001583,O00766,P040,1,1881.00
OI001584,O00766,P005,1,620.00
OI001585,O00766,P018,2,292.50
OI001586,O00766,P020,1,920.00
OI001587,O00767,P017,1,1402.50
OI001588,O00768,P018,2,312.00
OI001589,O00768,P029,3,640.00
OI001590,O00769,P020,1,1035.00
OI001591,O00769,P001,1,1377.50
OI001592,O00769,P018,1,312.00
OI001593,O00770,P002,1,3200.00
OI001594,O00770,P015,3,655.50
OI001595,O00770,P001,1,1377.50
OI001596,O00771,P018,1,312.00
OI001597,O00772,P017,3,1237.50
OI001598,O00773,P004,2,1150.00
OI001599,O00773,P020,3,1035.00
OI001600,O00773,P003,1,780.00
OI001601,O00774,P028,1,722.00
OI001602,O00774,P024,4,1750.00
OI001603,O00775,P001,1,1305.00
OI001604,O00775,P017,1,1402.50
OI001605,O00776,P031,1,450.00
OI001606,O00776,P001,2,1450.00
OI001607,O00777,P003,1,741.00
OI001608,O00777,P021,2,457.50
OI001609,O00778,P001,1,1450.00
OI001610,O00778,P029,2,608.00
OI001611,O00778,P009,1,950.00
OI001612,O00779,P008,1,3910.00
OI001613,O00779,P017,2,1402.50
OI001614,O00779,P001,1,1377.50
OI001615,O00780,P023,1,263.50
OI001616,O00780,P010,1,2475.00
OI001617,O00781,P003,1,702.00
OI001618,O00782,P025,2,280.00
OI001619,O00782,P029,1,608.00
OI001620,O00783,P023,1,310.00
OI001621,O00783,P018,1,292.50
OI001622,O00784,P021,3,518.50
OI001623,O00784,P023,1,263.50
OI001624,O00784,P003,3,663.00
OI001625,O00785,P024,1,1750.00
OI001626,O00785,P028,2,722.00
OI001627,O00786,P015,3,655.50
OI001628,O00786,P014,2,247.00
OI001629,O00787,P036,2,330.00
OI001630,O00787,P001,1,1450.00
OI001631,O00787,P008,1,4370.00
OI001632,O00788,P031,1,427.50
OI001633,O00789,P003,3,780.00
OI001634,O00790,P021,2,488.00
OI001635,O00790,P036,2,313.50
OI001636,O00790,P025,1,266.00
OI001637,O00790,P023,2,310.00
OI001638,O00791,P025,1,280.00
OI001639,O00791,P004,1,1150.00
OI001640,O00792,P024,1,1662.50
OI001641,O00792,P017,1,1320.00
OI001642,O00793,P017,1,1485.00
OI001643,O00794,P010,2,2337.50
OI001644,O00794,P003,2,663.00
OI001645,O00795,P029,1,608.00
OI001646,O00795,P015,3,655.50
OI001647,O00795,P011,1,1320.00
OI001648,O00796,P021,1,488.00
OI001649,O00797,P035,1,2400.00
OI001650,O00797,P024,1,1750.00
OI001651,O00797,P027,1,990.00
OI001652,O00797,P020,1,1035.00
OI001653,O00798,P014,1,260.00
OI001654,O00798,P006,2,513.00
OI001655,O00798,P040,1,1980.00
OI001656,O00799,P038,1,190.00
OI001657,O00799,P015,1,690.00
OI001658,O00800,P017,1,1402.50
OI001659,O00800,P037,2,720.00
OI001660,O00800,P012,2,369.00
OI001661,O00801,P035,1,2280.00
OI001662,O00801,P010,1,2750.00
OI001663,O00801,P007,1,1890.00
OI001664,O00802,P027,1,841.50
OI001665,O00803,P019,1,882.00
OI001666,O00803,P001,1,1450.00
OI001667,O00804,P011,1,1320.00
OI001668,O00804,P031,1,427.50
OI001669,O00805,P026,2,870.00
OI001670,O00806,P007,2,1701.00
OI001671,O00806,P035,4,2040.00
OI001672,O00807,P005,1,558.00
OI001673,O00807,P031,1,450.00
OI001674,O00807,P013,2,480.00
OI001675,O00807,P015,1,621.00
OI001676,O00808,P023,2,310.00
OI001677,O00808,P002,1,2880.00
OI001678,O00808,P012,1,410.00
OI001679,O00808,P010,1,2612.50
OI001680,O00809,P005,3,558.00
OI001681,O00810,P012,1,369.00
OI001682,O00810,P035,1,2400.00
OI001683,O00811,P021,1,457.50
OI001684,O00812,P020,1,862.50
OI001685,O00812,P008,1,4600.00
OI001686,O00812,P005,1,558.00
OI001687,O00813,P011,1,1254.00
OI001688,O00813,P026,2,870.00
OI001689,O00814,P017,1,1402.50
OI001690,O00814,P034,1,306.00
OI001691,O00814,P029,1,608.00
OI001692,O00814,P024,3,1750.00
OI001693,O00815,P009,1,902.50
OI001694,O00815,P004,1,1150.00
OI001695,O00816,P021,1,457.50
OI001696,O00816,P010,3,2337.50
OI001697,O00816,P001,1,1305.00
OI001698,O00816,P028,1,646.00
OI001699,O00817,P025,3,266.00
OI001700,O00817,P026,3,870.00
OI001701,O00818,P017,1,1650.00
OI001702,O00818,P006,1,540.00
OI001703,O00819,P013,1,432.00
OI001704,O00819,P003,1,741.00
OI001705,O00820,P017,1,1650.00
OI001706,O00820,P028,1,722.00
OI001707,O00820,P027,2,940.50
OI001708,O00821,P026,1,870.00
OI001709,O00821,P035,1,2160.00
OI001710,O00821,P005,1,620.00
OI001711,O00822,P027,1,891.00
OI001712,O00822,P005,1,589.00
OI001713,O00823,P006,1,540.00
OI001714,O00824,P031,3,450.00
OI001715,O00824,P023,3,279.00
OI001716,O00824,P005,1,558.00
OI001717,O00824,P010,2,2750.00
OI001718,O00825,P034,1,324.00
OI001719,O00825,P005,1,558.00
OI001720,O00826,P026,2,783.00
OI001721,O00826,P018,2,390.00
OI001722,O00826,P010,2,2750.00
OI001723,O00827,P031,3,450.00
OI001724,O00827,P025,1,280.00
OI001725,O00827,P008,2,4600.00
OI001726,O00827,P012,1,389.50
OI001727,O00828,P024,3,1750.00
OI001728,O00828,P012,2,389.50
OI001729,O00829,P036,2,313.50
OI001730,O00829,P017,1,1485.00
OI001731,O00829,P023,2,310.00
OI001732,O00830,P004,1,1150.00
OI001733,O00830,P025,3,280.00
OI001734,O00830,P003,1,780.00
OI001735,O00831,P010,1,2337.50
OI001736,O00831,P003,1,702.00
OI001737,O00831,P019,1,980.00
OI001738,O00832,P004,4,977.50
OI001739,O00832,P006,3,540.00
OI001740,O00833,P010,1,2337.50
OI001741,O00833,P037,1,612.00
OI001742,O00834,P009,1,855.00
OI001743,O00834,P027,1,990.00
OI001744,O00835,P017,1,1237.50
OI001745,O00835,P002,2,3200.00
OI001746,O00835,P001,1,1450.00
OI001747,O00836,P004,3,1150.00
OI001748,O00836,P008,1,4140.00
OI001749,O00836,P007,3,1890.00
OI001750,O00837,P040,2,1980.00
OI001751,O00838,P002,1,2720.00
OI001752,O00838,P020,1,1150.00
OI001753,O00838,P018,1,331.50
OI001754,O00839,P005,3,558.00
OI001755,O00840,P003,2,741.00
OI001756,O00840,P005,3,620.00
OI001757,O00840,P027,1,990.00
OI001758,O00841,P008,1,4600.00
OI001759,O00842,P023,1,279.00
OI001760,O00842,P026,2,826.50
OI001761,O00842,P034,1,360.00
OI001762,O00843,P024,1,1750.00
OI001763,O00844,P011,1,1320.00
OI001764,O00844,P014,2,234.00
OI001765,O00844,P025,1,266.00
OI001766,O00845,P012,1,389.50
OI001767,O00846,P028,1,760.00
OI001768,O00846,P024,2,1662.50
OI001769,O00847,P023,2,294.50
OI001770,O00847,P033,1,275.50
OI001771,O00847,P008,1,4140.00
OI001772,O00848,P037,1,720.00
OI001773,O00849,P005,1,558.00
OI001774,O00850,P038,1,161.50
OI001775,O00850,P031,1,427.50
OI001776,O00851,P017,1,1402.50
OI001777,O00852,P018,3,292.50
OI001778,O00853,P030,3,220.00
OI001779,O00853,P015,3,690.00
OI001780,O00854,P017,2,1402.50
OI001781,O00854,P005,1,620.00
OI001782,O00854,P015,2,690.00
OI001783,O00855,P001,2,1305.00
OI001784,O00856,P026,1,870.00
OI001785,O00856,P029,2,640.00
OI001786,O00857,P038,1,180.50
OI001787,O00858,P025,2,280.00
OI001788,O00858,P015,3,690.00
OI001789,O00859,P020,1,920.00
OI001790,O00859,P003,1,741.00
OI001791,O00860,P020,1,977.50
OI001792,O00860,P002,2,3200.00
OI001793,O00861,P002,1,2880.00
OI001794,O00862,P011,2,1254.00
OI001795,O00862,P027,1,891.00
OI001796,O00862,P015,1,621.00
OI001797,O00863,P017,1,1320.00
OI001798,O00863,P015,3,690.00
OI001799,O00864,P035,1,2160.00
OI001800,O00864,P005,2,620.00
OI001801,O00865,P004,2,1150.00
OI001802,O00866,P031,2,427.50
OI001803,O00866,P002,2,3040.00
OI001804,O00867,P027,1,891.00
OI001805,O00868,P002,1,3200.00
OI001806,O00869,P017,1,1237.50
OI001807,O00869,P011,1,1254.00
OI001808,O00869,P035,1,2160.00
OI001809,O00870,P034,2,360.00
OI001810,O00870,P006,1,486.00
OI001811,O00871,P023,2,279.00
OI001812,O00871,P036,3,297.00
OI001813,O00872,P026,1,826.50
OI001814,O00873,P025,3,238.00
OI001815,O00874,P011,1,1188.00
OI001816,O00874,P003,1,780.00
OI001817,O00874,P001,1,1305.00
OI001818,O00875,P034,1,342.00
OI001819,O00875,P003,2,741.00
OI001820,O00875,P016,1,416.00
OI001821,O00876,P011,1,1188.00
OI001822,O00876,P027,1,940.50
OI001823,O00877,P011,3,1320.00
OI001824,O00878,P039,1,230.00
OI001825,O00879,P034,1,324.00
OI001826,O00879,P025,1,252.00
OI001827,O00880,P039,2,230.00
OI001828,O00880,P038,1,180.50
OI001829,O00880,P010,2,2612.50
OI001830,O00880,P031,3,450.00
OI001831,O00881,P025,1,280.00
OI001832,O00881,P001,3,1305.00
OI001833,O00881,P017,1,1650.00
OI001834,O00881,P035,2,2280.00
OI001835,O00882,P001,1,1377.50
OI001836,O00882,P027,1,940.50
OI001837,O00882,P005,1,620.00
OI001838,O00883,P020,1,1150.00
OI001839,O00884,P003,3,780.00
OI001840,O00885,P008,1,4140.00
OI001841,O00886,P001,2,1450.00
OI001842,O00886,P013,1,432.00
OI001843,O00886,P010,1,2750.00
OI001844,O00886,P015,3,621.00
OI001845,O00887,P015,1,655.50
OI001846,O00888,P005,3,620.00
OI001847,O00888,P001,3,1305.00
OI001848,O00888,P019,3,784.00
OI001849,O00888,P035,1,2160.00
OI001850,O00889,P002,2,3200.00
OI001851,O00890,P031,1,450.00
OI001852,O00890,P002,2,3040.00
OI001853,O00891,P007,1,1606.50
OI001854,O00892,P007,1,1890.00
OI001855,O00893,P031,1,427.50
OI001856,O00894,P020,3,1035.00
OI001857,O00894,P030,4,220.00
OI001858,O00895,P026,3,783.00
OI001859,O00896,P040,1,1980.00
OI001860,O00897,P021,2,457.50
OI001861,O00897,P017,1,1237.50
OI001862,O00897,P009,1,902.50
OI001863,O00897,P005,1,558.00
OI001864,O00898,P023,2,310.00
OI001865,O00898,P017,1,1402.50
OI001866,O00899,P017,3,1237.50
OI001867,O00899,P003,1,741.00
OI001868,O00899,P011,1,1320.00
OI001869,O00900,P024,1,1575.00
OI001870,O00900,P038,1,161.50
OI001871,O00901,P017,1,1237.50
OI001872,O00901,P015,2,621.00
OI001873,O00902,P023,1,279.00
OI001874,O00903,P017,1,1485.00
OI001875,O00904,P025,3,280.00
OI001876,O00905,P018,3,390.00
OI001877,O00905,P001,1,1232.50
OI001878,O00905,P014,2,247.00
OI001879,O00906,P024,1,1575.00
OI001880,O00906,P005,1,620.00
OI001881,O00907,P037,2,684.00
OI001882,O00907,P001,3,1305.00
OI001883,O00907,P024,2,1487.50
OI001884,O00907,P018,1,331.50
OI001885,O00908,P028,1,684.00
OI001886,O00909,P012,1,410.00
OI001887,O00909,P035,1,2400.00
OI001888,O00909,P028,1,722.00
OI001889,O00910,P025,1,280.00
OI001890,O00911,P036,1,313.50
OI001891,O00911,P005,1,589.00
OI001892,O00911,P016,4,468.00
OI001893,O00911,P018,3,331.50
OI001894,O00912,P026,1,783.00
OI001895,O00912,P039,1,207.00
OI001896,O00913,P033,1,275.50
OI001897,O00913,P008,1,4140.00
OI001898,O00914,P001,3,1450.00
OI001899,O00914,P024,1,1575.00
OI001900,O00914,P009,1,855.00
OI001901,O00915,P010,3,2750.00
OI001902,O00915,P001,1,1232.50
OI001903,O00916,P004,1,1150.00
OI001904,O00917,P005,3,558.00
OI001905,O00917,P026,1,870.00
OI001906,O00917,P025,1,280.00
OI001907,O00918,P018,2,312.00
OI001908,O00918,P031,1,427.50
OI001909,O00919,P012,2,410.00
OI001910,O00919,P013,1,480.00
OI001911,O00919,P018,1,331.50
OI001912,O00920,P001,1,1450.00
OI001913,O00920,P016,1,468.00
OI001914,O00921,P039,1,230.00
OI001915,O00922,P002,1,3200.00
OI001916,O00922,P030,1,220.00
OI001917,O00922,P038,2,190.00
OI001918,O00923,P034,1,360.00
OI001919,O00923,P002,1,3200.00
OI001920,O00923,P018,1,390.00
OI001921,O00924,P034,3,324.00
OI001922,O00924,P020,3,862.50
OI001923,O00924,P017,1,1402.50
OI001924,O00924,P010,1,2475.00
OI001925,O00925,P004,3,1150.00
OI001926,O00925,P001,1,1305.00
OI001927,O00926,P003,2,780.00
OI001928,O00926,P024,2,1575.00
OI001929,O00927,P004,3,1150.00
OI001930,O00928,P019,2,980.00
OI001931,O00929,P035,1,2160.00
OI001932,O00929,P029,1,544.00
OI001933,O00930,P028,1,684.00
OI001934,O00930,P011,1,1320.00
OI001935,O00930,P030,2,220.00
OI001936,O00931,P017,3,1485.00
OI001937,O00931,P035,3,2400.00
OI001938,O00932,P019,1,980.00
OI001939,O00933,P011,1,1188.00
OI001940,O00933,P018,1,331.50
OI001941,O00933,P028,2,760.00
OI001942,O00934,P020,2,920.00
OI001943,O00934,P037,1,648.00
OI001944,O00934,P003,2,780.00
OI001945,O00935,P020,2,862.50
OI001946,O00935,P036,1,330.00
OI001947,O00936,P005,1,620.00
OI001948,O00937,P003,1,702.00
OI001949,O00938,P001,1,1232.50
OI001950,O00939,P033,3,275.50
OI001951,O00939,P009,1,855.00
OI001952,O00940,P003,2,702.00
OI001953,O00941,P021,2,549.00
OI001954,O00941,P001,1,1377.50
OI001955,O00941,P038,1,171.00
OI001956,O00942,P039,1,207.00
OI001957,O00942,P011,1,1320.00
OI001958,O00942,P001,2,1450.00
OI001959,O00943,P001,3,1450.00
OI001960,O00943,P025,2,280.00
OI001961,O00943,P016,2,390.00
OI001962,O00944,P011,4,1320.00
OI001963,O00944,P030,2,220.00
OI001964,O00944,P015,5,690.00
OI001965,O00945,P006,2,540.00
OI001966,O00945,P004,2,1150.00
OI001967,O00946,P001,1,1377.50
OI001968,O00946,P015,1,655.50
OI001969,O00946,P010,2,2750.00
OI001970,O00947,P011,1,1320.00
OI001971,O00947,P017,1,1485.00
OI001972,O00947,P009,2,902.50
OI001973,O00948,P040,2,1881.00
OI001974,O00948,P001,2,1450.00
OI001975,O00948,P016,1,468.00
OI001976,O00949,P003,1,663.00
OI001977,O00950,P034,1,360.00
OI001978,O00950,P010,1,2750.00
OI001979,O00950,P016,1,468.00
OI001980,O00951,P003,2,780.00
OI001981,O00951,P020,1,920.00
OI001982,O00951,P026,1,870.00
OI001983,O00951,P036,1,280.50
OI001984,O00952,P017,1,1402.50
OI001985,O00952,P025,1,266.00
OI001986,O00953,P028,2,684.00
OI001987,O00954,P004,1,1092.50
OI001988,O00955,P010,3,2475.00
OI001989,O00955,P025,1,280.00
OI001990,O00955,P006,1,486.00
OI001991,O00956,P004,1,1150.00
OI001992,O00956,P001,2,1450.00
OI001993,O00956,P003,3,780.00
OI001994,O00957,P027,3,940.50
OI001995,O00957,P025,1,280.00
OI008110,O03986,P018,1,312.00
OI001996,O00958,P034,1,342.00
OI001997,O00958,P039,3,207.00
OI001998,O00958,P011,1,1320.00
OI001999,O00959,P002,1,3040.00
OI002000,O00960,P018,1,351.00
OI002001,O00960,P010,1,2475.00
OI002002,O00961,P001,1,1305.00
OI002003,O00962,P039,2,207.00
OI002004,O00963,P039,1,195.50
OI002005,O00963,P025,1,266.00
OI002006,O00964,P026,1,783.00
OI002007,O00964,P024,1,1750.00
OI002008,O00965,P002,2,3200.00
OI002009,O00966,P035,3,2160.00
OI002010,O00966,P017,3,1237.50
OI002011,O00966,P027,3,891.00
OI002012,O00967,P016,1,468.00
OI002013,O00967,P017,2,1485.00
OI002014,O00967,P021,3,457.50
OI002015,O00967,P033,1,275.50
OI002016,O00968,P039,1,218.50
OI002017,O00968,P002,1,3200.00
OI002018,O00968,P029,1,640.00
OI002019,O00969,P026,1,870.00
OI002020,O00969,P019,1,882.00
OI002021,O00970,P005,1,620.00
OI002022,O00971,P010,1,2337.50
OI002023,O00972,P034,1,360.00
OI002024,O00972,P039,2,218.50
OI002025,O00972,P008,1,4600.00
OI002026,O00973,P002,2,3040.00
OI002027,O00973,P001,1,1450.00
OI002028,O00973,P005,3,620.00
OI002029,O00974,P004,2,977.50
OI002030,O00975,P021,1,488.00
OI002031,O00975,P013,2,480.00
OI002032,O00976,P014,1,260.00
OI002033,O00977,P016,2,442.00
OI002034,O00977,P009,1,950.00
OI002035,O00978,P031,1,450.00
OI002036,O00978,P018,1,292.50
OI002037,O00979,P005,2,558.00
OI002038,O00980,P018,1,331.50
OI002039,O00980,P008,3,4600.00
OI002040,O00981,P018,1,331.50
OI002041,O00982,P011,1,1320.00
OI002042,O00983,P009,1,950.00
OI002043,O00984,P005,1,558.00
OI002044,O00984,P017,1,1237.50
OI002045,O00985,P039,2,230.00
OI002046,O00985,P004,1,1092.50
OI002047,O00985,P006,1,540.00
OI002048,O00986,P011,1,1320.00
OI002049,O00987,P027,1,940.50
OI002050,O00987,P026,2,826.50
OI002051,O00988,P010,2,2750.00
OI002052,O00989,P017,2,1485.00
OI002053,O00989,P006,1,486.00
OI002054,O00990,P039,2,218.50
OI002055,O00990,P017,1,1485.00
OI002056,O00991,P029,1,640.00
OI002057,O00991,P017,1,1402.50
OI002058,O00992,P019,1,882.00
OI002059,O00992,P017,1,1402.50
OI002060,O00993,P011,3,1188.00
OI002061,O00993,P023,1,294.50
OI002062,O00993,P008,1,4600.00
OI002063,O00993,P002,1,3200.00
OI002064,O00994,P024,1,1750.00
OI002065,O00995,P024,1,1487.50
OI002066,O00995,P027,1,891.00
OI002067,O00996,P005,1,620.00
OI002068,O00996,P001,3,1450.00
OI002069,O00997,P031,1,427.50
OI002070,O00997,P024,3,1575.00
OI002071,O00997,P028,3,722.00
OI002072,O00997,P004,2,1150.00
OI002073,O00998,P017,2,1237.50
OI002074,O00998,P002,2,2720.00
OI002075,O00999,P039,1,207.00
OI002076,O00999,P024,2,1487.50
OI002077,O01000,P015,1,690.00
OI002078,O01001,P010,1,2337.50
OI002079,O01002,P017,2,1485.00
OI002080,O01002,P001,1,1450.00
OI002081,O01003,P001,2,1377.50
OI002082,O01003,P002,1,3200.00
OI002083,O01004,P017,2,1485.00
OI002084,O01004,P002,1,3200.00
OI002085,O01005,P025,1,252.00
OI002086,O01005,P040,1,1881.00
OI002087,O01006,P015,2,690.00
OI002088,O01006,P020,2,1035.00
OI002089,O01006,P008,5,4600.00
OI002090,O01007,P039,2,218.50
OI002091,O01007,P025,3,280.00
OI002092,O01007,P024,1,1575.00
OI002093,O01008,P001,1,1450.00
OI002094,O01008,P005,1,589.00
OI002095,O01008,P040,2,1782.00
OI002096,O01008,P015,1,655.50
OI002097,O01009,P024,1,1750.00
OI002098,O01009,P036,1,313.50
OI002099,O01009,P038,2,180.50
OI002100,O01009,P026,1,739.50
OI002101,O01010,P034,1,360.00
OI002102,O01010,P001,1,1450.00
OI002103,O01011,P004,1,1092.50
OI002104,O01012,P027,1,990.00
OI002105,O01013,P012,2,369.00
OI002106,O01014,P006,3,540.00
OI002107,O01015,P021,1,457.50
OI002108,O01015,P037,1,720.00
OI002109,O01016,P008,1,4140.00
OI002110,O01016,P023,3,294.50
OI002111,O01017,P001,2,1377.50
OI002112,O01018,P020,3,1035.00
OI002113,O01019,P005,1,558.00
OI002114,O01019,P024,1,1750.00
OI002115,O01019,P038,2,180.50
OI002116,O01020,P008,1,4600.00
OI002117,O01020,P027,2,940.50
OI002118,O01021,P020,1,920.00
OI002119,O01021,P015,2,655.50
OI002120,O01022,P020,1,977.50
OI002121,O01022,P014,1,247.00
OI002122,O01022,P027,1,841.50
OI002123,O01023,P026,1,870.00
OI002124,O01023,P027,2,940.50
OI002125,O01024,P001,1,1450.00
OI002126,O01024,P026,2,783.00
OI002127,O01024,P023,1,294.50
OI002128,O01024,P016,1,390.00
OI002129,O01025,P033,1,275.50
OI002130,O01026,P023,1,279.00
OI002131,O01026,P018,1,351.00
OI002132,O01027,P008,2,4140.00
OI002133,O01027,P012,1,410.00
OI002134,O01028,P031,3,382.50
OI002135,O01028,P036,1,297.00
OI002136,O01028,P020,1,977.50
OI002137,O01029,P035,2,2400.00
OI002138,O01029,P015,1,621.00
OI002139,O01029,P005,2,620.00
OI002140,O01030,P012,1,410.00
OI002141,O01030,P029,1,640.00
OI002142,O01031,P010,3,2750.00
OI002143,O01032,P012,1,410.00
OI002144,O01032,P028,3,760.00
OI002145,O01032,P013,5,480.00
OI002146,O01032,P035,3,2160.00
OI002147,O01033,P002,2,3040.00
OI002148,O01033,P011,2,1320.00
OI002149,O01034,P012,2,410.00
OI002150,O01035,P002,3,3200.00
OI002151,O01035,P004,1,1150.00
OI002152,O01036,P017,1,1320.00
OI002153,O01037,P005,3,558.00
OI002154,O01037,P014,2,260.00
OI002155,O01038,P018,1,390.00
OI002156,O01038,P001,1,1377.50
OI002157,O01039,P009,2,950.00
OI002158,O01039,P010,3,2750.00
OI002159,O01039,P023,2,294.50
OI002160,O01039,P013,3,456.00
OI002161,O01040,P025,1,280.00
OI002162,O01040,P038,1,190.00
OI002163,O01041,P025,4,280.00
OI002164,O01041,P024,1,1575.00
OI002165,O01041,P005,1,620.00
OI002166,O01042,P039,1,207.00
OI002167,O01042,P004,1,1092.50
OI002168,O01043,P001,1,1232.50
OI002169,O01043,P036,2,330.00
OI002170,O01044,P017,1,1237.50
OI002171,O01044,P033,2,290.00
OI002172,O01045,P010,2,2475.00
OI002173,O01045,P005,3,620.00
OI002174,O01045,P034,3,342.00
OI002175,O01046,P036,2,297.00
OI002176,O01046,P039,1,207.00
OI002177,O01046,P026,1,870.00
OI002178,O01046,P018,1,390.00
OI002179,O01047,P036,1,313.50
OI002180,O01047,P001,1,1450.00
OI002181,O01048,P025,1,238.00
OI002182,O01048,P024,2,1487.50
OI002183,O01048,P013,1,408.00
OI002184,O01049,P010,2,2750.00
OI002185,O01049,P001,1,1377.50
OI002186,O01049,P012,1,389.50
OI002187,O01050,P016,2,442.00
OI002188,O01051,P002,1,3200.00
OI002189,O01051,P025,1,266.00
OI002190,O01052,P018,1,292.50
OI002191,O01052,P009,1,855.00
OI002192,O01052,P030,1,220.00
OI002193,O01053,P020,3,1035.00
OI002194,O01054,P024,3,1662.50
OI002195,O01055,P036,1,330.00
OI002196,O01056,P019,2,882.00
OI002197,O01056,P005,1,620.00
OI002198,O01057,P004,2,1150.00
OI002199,O01057,P018,1,292.50
OI002200,O01058,P035,1,2400.00
OI002201,O01058,P039,1,218.50
OI002202,O01059,P035,1,2280.00
OI002203,O01060,P005,2,620.00
OI002204,O01060,P018,1,351.00
OI002205,O01060,P026,1,826.50
OI002206,O01061,P020,1,862.50
OI002207,O01062,P001,2,1450.00
OI002208,O01062,P025,1,266.00
OI002209,O01063,P018,1,351.00
OI002210,O01064,P002,1,3040.00
OI002211,O01065,P034,1,306.00
OI002212,O01065,P023,1,263.50
OI002213,O01065,P011,1,1320.00
OI002214,O01066,P011,1,1320.00
OI002215,O01067,P017,1,1402.50
OI002216,O01068,P001,2,1377.50
OI002217,O01068,P003,1,780.00
OI008350,O04107,P035,3,2160.00
OI002218,O01068,P011,1,1320.00
OI002219,O01069,P037,2,720.00
OI002220,O01069,P039,3,207.00
OI002221,O01070,P035,1,2400.00
OI002222,O01070,P020,1,977.50
OI002223,O01070,P025,1,280.00
OI002224,O01071,P027,1,940.50
OI002225,O01072,P008,1,4600.00
OI002226,O01073,P015,3,655.50
OI002227,O01074,P039,3,207.00
OI002228,O01075,P018,1,292.50
OI002229,O01075,P016,3,442.00
OI002230,O01076,P020,1,1035.00
OI002231,O01076,P001,2,1232.50
OI002232,O01077,P019,1,784.00
OI002233,O01077,P024,2,1750.00
OI002234,O01078,P008,1,4600.00
OI002235,O01078,P002,3,2880.00
OI002236,O01079,P007,5,1606.50
OI002237,O01079,P034,2,324.00
OI002238,O01079,P028,3,646.00
OI002239,O01079,P009,1,807.50
OI002240,O01080,P033,2,275.50
OI002241,O01080,P010,1,2750.00
OI002242,O01080,P019,1,833.00
OI002243,O01080,P020,1,862.50
OI002244,O01081,P013,1,432.00
OI002245,O01081,P024,1,1575.00
OI002246,O01081,P034,1,360.00
OI002247,O01082,P003,1,780.00
OI002248,O01082,P021,3,549.00
OI002249,O01083,P017,1,1485.00
OI002250,O01084,P036,2,330.00
OI002251,O01084,P012,2,410.00
OI002252,O01084,P020,1,862.50
OI002253,O01085,P015,2,621.00
OI002254,O01085,P030,1,220.00
OI002255,O01086,P039,2,207.00
OI002256,O01087,P011,1,1320.00
OI002257,O01088,P016,1,442.00
OI002258,O01088,P001,1,1450.00
OI002259,O01088,P025,3,280.00
OI002260,O01088,P008,1,4370.00
OI002261,O01089,P017,1,1237.50
OI002262,O01090,P008,1,4600.00
OI002263,O01090,P019,1,784.00
OI002264,O01091,P006,1,540.00
OI002265,O01091,P012,1,410.00
OI002266,O01092,P023,2,294.50
OI002267,O01092,P005,1,620.00
OI002268,O01093,P024,1,1575.00
OI002269,O01093,P005,1,620.00
OI002270,O01094,P016,3,468.00
OI002271,O01095,P023,1,310.00
OI002272,O01095,P030,1,220.00
OI002273,O01096,P010,3,2750.00
OI002274,O01097,P014,1,260.00
OI002275,O01097,P011,1,1320.00
OI002276,O01097,P015,3,690.00
OI002277,O01098,P001,1,1450.00
OI002278,O01098,P025,1,252.00
OI002279,O01098,P004,1,1150.00
OI002280,O01098,P024,1,1575.00
OI002281,O01099,P010,1,2612.50
OI002282,O01099,P004,1,1092.50
OI002283,O01100,P024,1,1662.50
OI002284,O01101,P029,1,640.00
OI002285,O01102,P039,1,207.00
OI002286,O01103,P012,1,410.00
OI002287,O01103,P001,1,1450.00
OI002288,O01104,P015,1,621.00
OI002289,O01105,P009,1,950.00
OI002290,O01105,P010,1,2612.50
OI002291,O01105,P017,1,1237.50
OI002292,O01105,P012,1,389.50
OI002293,O01106,P039,1,230.00
OI002294,O01106,P020,1,977.50
OI002295,O01106,P030,1,220.00
OI002296,O01106,P024,1,1750.00
OI002297,O01107,P004,1,977.50
OI002298,O01107,P012,1,348.50
OI002299,O01108,P023,1,310.00
OI002300,O01109,P023,1,310.00
OI002301,O01110,P013,1,480.00
OI002302,O01110,P016,1,390.00
OI002303,O01111,P024,1,1750.00
OI002304,O01112,P003,1,780.00
OI002305,O01113,P026,1,870.00
OI002306,O01113,P020,1,977.50
OI002307,O01113,P003,2,702.00
OI002308,O01113,P009,2,950.00
OI002309,O01114,P026,2,783.00
OI002310,O01115,P024,1,1575.00
OI002311,O01116,P002,1,3200.00
OI002312,O01117,P020,2,1035.00
OI002313,O01117,P025,2,280.00
OI002314,O01117,P003,1,702.00
OI002315,O01117,P002,3,3200.00
OI002316,O01118,P017,1,1650.00
OI002317,O01118,P038,1,180.50
OI002318,O01118,P024,1,1662.50
OI002319,O01118,P025,1,280.00
OI002320,O01119,P011,1,1320.00
OI002321,O01119,P023,1,279.00
OI002322,O01120,P035,2,2400.00
OI002323,O01121,P036,1,297.00
OI002324,O01121,P012,1,389.50
OI002325,O01121,P023,1,310.00
OI002326,O01122,P036,1,313.50
OI002327,O01122,P010,1,2612.50
OI002328,O01122,P003,2,780.00
OI002329,O01122,P018,1,331.50
OI002330,O01123,P015,1,690.00
OI002331,O01123,P006,1,486.00
OI002332,O01124,P030,2,220.00
OI002333,O01124,P016,2,468.00
OI002334,O01124,P001,5,1450.00
OI002335,O01125,P001,1,1450.00
OI002336,O01125,P021,1,488.00
OI002337,O01125,P012,1,410.00
OI002338,O01126,P012,1,389.50
OI002339,O01127,P020,2,862.50
OI002340,O01128,P018,2,292.50
OI002341,O01129,P036,1,313.50
OI002342,O01130,P029,2,608.00
OI002343,O01130,P017,2,1402.50
OI002344,O01131,P014,1,260.00
OI002345,O01131,P020,1,977.50
OI002346,O01132,P005,2,620.00
OI002347,O01132,P029,1,640.00
OI002348,O01133,P023,1,294.50
OI002349,O01133,P018,1,331.50
OI002350,O01134,P027,2,891.00
OI002351,O01134,P018,1,390.00
OI002352,O01134,P034,1,360.00
OI002353,O01135,P005,1,620.00
OI002354,O01135,P020,1,1150.00
OI002355,O01135,P008,4,4600.00
OI002356,O01136,P005,2,589.00
OI002357,O01136,P018,1,351.00
OI002358,O01137,P016,1,468.00
OI002359,O01138,P006,1,540.00
OI002360,O01138,P003,1,780.00
OI002361,O01138,P035,2,2400.00
OI002362,O01139,P001,1,1450.00
OI002363,O01139,P011,3,1188.00
OI002364,O01140,P029,1,608.00
OI002365,O01140,P012,1,389.50
OI002366,O01140,P003,1,780.00
OI002367,O01140,P028,2,684.00
OI002368,O01141,P005,1,620.00
OI002369,O01142,P029,2,544.00
OI002370,O01143,P027,2,940.50
OI002371,O01143,P008,1,4600.00
OI002372,O01144,P025,1,280.00
OI002373,O01144,P040,3,1980.00
OI002374,O01145,P031,1,427.50
OI002375,O01145,P016,1,468.00
OI002376,O01146,P033,1,275.50
OI002377,O01147,P001,1,1450.00
OI002378,O01147,P010,1,2475.00
OI002379,O01147,P011,3,1320.00
OI002380,O01148,P013,1,480.00
OI002381,O01149,P020,2,1150.00
OI002382,O01149,P009,2,902.50
OI002383,O01150,P024,2,1750.00
OI002384,O01150,P029,1,544.00
OI002385,O01150,P021,1,457.50
OI002386,O01150,P005,2,620.00
OI002387,O01151,P005,1,558.00
OI002388,O01152,P036,1,330.00
OI002389,O01153,P002,1,3200.00
OI002390,O01153,P003,1,741.00
OI002391,O01154,P020,1,977.50
OI002392,O01154,P003,1,663.00
OI002393,O01155,P007,2,1890.00
OI002394,O01156,P028,1,684.00
OI002395,O01156,P005,2,589.00
OI002396,O01156,P036,1,297.00
OI002397,O01157,P005,2,527.00
OI002398,O01157,P002,1,3200.00
OI002399,O01158,P012,2,369.00
OI002400,O01158,P040,2,1881.00
OI002401,O01159,P020,3,920.00
OI002402,O01160,P038,1,190.00
OI002403,O01161,P028,1,760.00
OI002404,O01162,P030,2,220.00
OI002405,O01162,P003,2,741.00
OI002406,O01162,P001,2,1450.00
OI002407,O01163,P003,1,702.00
OI002408,O01164,P026,1,826.50
OI002409,O01164,P023,1,294.50
OI002410,O01164,P028,1,760.00
OI002411,O01164,P012,1,369.00
OI002412,O01165,P013,2,432.00
OI002413,O01165,P027,1,940.50
OI002414,O01165,P012,1,410.00
OI002415,O01165,P039,1,218.50
OI002416,O01166,P033,4,290.00
OI002417,O01167,P025,1,280.00
OI002418,O01167,P011,1,1188.00
OI002419,O01168,P024,1,1750.00
OI002420,O01168,P003,1,702.00
OI002421,O01169,P023,2,310.00
OI002422,O01170,P011,1,1320.00
OI002423,O01171,P025,1,280.00
OI002424,O01171,P030,1,209.00
OI002425,O01171,P001,1,1450.00
OI002426,O01172,P040,1,1980.00
OI002427,O01172,P010,1,2750.00
OI002428,O01173,P040,1,1881.00
OI002429,O01174,P015,1,655.50
OI002430,O01174,P002,1,2720.00
OI002431,O01175,P039,2,218.50
OI002432,O01175,P009,3,902.50
OI002433,O01175,P012,1,410.00
OI002434,O01176,P010,3,2750.00
OI002435,O01176,P040,5,1782.00
OI002436,O01177,P039,2,207.00
OI002437,O01177,P035,1,2280.00
OI002438,O01178,P025,5,280.00
OI002439,O01178,P015,2,621.00
OI002440,O01178,P012,2,389.50
OI002441,O01179,P025,1,252.00
OI002442,O01180,P001,1,1450.00
OI002443,O01181,P011,1,1320.00
OI002444,O01181,P020,1,920.00
OI002445,O01182,P021,2,518.50
OI002446,O01182,P010,1,2475.00
OI002447,O01183,P020,1,1035.00
OI002448,O01184,P011,1,1320.00
OI002449,O01184,P029,2,608.00
OI002450,O01184,P020,3,862.50
OI002451,O01184,P016,4,468.00
OI002452,O01185,P003,1,741.00
OI002453,O01185,P025,1,266.00
OI002454,O01185,P009,1,855.00
OI002455,O01186,P003,2,780.00
OI002456,O01186,P012,4,410.00
OI002457,O01186,P023,1,294.50
OI002458,O01187,P029,1,608.00
OI002459,O01187,P023,1,294.50
OI002460,O01187,P002,2,3200.00
OI002461,O01188,P005,3,589.00
OI002462,O01188,P017,1,1402.50
OI002463,O01189,P016,3,520.00
OI002464,O01190,P024,1,1487.50
OI002465,O01191,P019,1,882.00
OI002466,O01192,P008,3,4140.00
OI002467,O01193,P002,3,3200.00
OI002468,O01193,P010,3,2612.50
OI002469,O01193,P004,1,1092.50
OI002470,O01194,P015,3,621.00
OI002471,O01194,P035,2,2280.00
OI002472,O01195,P023,1,294.50
OI002473,O01195,P040,1,1782.00
OI002474,O01196,P012,1,369.00
OI002475,O01196,P001,1,1450.00
OI002476,O01196,P024,1,1662.50
OI002477,O01197,P005,1,527.00
OI002478,O01198,P010,2,2750.00
OI002479,O01199,P020,1,1035.00
OI002480,O01199,P026,1,870.00
OI002481,O01200,P005,1,527.00
OI002482,O01200,P014,1,221.00
OI002483,O01201,P025,1,238.00
OI002484,O01201,P013,1,408.00
OI002485,O01202,P020,2,977.50
OI002486,O01203,P008,1,4600.00
OI002487,O01203,P003,1,780.00
OI002488,O01204,P005,1,620.00
OI002489,O01204,P008,1,4370.00
OI002490,O01204,P010,1,2337.50
OI002491,O01204,P030,1,220.00
OI002492,O01205,P002,1,2880.00
OI002493,O01206,P010,1,2750.00
OI002494,O01206,P036,1,297.00
OI002495,O01207,P021,2,518.50
OI002496,O01207,P020,2,862.50
OI002497,O01207,P040,1,1881.00
OI002498,O01207,P001,1,1377.50
OI002499,O01208,P027,1,990.00
OI002500,O01208,P012,1,410.00
OI002501,O01209,P034,4,324.00
OI002502,O01209,P004,2,1150.00
OI002503,O01209,P020,2,920.00
OI002504,O01210,P031,1,427.50
OI002505,O01210,P008,1,3910.00
OI002506,O01210,P026,1,870.00
OI002507,O01210,P021,1,549.00
OI002508,O01211,P010,1,2612.50
OI002509,O01211,P015,1,690.00
OI002510,O01212,P015,1,621.00
OI002511,O01212,P039,1,207.00
OI002512,O01213,P003,1,702.00
OI002513,O01214,P002,1,3200.00
OI002514,O01214,P020,1,977.50
OI002515,O01214,P019,1,784.00
OI002516,O01215,P005,2,620.00
OI002517,O01215,P026,1,870.00
OI002518,O01216,P017,2,1402.50
OI002519,O01216,P034,1,342.00
OI002520,O01217,P006,3,540.00
OI002521,O01217,P023,3,294.50
OI002522,O01217,P019,3,980.00
OI002523,O01218,P018,3,312.00
OI002524,O01218,P033,1,275.50
OI002525,O01219,P018,1,351.00
OI002526,O01219,P010,1,2750.00
OI002527,O01219,P004,1,1150.00
OI002528,O01219,P015,2,690.00
OI002529,O01220,P002,1,2880.00
OI002530,O01221,P024,1,1662.50
OI002531,O01222,P038,1,190.00
OI002532,O01222,P011,1,1254.00
OI002533,O01222,P017,2,1320.00
OI002534,O01223,P021,3,549.00
OI000023,O00009,P039,1,230.00
OI002535,O01223,P013,1,480.00
OI002536,O01224,P001,1,1450.00
OI002537,O01225,P005,1,620.00
OI002538,O01226,P023,1,294.50
OI002539,O01227,P009,1,855.00
OI002540,O01227,P017,1,1402.50
OI002541,O01228,P003,1,780.00
OI002542,O01229,P013,3,480.00
OI002543,O01230,P038,2,180.50
OI002544,O01230,P002,2,2880.00
OI002545,O01231,P011,1,1320.00
OI002546,O01231,P002,1,3040.00
OI002547,O01231,P020,1,1035.00
OI002548,O01232,P018,1,312.00
OI002549,O01232,P015,1,690.00
OI002550,O01233,P035,2,2400.00
OI002551,O01233,P005,1,558.00
OI002552,O01234,P009,1,950.00
OI002553,O01234,P019,1,833.00
OI002554,O01235,P010,1,2612.50
OI002555,O01235,P026,2,870.00
OI002556,O01236,P001,1,1232.50
OI002557,O01236,P009,1,807.50
OI002558,O01236,P005,1,620.00
OI002559,O01236,P016,3,416.00
OI002560,O01237,P038,1,190.00
OI002561,O01237,P025,3,252.00
OI002562,O01237,P036,1,280.50
OI002563,O01238,P011,1,1320.00
OI002564,O01239,P019,1,735.00
OI002565,O01240,P013,2,456.00
OI002566,O01240,P016,1,442.00
OI002567,O01241,P040,1,1881.00
OI002568,O01241,P024,1,1750.00
OI002569,O01241,P003,1,780.00
OI002570,O01241,P039,1,207.00
OI002571,O01242,P003,1,702.00
OI002572,O01242,P006,1,513.00
OI002573,O01242,P038,1,161.50
OI002574,O01243,P008,1,3910.00
OI002575,O01243,P040,1,1683.00
OI002576,O01244,P019,3,980.00
OI002577,O01244,P025,3,266.00
OI002578,O01245,P023,3,310.00
OI002579,O01246,P001,3,1450.00
OI002580,O01247,P017,3,1320.00
OI002581,O01247,P020,1,1150.00
OI002582,O01247,P026,2,826.50
OI002583,O01248,P030,1,220.00
OI002584,O01248,P040,1,1881.00
OI002585,O01248,P039,1,218.50
OI002586,O01248,P004,1,1035.00
OI002587,O01249,P009,1,950.00
OI002588,O01249,P012,1,389.50
OI002589,O01250,P015,3,690.00
OI002590,O01250,P034,2,324.00
OI002591,O01250,P009,1,950.00
OI002592,O01251,P006,1,540.00
OI002593,O01251,P018,1,312.00
OI002594,O01251,P030,1,220.00
OI002595,O01252,P020,1,920.00
OI002596,O01253,P001,1,1305.00
OI002597,O01253,P021,2,549.00
OI002598,O01254,P016,2,390.00
OI002599,O01255,P016,1,520.00
OI002600,O01255,P015,3,621.00
OI002601,O01256,P033,1,275.50
OI002602,O01257,P006,1,486.00
OI002603,O01258,P012,2,389.50
OI002604,O01258,P008,3,4600.00
OI002605,O01259,P013,1,456.00
OI002606,O01259,P011,3,1254.00
OI002607,O01260,P007,1,1606.50
OI002608,O01261,P029,1,608.00
OI002609,O01261,P017,1,1485.00
OI002610,O01261,P011,2,1188.00
OI002611,O01261,P001,1,1305.00
OI002612,O01262,P003,1,741.00
OI002613,O01262,P010,1,2612.50
OI002614,O01263,P006,1,540.00
OI002615,O01263,P034,1,324.00
OI002616,O01264,P017,2,1237.50
OI002617,O01265,P039,1,230.00
OI002618,O01265,P014,2,234.00
OI002619,O01266,P010,1,2612.50
OI002620,O01267,P016,2,468.00
OI002621,O01267,P010,1,2750.00
OI002622,O01267,P015,1,690.00
OI002623,O01268,P002,1,2720.00
OI002624,O01268,P026,2,870.00
OI002625,O01269,P001,1,1450.00
OI002626,O01270,P017,2,1402.50
OI002627,O01270,P029,1,608.00
OI002628,O01271,P015,2,690.00
OI002629,O01271,P020,3,862.50
OI002630,O01271,P002,2,3040.00
OI002631,O01271,P006,2,540.00
OI002632,O01272,P012,1,410.00
OI002633,O01272,P002,2,2880.00
OI002634,O01272,P009,2,950.00
OI002635,O01273,P037,1,720.00
OI002636,O01274,P020,1,977.50
OI002637,O01275,P007,2,1890.00
OI002638,O01276,P007,1,1890.00
OI002639,O01276,P010,3,2475.00
OI002640,O01277,P008,1,4140.00
OI002641,O01278,P033,3,290.00
OI002642,O01278,P029,1,640.00
OI002643,O01279,P002,1,3200.00
OI002644,O01279,P007,3,1890.00
OI002645,O01280,P005,1,558.00
OI002646,O01280,P004,2,1035.00
OI002647,O01280,P018,2,331.50
OI002648,O01280,P037,1,648.00
OI002649,O01281,P019,1,980.00
OI002650,O01281,P005,1,527.00
OI002651,O01282,P015,1,690.00
OI002652,O01283,P035,1,2040.00
OI002653,O01284,P008,1,4140.00
OI002654,O01284,P029,1,640.00
OI002655,O01284,P016,3,416.00
OI002656,O01285,P039,1,207.00
OI002657,O01286,P013,2,456.00
OI002658,O01286,P040,1,1881.00
OI002659,O01287,P001,1,1450.00
OI002660,O01287,P029,2,608.00
OI002661,O01288,P024,1,1750.00
OI002662,O01289,P021,1,610.00
OI002663,O01290,P013,1,480.00
OI002664,O01290,P024,1,1750.00
OI002665,O01290,P004,1,1150.00
OI002666,O01291,P006,3,513.00
OI002667,O01292,P005,2,558.00
OI002668,O01293,P020,1,1035.00
OI002669,O01293,P002,1,3200.00
OI002670,O01293,P001,1,1450.00
OI002671,O01294,P008,1,4370.00
OI002672,O01294,P011,1,1254.00
OI002673,O01294,P019,1,735.00
OI002674,O01295,P028,1,684.00
OI002675,O01296,P016,1,390.00
OI002676,O01297,P021,3,549.00
OI002677,O01298,P018,4,331.50
OI002678,O01299,P008,1,4600.00
OI002679,O01299,P001,2,1450.00
OI002680,O01299,P030,1,220.00
OI002681,O01299,P012,1,410.00
OI002682,O01300,P033,1,246.50
OI002683,O01300,P012,3,410.00
OI002684,O01301,P008,1,4140.00
OI002685,O01301,P036,1,297.00
OI002686,O01301,P024,1,1575.00
OI002687,O01301,P018,1,292.50
OI002688,O01302,P020,2,920.00
OI002689,O01302,P001,2,1377.50
OI002690,O01302,P009,1,950.00
OI002691,O01303,P012,1,389.50
OI002692,O01303,P010,1,2750.00
OI002693,O01303,P035,1,2160.00
OI002694,O01303,P020,1,1150.00
OI002695,O01304,P017,1,1320.00
OI002696,O01305,P024,1,1575.00
OI002697,O01306,P019,3,833.00
OI002698,O01306,P017,1,1650.00
OI004952,O02417,P039,1,218.50
OI002699,O01306,P027,1,990.00
OI002700,O01307,P010,5,2475.00
OI002701,O01308,P015,3,690.00
OI002702,O01308,P005,1,620.00
OI002703,O01308,P028,2,760.00
OI002704,O01308,P024,1,1750.00
OI002705,O01309,P012,1,369.00
OI002706,O01309,P030,1,209.00
OI002707,O01310,P006,2,459.00
OI002708,O01311,P028,2,684.00
OI002709,O01311,P005,1,558.00
OI002710,O01311,P017,1,1402.50
OI002711,O01311,P021,1,457.50
OI002712,O01312,P039,1,218.50
OI002713,O01312,P010,1,2612.50
OI002714,O01312,P018,1,390.00
OI002715,O01313,P039,3,207.00
OI002716,O01313,P024,2,1750.00
OI002717,O01313,P034,4,360.00
OI002718,O01313,P023,2,294.50
OI002719,O01314,P002,1,3040.00
OI002720,O01314,P012,1,389.50
OI002721,O01315,P036,1,297.00
OI002722,O01315,P024,1,1750.00
OI002723,O01315,P023,1,279.00
OI002724,O01315,P027,1,990.00
OI002725,O01316,P015,1,690.00
OI002726,O01316,P001,2,1305.00
OI002727,O01317,P011,1,1320.00
OI002728,O01317,P007,3,1890.00
OI002729,O01318,P029,2,640.00
OI002730,O01318,P006,2,486.00
OI002731,O01318,P011,2,1254.00
OI002732,O01319,P038,1,171.00
OI002733,O01320,P010,1,2612.50
OI002734,O01320,P011,1,1122.00
OI002735,O01320,P001,1,1450.00
OI002736,O01320,P003,1,663.00
OI002737,O01321,P003,2,780.00
OI002738,O01321,P004,1,1035.00
OI002739,O01321,P030,1,220.00
OI002740,O01322,P008,3,4370.00
OI002741,O01323,P005,2,620.00
OI002742,O01323,P021,1,488.00
OI002743,O01324,P036,1,297.00
OI002744,O01324,P037,5,684.00
OI002745,O01324,P035,1,2280.00
OI002746,O01325,P011,2,1320.00
OI002747,O01326,P026,2,870.00
OI002748,O01327,P036,2,313.50
OI002749,O01327,P005,2,620.00
OI002750,O01328,P008,3,4600.00
OI002751,O01328,P004,4,1150.00
OI002752,O01328,P011,3,1320.00
OI002753,O01328,P010,4,2750.00
OI002754,O01329,P028,3,760.00
OI002755,O01329,P030,2,220.00
OI002756,O01329,P011,3,1320.00
OI002757,O01330,P003,1,780.00
OI002758,O01330,P019,1,833.00
OI002759,O01331,P035,1,2160.00
OI002760,O01331,P019,1,735.00
OI002761,O01332,P003,3,780.00
OI002762,O01332,P024,3,1575.00
OI002763,O01332,P013,3,480.00
OI002764,O01332,P009,1,902.50
OI002765,O01333,P015,3,655.50
OI002766,O01333,P005,3,589.00
OI002767,O01334,P037,1,648.00
OI002768,O01335,P029,1,544.00
OI002769,O01336,P002,1,3040.00
OI002770,O01337,P034,1,342.00
OI002771,O01337,P008,1,4600.00
OI002772,O01337,P016,1,442.00
OI002773,O01337,P001,3,1305.00
OI002774,O01338,P029,1,640.00
OI002775,O01338,P003,1,780.00
OI002776,O01339,P020,2,920.00
OI002777,O01339,P018,2,292.50
OI002778,O01339,P004,2,1035.00
OI002779,O01340,P010,1,2612.50
OI002780,O01341,P001,2,1232.50
OI002781,O01341,P020,1,862.50
OI002782,O01341,P023,3,310.00
OI002783,O01341,P034,3,342.00
OI002784,O01342,P014,2,260.00
OI002785,O01343,P031,1,450.00
OI002786,O01343,P002,1,3200.00
OI002787,O01344,P040,2,1980.00
OI002788,O01344,P030,2,220.00
OI002789,O01344,P023,1,294.50
OI002790,O01344,P017,1,1320.00
OI002791,O01345,P010,1,2612.50
OI002792,O01345,P019,1,833.00
OI002793,O01345,P008,1,4600.00
OI002794,O01345,P025,1,252.00
OI002795,O01346,P025,2,280.00
OI002796,O01346,P029,1,544.00
OI002797,O01347,P023,1,294.50
OI002798,O01348,P001,1,1377.50
OI002799,O01348,P012,1,410.00
OI002800,O01349,P036,1,313.50
OI002801,O01349,P026,2,783.00
OI002802,O01349,P019,1,833.00
OI002803,O01350,P004,1,1035.00
OI002804,O01350,P017,2,1650.00
OI002805,O01350,P015,1,655.50
OI002806,O01351,P007,2,1890.00
OI002807,O01352,P023,1,310.00
OI002808,O01353,P002,3,3040.00
OI002809,O01354,P020,2,1035.00
OI002810,O01355,P019,2,833.00
OI002811,O01356,P013,1,432.00
OI002812,O01356,P003,2,780.00
OI002813,O01357,P025,1,266.00
OI002814,O01357,P005,1,620.00
OI002815,O01358,P024,4,1575.00
OI002816,O01359,P007,2,1795.50
OI002817,O01359,P023,2,310.00
OI002818,O01359,P017,1,1320.00
OI002819,O01359,P021,1,610.00
OI002820,O01360,P027,2,990.00
OI002821,O01361,P025,2,266.00
OI002822,O01361,P024,1,1750.00
OI002823,O01362,P033,1,290.00
OI002824,O01363,P003,1,780.00
OI002825,O01363,P011,1,1188.00
OI002826,O01364,P024,3,1750.00
OI002827,O01364,P005,2,620.00
OI002828,O01365,P004,1,1035.00
OI002829,O01365,P018,1,331.50
OI002830,O01365,P003,1,780.00
OI002831,O01366,P033,1,290.00
OI002832,O01366,P012,2,410.00
OI002833,O01366,P007,2,1795.50
OI002834,O01367,P005,1,589.00
OI002835,O01368,P005,1,589.00
OI002836,O01369,P029,1,608.00
OI002837,O01370,P004,1,1150.00
OI002838,O01371,P002,1,3200.00
OI002839,O01372,P040,1,1881.00
OI002840,O01372,P028,3,684.00
OI002841,O01373,P004,1,1035.00
OI002842,O01373,P003,1,663.00
OI002843,O01373,P036,1,280.50
OI002844,O01374,P029,1,640.00
OI002845,O01375,P034,1,342.00
OI002846,O01375,P007,1,1890.00
OI002847,O01376,P012,1,369.00
OI002848,O01377,P006,1,540.00
OI002849,O01377,P003,2,780.00
OI002850,O01378,P010,1,2475.00
OI002851,O01378,P003,4,780.00
OI002852,O01378,P030,2,220.00
OI002853,O01379,P033,1,290.00
OI002854,O01379,P021,1,518.50
OI002855,O01380,P010,3,2750.00
OI002856,O01381,P004,2,1035.00
OI002857,O01381,P024,1,1662.50
OI002858,O01382,P036,1,313.50
OI002859,O01382,P007,1,1890.00
OI002860,O01382,P040,2,1980.00
OI002861,O01383,P001,1,1450.00
OI002862,O01383,P019,2,980.00
OI002863,O01384,P017,2,1237.50
OI002864,O01385,P036,1,313.50
OI002865,O01385,P001,2,1450.00
OI002866,O01386,P008,1,4140.00
OI002867,O01387,P019,1,882.00
OI002868,O01387,P025,1,280.00
OI002869,O01388,P004,1,1035.00
OI002870,O01388,P040,1,1782.00
OI002871,O01388,P033,1,290.00
OI002872,O01389,P013,3,456.00
OI002873,O01389,P039,1,207.00
OI002874,O01389,P007,1,1890.00
OI002875,O01390,P001,3,1377.50
OI002876,O01391,P010,1,2750.00
OI002877,O01392,P015,2,655.50
OI002878,O01393,P011,4,1188.00
OI002879,O01394,P029,1,640.00
OI002880,O01394,P018,2,351.00
OI002881,O01395,P006,1,459.00
OI002882,O01395,P040,1,1881.00
OI002883,O01395,P016,1,442.00
OI002884,O01396,P005,1,620.00
OI002885,O01397,P012,2,389.50
OI002886,O01398,P015,1,690.00
OI002887,O01399,P011,1,1254.00
OI002888,O01399,P020,1,1150.00
OI002889,O01400,P018,4,292.50
OI002890,O01400,P010,1,2612.50
OI002891,O01400,P023,1,279.00
OI002892,O01401,P007,1,1890.00
OI002893,O01401,P026,1,870.00
OI002894,O01402,P023,2,310.00
OI002895,O01402,P027,2,940.50
OI002896,O01402,P016,1,416.00
OI002897,O01402,P006,1,513.00
OI002898,O01403,P005,1,589.00
OI002899,O01403,P019,1,882.00
OI002900,O01403,P008,1,4600.00
OI002901,O01404,P034,1,324.00
OI002902,O01404,P039,1,230.00
OI002903,O01405,P007,2,1890.00
OI002904,O01405,P020,1,862.50
OI002905,O01406,P024,3,1662.50
OI002906,O01406,P018,1,292.50
OI002907,O01406,P011,2,1320.00
OI002908,O01407,P011,1,1188.00
OI002909,O01408,P011,1,1320.00
OI002910,O01408,P012,1,369.00
OI002911,O01409,P004,2,1150.00
OI002912,O01410,P025,1,280.00
OI002913,O01410,P010,3,2612.50
OI002914,O01410,P018,3,292.50
OI002915,O01410,P038,1,171.00
OI002916,O01411,P003,1,780.00
OI002917,O01412,P007,2,1890.00
OI002918,O01412,P010,1,2750.00
OI002919,O01413,P018,1,351.00
OI002920,O01414,P027,1,990.00
OI002921,O01414,P025,1,280.00
OI002922,O01415,P021,1,549.00
OI002923,O01415,P013,1,480.00
OI002924,O01416,P033,1,290.00
OI002925,O01417,P007,2,1890.00
OI002926,O01417,P025,2,252.00
OI002927,O01418,P016,1,442.00
OI002928,O01418,P005,1,620.00
OI002929,O01419,P013,2,432.00
OI002930,O01419,P034,3,360.00
OI002931,O01419,P016,2,442.00
OI002932,O01420,P024,3,1662.50
OI002933,O01420,P025,3,280.00
OI002934,O01421,P004,1,1150.00
OI002935,O01422,P011,1,1188.00
OI002936,O01422,P017,2,1650.00
OI002937,O01422,P013,1,408.00
OI002938,O01422,P010,1,2337.50
OI002939,O01423,P017,1,1237.50
OI002940,O01424,P013,2,408.00
OI002941,O01424,P023,1,310.00
OI002942,O01425,P003,1,780.00
OI002943,O01425,P024,1,1750.00
OI007531,O03700,P035,5,2160.00
OI002944,O01425,P015,1,690.00
OI002945,O01425,P009,1,855.00
OI002946,O01426,P003,3,741.00
OI002947,O01427,P028,1,722.00
OI002948,O01427,P001,1,1450.00
OI002949,O01427,P023,2,310.00
OI002950,O01428,P016,1,416.00
OI002951,O01429,P008,2,4600.00
OI002952,O01429,P021,2,457.50
OI002953,O01430,P025,2,238.00
OI002954,O01430,P019,1,784.00
OI002955,O01431,P015,3,690.00
OI002956,O01432,P020,1,977.50
OI002957,O01432,P026,3,870.00
OI002958,O01432,P017,2,1650.00
OI002959,O01432,P003,3,780.00
OI002960,O01433,P010,1,2475.00
OI002961,O01433,P036,2,297.00
OI002962,O01434,P004,2,1150.00
OI002963,O01434,P016,2,416.00
OI002964,O01434,P021,4,518.50
OI002965,O01434,P039,1,207.00
OI002966,O01435,P034,1,342.00
OI002967,O01435,P003,2,780.00
OI002968,O01436,P011,1,1254.00
OI002969,O01436,P013,3,480.00
OI002970,O01436,P001,2,1450.00
OI002971,O01436,P023,2,279.00
OI002972,O01437,P039,1,207.00
OI002973,O01438,P007,2,1795.50
OI002974,O01439,P014,1,247.00
OI002975,O01440,P023,1,310.00
OI002976,O01440,P010,1,2612.50
OI002977,O01441,P001,3,1450.00
OI002978,O01441,P016,3,416.00
OI002979,O01441,P006,3,540.00
OI002980,O01442,P002,1,3200.00
OI002981,O01443,P024,1,1575.00
OI002982,O01444,P026,1,783.00
OI002983,O01444,P021,1,610.00
OI002984,O01445,P024,1,1750.00
OI002985,O01446,P015,5,690.00
OI002986,O01447,P038,1,180.50
OI002987,O01447,P021,2,488.00
OI002988,O01448,P002,3,2880.00
OI002989,O01448,P013,1,480.00
OI002990,O01449,P001,1,1450.00
OI002991,O01449,P026,1,826.50
OI002992,O01450,P001,2,1450.00
OI002993,O01451,P020,1,977.50
OI002994,O01452,P014,1,234.00
OI002995,O01452,P010,1,2612.50
OI002996,O01453,P001,1,1305.00
OI002997,O01453,P021,1,610.00
OI002998,O01454,P012,2,389.50
OI002999,O01455,P037,2,720.00
OI003000,O01456,P008,3,4370.00
OI003001,O01456,P026,1,783.00
OI003002,O01457,P012,1,369.00
OI003003,O01458,P017,1,1237.50
OI003004,O01458,P011,1,1320.00
OI003005,O01458,P005,2,558.00
OI003006,O01458,P015,3,690.00
OI003007,O01459,P020,1,920.00
OI003008,O01459,P026,1,826.50
OI003009,O01460,P020,1,977.50
OI003010,O01460,P033,1,246.50
OI003011,O01461,P008,1,4600.00
OI003012,O01461,P003,2,663.00
OI003013,O01461,P005,1,527.00
OI003014,O01461,P025,2,238.00
OI003015,O01462,P017,1,1650.00
OI003016,O01462,P025,1,266.00
OI003017,O01462,P024,2,1575.00
OI003018,O01463,P040,1,1881.00
OI003019,O01463,P025,1,252.00
OI003020,O01464,P016,3,390.00
OI003021,O01464,P005,1,620.00
OI003022,O01464,P040,3,1881.00
OI003023,O01465,P034,2,324.00
OI003024,O01465,P008,2,4370.00
OI003025,O01465,P003,1,780.00
OI003026,O01466,P003,1,780.00
OI003027,O01467,P003,1,780.00
OI003028,O01467,P038,1,180.50
OI003029,O01468,P017,3,1650.00
OI003030,O01468,P039,3,230.00
OI003031,O01468,P024,3,1575.00
OI003032,O01469,P015,1,586.50
OI003033,O01469,P002,1,2720.00
OI003034,O01470,P031,1,427.50
OI003035,O01471,P025,2,238.00
OI003036,O01472,P027,1,940.50
OI003037,O01472,P024,3,1750.00
OI003038,O01473,P023,1,310.00
OI003039,O01473,P005,1,620.00
OI003040,O01473,P025,1,252.00
OI003041,O01473,P019,1,980.00
OI003042,O01474,P031,2,450.00
OI003043,O01474,P025,3,266.00
OI003044,O01475,P019,2,980.00
OI003045,O01476,P007,2,1795.50
OI003046,O01477,P017,1,1485.00
OI003047,O01477,P011,1,1320.00
OI003048,O01478,P034,1,342.00
OI003049,O01479,P036,1,297.00
OI003050,O01479,P004,1,1150.00
OI003051,O01480,P034,1,324.00
OI003052,O01481,P036,1,313.50
OI003053,O01482,P019,2,833.00
OI003054,O01483,P006,1,540.00
OI003055,O01484,P012,1,410.00
OI003056,O01484,P033,2,290.00
OI003057,O01485,P034,3,342.00
OI003058,O01486,P029,1,640.00
OI003059,O01487,P007,1,1890.00
OI003060,O01487,P020,2,1035.00
OI003061,O01487,P006,1,540.00
OI003062,O01487,P018,1,390.00
OI003063,O01488,P019,1,735.00
OI003064,O01489,P004,1,1150.00
OI003065,O01489,P006,1,540.00
OI003066,O01489,P001,1,1305.00
OI003067,O01490,P003,1,741.00
OI003068,O01490,P021,1,518.50
OI003069,O01491,P033,2,290.00
OI003070,O01491,P015,1,586.50
OI003071,O01492,P023,1,310.00
OI003072,O01492,P011,2,1254.00
OI003073,O01493,P012,3,410.00
OI003074,O01493,P010,2,2750.00
OI003075,O01493,P031,2,427.50
OI003076,O01494,P007,1,1890.00
OI003077,O01495,P030,1,220.00
OI003078,O01495,P010,1,2475.00
OI003079,O01495,P019,2,882.00
OI003080,O01496,P010,1,2337.50
OI003081,O01496,P031,1,382.50
OI003082,O01497,P034,3,324.00
OI003083,O01497,P010,3,2612.50
OI003084,O01498,P019,3,784.00
OI003085,O01499,P002,2,3200.00
OI003086,O01499,P024,1,1487.50
OI003087,O01499,P010,2,2750.00
OI003088,O01499,P030,1,187.00
OI003089,O01500,P026,1,783.00
OI003090,O01500,P028,1,684.00
OI003091,O01500,P024,1,1750.00
OI003092,O01501,P011,1,1188.00
OI003093,O01501,P019,1,735.00
OI003094,O01502,P001,1,1305.00
OI003095,O01502,P009,1,950.00
OI003096,O01502,P035,2,2400.00
OI003097,O01503,P007,3,1890.00
OI003098,O01503,P025,1,280.00
OI003099,O01504,P004,1,1092.50
OI003100,O01504,P019,2,735.00
OI003101,O01505,P016,2,468.00
OI003102,O01506,P024,1,1662.50
OI005843,O02854,P004,1,1035.00
OI003103,O01507,P025,2,252.00
OI003104,O01507,P039,3,195.50
OI003105,O01508,P005,2,620.00
OI003106,O01508,P001,1,1305.00
OI003107,O01508,P039,1,218.50
OI003108,O01508,P008,1,4600.00
OI003109,O01509,P023,1,294.50
OI003110,O01510,P030,1,209.00
OI003111,O01510,P024,2,1575.00
OI003112,O01510,P035,1,2400.00
OI003113,O01510,P001,1,1450.00
OI003114,O01511,P023,1,310.00
OI003115,O01511,P028,1,722.00
OI003116,O01511,P006,1,540.00
OI003117,O01511,P017,1,1402.50
OI003118,O01512,P001,2,1450.00
OI003119,O01512,P007,2,1890.00
OI003120,O01512,P019,4,784.00
OI003121,O01513,P037,1,720.00
OI003122,O01514,P010,1,2337.50
OI003123,O01515,P038,1,171.00
OI003124,O01516,P039,1,230.00
OI003125,O01517,P024,1,1662.50
OI003126,O01518,P033,1,246.50
OI003127,O01519,P008,2,4600.00
OI003128,O01520,P017,1,1402.50
OI003129,O01520,P040,3,1980.00
OI003130,O01520,P024,3,1750.00
OI003131,O01521,P004,1,1150.00
OI003132,O01522,P034,3,324.00
OI003133,O01522,P006,1,486.00
OI003134,O01523,P016,1,442.00
OI003135,O01523,P001,2,1232.50
OI003136,O01523,P002,1,3200.00
OI003137,O01524,P011,2,1320.00
OI003138,O01524,P023,1,310.00
OI003139,O01525,P011,1,1320.00
OI003140,O01525,P025,1,266.00
OI003141,O01526,P026,2,870.00
OI003142,O01527,P003,1,780.00
OI003143,O01527,P017,2,1650.00
OI003144,O01527,P008,1,4600.00
OI003145,O01528,P010,3,2750.00
OI003146,O01528,P015,3,690.00
OI003147,O01528,P004,3,1150.00
OI003148,O01529,P004,1,1150.00
OI003149,O01530,P016,3,520.00
OI003150,O01530,P024,1,1750.00
OI003151,O01531,P017,1,1402.50
OI003152,O01531,P008,2,4600.00
OI003153,O01531,P009,3,950.00
OI003154,O01531,P014,2,221.00
OI003155,O01532,P023,2,294.50
OI003156,O01532,P038,1,171.00
OI003157,O01532,P029,1,608.00
OI003158,O01533,P010,1,2750.00
OI003159,O01533,P028,2,722.00
OI003160,O01533,P011,2,1254.00
OI003161,O01534,P005,2,620.00
OI003162,O01535,P007,2,1606.50
OI003163,O01536,P038,2,171.00
OI003164,O01536,P007,1,1890.00
OI003165,O01536,P003,2,780.00
OI003166,O01537,P038,1,171.00
OI003167,O01538,P011,3,1320.00
OI003168,O01539,P004,2,1092.50
OI003169,O01539,P039,1,207.00
OI003170,O01539,P018,1,331.50
OI003171,O01539,P037,2,720.00
OI003172,O01540,P009,3,807.50
OI003173,O01540,P020,1,977.50
OI003174,O01541,P009,2,950.00
OI003175,O01542,P015,3,586.50
OI003176,O01542,P020,3,862.50
OI003177,O01542,P012,1,369.00
OI003178,O01542,P023,1,263.50
OI003179,O01543,P010,1,2475.00
OI003180,O01543,P001,1,1377.50
OI003181,O01543,P027,1,990.00
OI003182,O01544,P007,1,1890.00
OI003183,O01544,P012,1,410.00
OI003184,O01544,P016,2,390.00
OI003185,O01545,P015,1,621.00
OI003186,O01545,P009,2,950.00
OI003187,O01545,P040,1,1980.00
OI003188,O01546,P011,1,1188.00
OI003189,O01546,P008,1,4600.00
OI003190,O01546,P020,2,920.00
OI003191,O01547,P007,3,1890.00
OI003192,O01548,P021,2,549.00
OI003193,O01549,P016,1,442.00
OI003194,O01549,P034,2,342.00
OI003195,O01549,P005,1,620.00
OI003196,O01549,P039,1,218.50
OI003197,O01550,P023,1,294.50
OI003198,O01550,P007,1,1701.00
OI003199,O01551,P027,1,990.00
OI003200,O01552,P001,1,1450.00
OI003201,O01552,P003,2,702.00
OI003202,O01552,P027,1,940.50
OI003203,O01553,P010,3,2475.00
OI003204,O01553,P039,1,207.00
OI003205,O01554,P010,2,2750.00
OI003206,O01554,P003,1,780.00
OI003207,O01554,P014,1,260.00
OI004371,O02134,P012,3,410.00
OI003208,O01555,P038,1,171.00
OI003209,O01555,P003,1,780.00
OI003210,O01555,P035,1,2280.00
OI003211,O01556,P027,2,990.00
OI003212,O01556,P010,1,2750.00
OI003213,O01557,P034,2,360.00
OI003214,O01557,P004,1,1150.00
OI003215,O01558,P020,1,862.50
OI003216,O01558,P011,1,1254.00
OI003217,O01558,P017,1,1320.00
OI003218,O01559,P020,1,862.50
OI003219,O01559,P027,1,891.00
OI003220,O01560,P027,1,990.00
OI003221,O01560,P029,1,640.00
OI003222,O01561,P015,2,655.50
OI003223,O01562,P030,1,209.00
OI003224,O01563,P023,1,310.00
OI003225,O01564,P018,1,331.50
OI003226,O01564,P001,1,1232.50
OI003227,O01565,P007,1,1890.00
OI003228,O01565,P003,1,741.00
OI003229,O01565,P035,1,2160.00
OI003230,O01566,P017,2,1650.00
OI003231,O01567,P030,2,220.00
OI003232,O01567,P011,1,1320.00
OI003233,O01568,P016,2,416.00
OI003234,O01568,P038,1,171.00
OI003235,O01568,P010,1,2750.00
OI003236,O01569,P029,1,640.00
OI003237,O01569,P005,1,589.00
OI003238,O01570,P033,2,246.50
OI003239,O01570,P013,3,408.00
OI003240,O01571,P017,3,1650.00
OI003241,O01571,P024,2,1662.50
OI003242,O01571,P018,1,292.50
OI003243,O01572,P019,1,784.00
OI003244,O01572,P009,1,807.50
OI003245,O01572,P024,2,1487.50
OI003246,O01572,P002,1,3200.00
OI003247,O01573,P010,2,2750.00
OI003248,O01574,P035,1,2400.00
OI003249,O01574,P008,1,4600.00
OI003250,O01574,P024,2,1750.00
OI003251,O01574,P001,2,1305.00
OI003252,O01575,P018,1,351.00
OI003253,O01575,P021,1,518.50
OI003254,O01576,P011,3,1320.00
OI003255,O01576,P002,1,2880.00
OI003256,O01576,P031,2,450.00
OI003257,O01577,P014,1,260.00
OI003258,O01577,P024,2,1750.00
OI003259,O01577,P025,1,266.00
OI001257,O00608,P003,2,663.00
OI003260,O01578,P039,1,230.00
OI003261,O01578,P040,2,1980.00
OI003262,O01578,P012,1,369.00
OI003263,O01579,P011,3,1254.00
OI003264,O01580,P005,3,620.00
OI003265,O01580,P010,2,2475.00
OI003266,O01580,P021,3,518.50
OI003267,O01581,P009,2,950.00
OI003268,O01582,P040,3,1782.00
OI003269,O01583,P034,1,324.00
OI003270,O01583,P026,1,783.00
OI003271,O01583,P019,1,980.00
OI003272,O01584,P017,2,1402.50
OI003273,O01585,P029,3,608.00
OI003274,O01585,P011,3,1188.00
OI003275,O01586,P023,1,294.50
OI003276,O01586,P020,1,1150.00
OI003277,O01587,P020,3,1150.00
OI003278,O01587,P023,1,263.50
OI003279,O01588,P020,2,1035.00
OI003280,O01588,P006,3,540.00
OI003281,O01589,P005,5,558.00
OI003282,O01589,P030,3,220.00
OI003283,O01589,P003,1,780.00
OI003284,O01589,P010,2,2750.00
OI003285,O01590,P038,1,190.00
OI003286,O01590,P006,3,459.00
OI003287,O01590,P017,1,1320.00
OI003288,O01590,P015,1,621.00
OI003289,O01591,P025,1,252.00
OI003290,O01591,P035,1,2400.00
OI003291,O01591,P003,3,741.00
OI003292,O01592,P034,2,360.00
OI003293,O01592,P003,1,780.00
OI003294,O01593,P019,1,833.00
OI003295,O01593,P027,1,891.00
OI003296,O01594,P020,1,977.50
OI003297,O01594,P015,1,690.00
OI003298,O01595,P028,1,684.00
OI003299,O01596,P029,3,608.00
OI003300,O01596,P003,1,780.00
OI003301,O01597,P028,3,684.00
OI003302,O01598,P021,1,488.00
OI003303,O01598,P015,2,690.00
OI003304,O01599,P017,1,1320.00
OI003305,O01600,P004,3,1150.00
OI003306,O01600,P039,4,230.00
OI003307,O01601,P007,1,1701.00
OI003308,O01602,P008,2,4600.00
OI003309,O01603,P015,1,655.50
OI003310,O01603,P023,1,294.50
OI003311,O01604,P019,1,980.00
OI003312,O01604,P017,1,1237.50
OI003313,O01605,P010,1,2475.00
OI003314,O01606,P021,1,488.00
OI003315,O01606,P005,1,620.00
OI003316,O01607,P011,1,1320.00
OI003317,O01608,P036,3,313.50
OI003318,O01609,P025,1,252.00
OI003319,O01609,P038,1,180.50
OI003320,O01609,P024,2,1662.50
OI003321,O01610,P035,1,2280.00
OI003322,O01611,P033,1,290.00
OI003323,O01611,P040,1,1980.00
OI003324,O01611,P003,1,741.00
OI003325,O01612,P013,2,480.00
OI003326,O01613,P039,1,195.50
OI003327,O01614,P011,2,1320.00
OI003328,O01614,P023,1,310.00
OI003329,O01615,P013,1,480.00
OI003330,O01615,P038,1,171.00
OI003331,O01615,P016,2,442.00
OI003332,O01616,P025,2,266.00
OI003333,O01616,P026,2,783.00
OI003334,O01617,P037,1,720.00
OI003335,O01617,P003,3,780.00
OI003336,O01618,P010,1,2750.00
OI003337,O01618,P001,1,1232.50
OI003338,O01619,P006,4,486.00
OI003339,O01620,P018,1,312.00
OI003340,O01620,P001,1,1450.00
OI003341,O01620,P016,1,416.00
OI003342,O01620,P024,1,1575.00
OI003343,O01621,P015,2,655.50
OI003344,O01621,P009,1,902.50
OI003345,O01622,P023,1,279.00
OI003346,O01622,P040,2,1881.00
OI003347,O01623,P015,2,621.00
OI003348,O01624,P016,1,442.00
OI003349,O01624,P017,3,1485.00
OI003350,O01625,P007,3,1795.50
OI003351,O01625,P029,4,640.00
OI003352,O01626,P037,1,612.00
OI003353,O01626,P015,1,586.50
OI003354,O01627,P010,1,2750.00
OI003355,O01627,P005,1,620.00
OI003356,O01627,P016,1,442.00
OI003357,O01628,P015,1,690.00
OI003358,O01629,P036,2,313.50
OI003359,O01629,P002,1,3040.00
OI003360,O01629,P020,1,1150.00
OI003361,O01630,P012,3,410.00
OI003362,O01630,P004,5,1150.00
OI003363,O01630,P001,2,1305.00
OI003364,O01631,P023,2,294.50
OI003365,O01631,P001,3,1377.50
OI003366,O01632,P008,1,4600.00
OI003367,O01632,P005,2,620.00
OI003368,O01632,P020,1,1035.00
OI003369,O01633,P014,1,260.00
OI003370,O01633,P024,1,1487.50
OI003371,O01634,P038,2,161.50
OI003372,O01634,P002,1,2720.00
OI003373,O01634,P027,1,841.50
OI003374,O01634,P021,1,518.50
OI003375,O01635,P016,1,520.00
OI003376,O01635,P013,1,480.00
OI003377,O01636,P017,3,1650.00
OI003378,O01637,P016,1,442.00
OI003379,O01637,P003,1,780.00
OI003380,O01638,P008,1,4140.00
OI003381,O01639,P026,2,870.00
OI003382,O01639,P038,1,180.50
OI003383,O01639,P017,3,1402.50
OI003384,O01639,P036,3,330.00
OI003385,O01640,P029,1,640.00
OI003386,O01641,P029,4,544.00
OI003387,O01641,P040,2,1782.00
OI003388,O01642,P018,1,331.50
OI003389,O01643,P027,1,990.00
OI003390,O01643,P015,4,621.00
OI003391,O01644,P019,1,980.00
OI003392,O01644,P017,1,1237.50
OI003393,O01645,P003,1,702.00
OI003394,O01645,P021,2,518.50
OI003395,O01646,P038,5,180.50
OI003396,O01647,P021,1,457.50
OI003397,O01647,P009,2,950.00
OI003398,O01647,P028,1,760.00
OI003399,O01648,P033,1,290.00
OI003400,O01648,P006,2,513.00
OI003401,O01649,P039,1,218.50
OI003402,O01650,P040,3,1683.00
OI003403,O01651,P003,1,702.00
OI003404,O01651,P031,2,450.00
OI003405,O01651,P023,1,310.00
OI003406,O01652,P040,1,1782.00
OI003407,O01652,P010,1,2612.50
OI003408,O01652,P026,1,870.00
OI003409,O01653,P002,2,3200.00
OI003410,O01653,P005,2,527.00
OI003411,O01653,P019,1,882.00
OI003412,O01653,P004,3,977.50
OI003413,O01654,P040,1,1980.00
OI003414,O01654,P018,4,331.50
OI003415,O01655,P016,1,442.00
OI003416,O01655,P018,1,331.50
OI003417,O01656,P003,1,780.00
OI003418,O01657,P008,1,4370.00
OI003419,O01658,P010,1,2475.00
OI003420,O01659,P040,1,1881.00
OI003421,O01660,P001,1,1450.00
OI003422,O01661,P019,1,735.00
OI003423,O01662,P018,1,390.00
OI003424,O01662,P039,1,207.00
OI003425,O01662,P023,1,310.00
OI003426,O01663,P024,1,1750.00
OI003427,O01664,P010,1,2750.00
OI003428,O01665,P003,1,663.00
OI003429,O01666,P006,2,513.00
OI003430,O01666,P015,2,586.50
OI003431,O01666,P021,2,610.00
OI003432,O01667,P023,1,294.50
OI003433,O01667,P002,1,3200.00
OI003434,O01668,P038,1,171.00
OI003435,O01668,P019,1,882.00
OI003436,O01669,P010,1,2475.00
OI003437,O01670,P018,1,390.00
OI003438,O01671,P017,1,1650.00
OI003439,O01671,P004,1,977.50
OI003440,O01672,P036,2,313.50
OI003441,O01673,P016,1,442.00
OI003442,O01674,P028,1,684.00
OI003443,O01675,P024,1,1750.00
OI003444,O01675,P001,1,1377.50
OI003445,O01676,P011,1,1188.00
OI003446,O01676,P018,1,351.00
OI003447,O01676,P010,1,2750.00
OI003448,O01677,P028,2,760.00
OI003449,O01677,P004,1,1150.00
OI003450,O01677,P001,1,1305.00
OI003451,O01678,P012,1,410.00
OI003452,O01678,P002,2,3200.00
OI003453,O01678,P015,1,655.50
OI003454,O01679,P012,1,348.50
OI003455,O01679,P024,2,1487.50
OI003456,O01679,P037,1,720.00
OI003457,O01680,P024,3,1575.00
OI003458,O01680,P038,1,190.00
OI003459,O01681,P031,2,450.00
OI003460,O01681,P034,1,324.00
OI003461,O01682,P012,3,410.00
OI003462,O01682,P023,3,294.50
OI003463,O01683,P010,1,2475.00
OI003464,O01683,P012,1,410.00
OI003465,O01683,P018,1,390.00
OI003466,O01683,P028,1,684.00
OI003467,O01684,P031,1,427.50
OI003468,O01685,P012,2,410.00
OI003469,O01686,P002,1,3200.00
OI003470,O01687,P004,3,1035.00
OI003471,O01687,P010,1,2750.00
OI003472,O01687,P006,1,459.00
OI003473,O01687,P017,1,1402.50
OI003474,O01688,P030,1,220.00
OI003475,O01688,P018,2,390.00
OI003476,O01689,P039,1,207.00
OI003477,O01690,P005,1,620.00
OI003478,O01690,P035,1,2160.00
OI003479,O01690,P020,2,1035.00
OI003480,O01691,P019,1,833.00
OI003481,O01692,P034,1,342.00
OI003482,O01693,P005,1,620.00
OI003483,O01693,P020,1,1035.00
OI003484,O01693,P002,2,3200.00
OI003485,O01693,P010,1,2750.00
OI003486,O01694,P036,1,330.00
OI003487,O01694,P028,3,684.00
OI003488,O01695,P019,1,833.00
OI003489,O01695,P003,1,780.00
OI003490,O01695,P033,2,275.50
OI003491,O01696,P034,3,360.00
OI003492,O01696,P016,3,390.00
OI003493,O01697,P015,2,690.00
OI003494,O01697,P011,3,1320.00
OI003495,O01698,P021,1,549.00
OI003496,O01698,P019,1,784.00
OI003497,O01698,P001,1,1450.00
OI003498,O01699,P002,2,3040.00
OI003499,O01699,P037,2,612.00
OI003500,O01700,P001,1,1450.00
OI003501,O01701,P003,3,780.00
OI003502,O01702,P033,2,290.00
OI003503,O01702,P037,5,720.00
OI003504,O01703,P040,1,1782.00
OI003505,O01704,P008,1,4600.00
OI003506,O01705,P012,3,389.50
OI003507,O01706,P025,2,252.00
OI003508,O01706,P005,1,620.00
OI003509,O01706,P033,1,290.00
OI003510,O01707,P023,1,310.00
OI003511,O01707,P024,1,1750.00
OI003512,O01708,P025,2,238.00
OI003513,O01708,P012,1,389.50
OI003514,O01709,P019,1,735.00
OI003515,O01709,P004,1,1150.00
OI003516,O01709,P011,3,1320.00
OI003517,O01710,P005,1,620.00
OI003518,O01710,P018,1,331.50
OI003519,O01710,P002,1,2880.00
OI003520,O01710,P013,1,432.00
OI003521,O01711,P023,1,310.00
OI003522,O01712,P010,2,2475.00
OI003523,O01713,P021,3,610.00
OI003524,O01714,P004,1,1092.50
OI003525,O01714,P017,1,1320.00
OI003526,O01714,P009,2,950.00
OI003527,O01715,P040,1,1980.00
OI003528,O01716,P003,1,741.00
OI003529,O01717,P011,2,1188.00
OI003530,O01717,P024,3,1662.50
OI003531,O01718,P018,1,331.50
OI003532,O01718,P013,3,456.00
OI003533,O01719,P035,1,2280.00
OI003534,O01720,P014,1,247.00
OI003535,O01720,P012,2,410.00
OI003536,O01720,P006,1,540.00
OI003537,O01720,P005,1,589.00
OI003538,O01721,P026,1,870.00
OI003539,O01721,P010,1,2750.00
OI003540,O01722,P029,2,640.00
OI003541,O01722,P018,2,390.00
OI003542,O01722,P002,1,2880.00
OI003543,O01722,P037,1,684.00
OI003544,O01723,P034,1,360.00
OI003545,O01723,P011,1,1188.00
OI003546,O01723,P019,1,784.00
OI003547,O01724,P014,1,260.00
OI003548,O01725,P003,1,741.00
OI003549,O01725,P009,1,950.00
OI003550,O01725,P023,2,279.00
OI003551,O01726,P014,1,234.00
OI003552,O01727,P031,4,382.50
OI003553,O01727,P008,2,3910.00
OI003554,O01727,P029,2,640.00
OI003555,O01728,P024,3,1750.00
OI003556,O01728,P033,2,275.50
OI003557,O01729,P012,2,369.00
OI003558,O01730,P024,3,1575.00
OI003559,O01731,P033,1,290.00
OI003560,O01732,P007,1,1890.00
OI003561,O01732,P010,2,2750.00
OI003562,O01732,P004,1,1035.00
OI003563,O01733,P004,1,1035.00
OI003564,O01733,P017,2,1237.50
OI003565,O01734,P035,1,2160.00
OI003566,O01735,P025,2,280.00
OI003567,O01735,P030,2,220.00
OI003568,O01736,P017,2,1402.50
OI003569,O01737,P010,1,2612.50
OI003570,O01738,P034,2,360.00
OI003571,O01739,P003,1,780.00
OI003572,O01740,P035,3,2160.00
OI003573,O01740,P040,1,1980.00
OI003574,O01741,P010,2,2750.00
OI003575,O01741,P003,3,780.00
OI003576,O01741,P023,1,310.00
OI003577,O01741,P026,1,783.00
OI003578,O01742,P015,2,690.00
OI003579,O01743,P030,1,220.00
OI003580,O01744,P039,3,207.00
OI003581,O01744,P028,3,684.00
OI003582,O01744,P003,1,780.00
OI003583,O01745,P021,1,518.50
OI003584,O01745,P007,3,1890.00
OI003585,O01745,P013,1,432.00
OI003586,O01746,P011,2,1320.00
OI003587,O01747,P010,1,2750.00
OI003588,O01748,P014,1,260.00
OI003589,O01748,P002,2,3200.00
OI003590,O01749,P010,1,2750.00
OI003591,O01750,P030,1,209.00
OI003592,O01751,P010,1,2750.00
OI003593,O01751,P039,1,207.00
OI003594,O01752,P027,1,940.50
OI003595,O01752,P037,1,684.00
OI003596,O01752,P003,2,780.00
OI003597,O01753,P005,1,558.00
OI003598,O01754,P016,1,390.00
OI003599,O01754,P001,1,1450.00
OI003600,O01755,P023,2,310.00
OI003601,O01755,P025,3,266.00
OI003602,O01755,P036,2,330.00
OI003603,O01756,P028,1,684.00
OI003604,O01756,P039,1,195.50
OI003605,O01757,P018,3,351.00
OI003606,O01758,P009,2,950.00
OI003607,O01759,P038,2,180.50
OI003608,O01759,P018,3,390.00
OI003609,O01759,P030,1,220.00
OI003610,O01760,P003,2,702.00
OI003611,O01760,P024,1,1575.00
OI003612,O01760,P006,1,486.00
OI003613,O01760,P011,1,1320.00
OI003614,O01761,P039,1,218.50
OI003615,O01761,P001,1,1450.00
OI003616,O01762,P009,1,855.00
OI003617,O01763,P018,2,390.00
OI003618,O01763,P005,1,620.00
OI003619,O01764,P018,1,390.00
OI003620,O01764,P019,1,784.00
OI003621,O01764,P004,2,1150.00
OI003622,O01764,P038,2,180.50
OI003623,O01765,P039,3,230.00
OI003624,O01765,P025,3,252.00
OI003625,O01765,P010,1,2750.00
OI003626,O01766,P034,1,360.00
OI003627,O01767,P002,1,3200.00
OI003628,O01768,P011,1,1320.00
OI003629,O01768,P004,1,1150.00
OI003630,O01769,P013,1,408.00
OI003631,O01769,P005,2,620.00
OI003632,O01770,P003,1,780.00
OI003633,O01770,P006,1,540.00
OI003634,O01771,P004,3,1150.00
OI003635,O01771,P023,3,294.50
OI003636,O01771,P040,1,1881.00
OI003637,O01772,P001,1,1377.50
OI003638,O01772,P006,1,486.00
OI003639,O01772,P016,3,442.00
OI003640,O01772,P004,1,1150.00
OI003641,O01773,P010,1,2750.00
OI003642,O01773,P031,1,450.00
OI003643,O01774,P003,1,702.00
OI003644,O01775,P038,2,180.50
OI003645,O01775,P039,2,218.50
OI003646,O01776,P001,1,1450.00
OI003647,O01777,P023,1,310.00
OI003648,O01777,P010,3,2750.00
OI003649,O01777,P017,1,1402.50
OI003650,O01778,P001,1,1232.50
OI003651,O01778,P003,1,663.00
OI003652,O01779,P024,2,1750.00
OI003653,O01779,P020,1,862.50
OI003654,O01780,P028,1,760.00
OI003655,O01781,P024,2,1487.50
OI003656,O01782,P024,2,1750.00
OI003657,O01782,P023,1,310.00
OI003658,O01782,P009,1,950.00
OI003659,O01783,P005,1,620.00
OI003660,O01783,P027,5,990.00
OI003661,O01784,P038,2,180.50
OI003662,O01784,P010,1,2750.00
OI003663,O01784,P018,1,312.00
OI003664,O01785,P020,1,862.50
OI003665,O01785,P012,1,389.50
OI003666,O01785,P008,1,4370.00
OI003667,O01786,P001,1,1450.00
OI003668,O01786,P011,1,1320.00
OI003669,O01786,P027,1,990.00
OI003670,O01787,P001,2,1377.50
OI003671,O01787,P005,3,620.00
OI003672,O01788,P023,2,310.00
OI003673,O01788,P004,1,1150.00
OI003674,O01789,P011,1,1188.00
OI003675,O01789,P002,1,3200.00
OI003676,O01790,P018,1,390.00
OI003677,O01790,P015,3,690.00
OI003678,O01790,P034,1,342.00
OI003679,O01791,P025,2,252.00
OI003680,O01791,P023,1,310.00
OI003681,O01791,P026,1,739.50
OI003682,O01792,P024,1,1750.00
OI003683,O01792,P017,3,1320.00
OI003684,O01792,P004,1,1035.00
OI003685,O01793,P020,1,862.50
OI003686,O01794,P025,1,252.00
OI003687,O01795,P006,1,540.00
OI003688,O01795,P024,2,1750.00
OI003689,O01796,P009,2,950.00
OI003690,O01796,P021,1,457.50
OI003691,O01797,P026,1,783.00
OI003692,O01797,P036,1,297.00
OI003693,O01797,P005,2,589.00
OI003694,O01797,P003,1,741.00
OI003695,O01798,P006,1,513.00
OI003696,O01798,P010,1,2750.00
OI003697,O01799,P018,1,390.00
OI003698,O01799,P016,3,442.00
OI003699,O01800,P010,1,2750.00
OI003700,O01801,P002,1,3200.00
OI003701,O01801,P001,1,1305.00
OI003702,O01801,P035,1,2160.00
OI003703,O01801,P016,1,390.00
OI003704,O01802,P024,2,1487.50
OI003705,O01802,P034,1,306.00
OI003706,O01802,P017,1,1237.50
OI003707,O01803,P011,2,1254.00
OI003708,O01804,P001,1,1450.00
OI003709,O01805,P001,2,1232.50
OI003710,O01805,P023,1,294.50
OI003711,O01806,P024,3,1575.00
OI003712,O01806,P003,1,780.00
OI003713,O01807,P006,2,513.00
OI003714,O01807,P029,3,544.00
OI003715,O01807,P023,1,263.50
OI003716,O01808,P012,1,369.00
OI003717,O01808,P009,3,902.50
OI003718,O01809,P026,2,870.00
OI003719,O01809,P018,2,351.00
OI003720,O01810,P001,1,1232.50
OI003721,O01810,P005,1,527.00
OI003722,O01811,P024,1,1575.00
OI003723,O01811,P010,2,2337.50
OI003724,O01811,P003,2,663.00
OI003725,O01812,P025,2,238.00
OI003726,O01812,P020,1,1150.00
OI003727,O01813,P023,1,294.50
OI003728,O01813,P024,1,1750.00
OI003729,O01814,P005,3,527.00
OI003730,O01814,P027,2,841.50
OI003731,O01814,P024,2,1750.00
OI003732,O01814,P018,1,292.50
OI003733,O01815,P024,1,1575.00
OI003734,O01815,P023,1,294.50
OI003735,O01815,P017,3,1402.50
OI003736,O01816,P026,1,826.50
OI003737,O01817,P025,1,238.00
OI003738,O01817,P029,1,608.00
OI003739,O01818,P034,1,342.00
OI003740,O01819,P011,1,1320.00
OI003741,O01819,P001,1,1450.00
OI003742,O01820,P001,1,1450.00
OI003743,O01820,P003,2,702.00
OI003744,O01821,P006,1,540.00
OI003745,O01821,P018,1,390.00
OI003746,O01822,P003,2,780.00
OI003747,O01822,P037,2,684.00
OI003748,O01823,P033,1,290.00
OI003749,O01823,P016,1,390.00
OI003750,O01824,P026,2,870.00
OI003751,O01824,P035,1,2400.00
OI003752,O01825,P004,1,1035.00
OI003753,O01825,P006,2,540.00
OI003754,O01825,P011,1,1254.00
OI003755,O01825,P040,1,1980.00
OI003756,O01826,P011,3,1188.00
OI003757,O01826,P025,1,280.00
OI003758,O01827,P024,3,1750.00
OI003759,O01827,P001,1,1450.00
OI003760,O01828,P003,1,780.00
OI003761,O01828,P009,2,855.00
OI003762,O01828,P020,1,920.00
OI003763,O01829,P005,1,620.00
OI003764,O01830,P038,2,161.50
OI003765,O01830,P040,2,1980.00
OI003766,O01830,P034,3,360.00
OI003767,O01831,P038,1,171.00
OI003768,O01831,P025,1,252.00
OI003769,O01831,P017,1,1650.00
OI003770,O01832,P009,1,855.00
OI003771,O01832,P004,1,1150.00
OI003772,O01833,P018,1,351.00
OI003773,O01833,P038,1,190.00
OI003774,O01834,P010,1,2750.00
OI003775,O01834,P018,2,331.50
OI003776,O01835,P024,1,1575.00
OI003777,O01835,P005,1,558.00
OI003778,O01836,P025,2,266.00
OI003779,O01836,P017,1,1485.00
OI003780,O01837,P037,2,720.00
OI003781,O01837,P021,2,518.50
OI003782,O01837,P036,3,297.00
OI003783,O01838,P025,2,266.00
OI003784,O01839,P012,3,410.00
OI003785,O01839,P004,2,1092.50
OI003786,O01840,P027,1,891.00
OI003787,O01840,P019,1,784.00
OI003788,O01840,P024,1,1750.00
OI003789,O01841,P002,1,3200.00
OI003790,O01842,P023,1,294.50
OI003791,O01842,P019,1,735.00
OI003792,O01842,P024,1,1662.50
OI003793,O01843,P040,1,1980.00
OI003794,O01843,P001,2,1377.50
OI003795,O01843,P009,1,902.50
OI003796,O01844,P010,1,2750.00
OI003797,O01844,P001,1,1450.00
OI003798,O01845,P004,3,1150.00
OI003799,O01845,P008,1,4600.00
OI003800,O01846,P036,1,280.50
OI003801,O01847,P004,1,977.50
OI003802,O01847,P008,2,3910.00
OI003803,O01848,P037,1,720.00
OI003804,O01848,P025,2,280.00
OI003805,O01849,P009,1,950.00
OI003806,O01850,P038,2,180.50
OI003807,O01851,P034,2,342.00
OI003808,O01852,P002,1,3200.00
OI003809,O01852,P021,1,488.00
OI003810,O01852,P026,2,826.50
OI003811,O01852,P016,1,416.00
OI003812,O01853,P040,2,1782.00
OI003813,O01854,P035,2,2280.00
OI003814,O01854,P026,1,783.00
OI003815,O01855,P005,1,620.00
OI003816,O01856,P020,2,977.50
OI003817,O01856,P035,3,2280.00
OI003818,O01856,P017,1,1485.00
OI003819,O01857,P020,1,977.50
OI003820,O01857,P025,1,280.00
OI003821,O01857,P028,1,760.00
OI003822,O01858,P001,2,1305.00
OI003823,O01859,P001,3,1232.50
OI003824,O01859,P015,4,586.50
OI003825,O01859,P039,2,195.50
OI003826,O01860,P010,1,2750.00
OI003827,O01860,P016,3,416.00
OI003828,O01860,P007,1,1890.00
OI003829,O01861,P017,1,1402.50
OI003830,O01862,P009,2,950.00
OI003831,O01862,P016,2,416.00
OI003832,O01863,P003,3,780.00
OI003833,O01863,P017,4,1485.00
OI003834,O01864,P020,2,1035.00
OI003835,O01864,P001,1,1377.50
OI003836,O01864,P010,1,2475.00
OI003837,O01865,P025,1,238.00
OI003838,O01865,P011,1,1320.00
OI003839,O01866,P003,1,702.00
OI003840,O01866,P010,1,2475.00
OI003841,O01867,P003,2,780.00
OI003842,O01867,P011,1,1188.00
OI003843,O01868,P034,3,324.00
OI003844,O01868,P036,3,313.50
OI003845,O01869,P010,1,2750.00
OI003846,O01870,P010,1,2612.50
OI003847,O01870,P013,1,480.00
OI003848,O01870,P020,1,862.50
OI003849,O01871,P026,1,826.50
OI003850,O01872,P026,1,826.50
OI003851,O01872,P023,3,294.50
OI003852,O01873,P008,2,4370.00
OI003853,O01873,P031,1,450.00
OI003854,O01874,P008,3,4600.00
OI003855,O01874,P034,3,360.00
OI003856,O01875,P006,2,459.00
OI003857,O01875,P035,3,2400.00
OI003858,O01876,P021,1,549.00
OI003859,O01876,P009,3,950.00
OI003860,O01876,P017,2,1402.50
OI003861,O01876,P024,4,1662.50
OI003862,O01877,P034,3,342.00
OI003863,O01877,P012,2,410.00
OI003864,O01878,P029,1,608.00
OI003865,O01879,P006,1,540.00
OI003866,O01880,P005,1,558.00
OI003867,O01880,P017,1,1485.00
OI003868,O01880,P021,1,610.00
OI003869,O01880,P011,1,1320.00
OI003870,O01881,P002,1,3200.00
OI003871,O01882,P008,1,4600.00
OI003872,O01883,P030,1,220.00
OI003873,O01884,P035,1,2280.00
OI003874,O01884,P013,1,480.00
OI003875,O01884,P024,1,1662.50
OI003876,O01885,P023,1,294.50
OI003877,O01886,P036,1,297.00
OI003878,O01886,P001,2,1450.00
OI003879,O01886,P023,2,310.00
OI003880,O01887,P003,2,780.00
OI003881,O01888,P010,1,2750.00
OI003882,O01888,P011,2,1320.00
OI003883,O01888,P020,1,920.00
OI003884,O01888,P012,2,389.50
OI003885,O01889,P001,3,1450.00
OI003886,O01889,P012,2,410.00
OI003887,O01889,P034,1,306.00
OI003888,O01889,P030,1,187.00
OI003889,O01890,P017,1,1237.50
OI003890,O01891,P014,3,260.00
OI003891,O01891,P023,1,310.00
OI003892,O01892,P019,1,784.00
OI003893,O01892,P020,1,1150.00
OI003894,O01893,P004,1,1035.00
OI003895,O01893,P018,1,351.00
OI003896,O01894,P006,2,486.00
OI003897,O01894,P003,1,741.00
OI003898,O01895,P017,1,1485.00
OI003899,O01895,P020,2,862.50
OI003900,O01895,P001,1,1377.50
OI003901,O01896,P033,3,290.00
OI003902,O01897,P030,2,209.00
OI003903,O01898,P004,1,1035.00
OI003904,O01899,P013,3,432.00
OI003905,O01900,P003,1,780.00
OI003906,O01900,P020,3,1035.00
OI003907,O01901,P001,1,1450.00
OI003908,O01901,P035,1,2280.00
OI003909,O01901,P011,1,1254.00
OI003910,O01901,P023,1,263.50
OI003911,O01902,P002,3,3200.00
OI003912,O01903,P008,1,4140.00
OI003913,O01903,P011,1,1254.00
OI003914,O01904,P023,1,279.00
OI003915,O01904,P020,1,1035.00
OI003916,O01905,P024,1,1750.00
OI003917,O01905,P009,2,950.00
OI003918,O01906,P039,2,218.50
OI003919,O01906,P002,1,2880.00
OI003920,O01907,P019,1,784.00
OI003921,O01907,P038,3,171.00
OI003922,O01907,P011,1,1254.00
OI003923,O01907,P010,1,2750.00
OI003924,O01908,P004,1,1150.00
OI003925,O01909,P024,2,1750.00
OI003926,O01909,P030,2,187.00
OI003927,O01910,P006,1,540.00
OI003928,O01911,P004,2,1150.00
OI003929,O01911,P017,1,1402.50
OI003930,O01912,P016,1,468.00
OI003931,O01912,P002,2,2880.00
OI003932,O01913,P002,1,2880.00
OI003933,O01914,P019,1,980.00
OI003934,O01915,P020,3,1035.00
OI003935,O01915,P019,2,980.00
OI003936,O01916,P015,1,690.00
OI003937,O01916,P017,2,1320.00
OI003938,O01916,P016,1,442.00
OI003939,O01917,P010,2,2475.00
OI003940,O01918,P024,1,1750.00
OI003941,O01919,P040,2,1881.00
OI003942,O01919,P008,3,4600.00
OI003943,O01919,P020,2,977.50
OI003944,O01920,P016,1,468.00
OI003945,O01921,P013,1,480.00
OI003946,O01921,P010,1,2750.00
OI003947,O01922,P004,3,1150.00
OI003948,O01923,P023,2,294.50
OI003949,O01923,P017,1,1650.00
OI003950,O01923,P020,3,1035.00
OI003951,O01924,P018,1,292.50
OI003952,O01925,P010,1,2612.50
OI003953,O01925,P028,1,760.00
OI003954,O01926,P026,2,870.00
OI003955,O01926,P024,1,1750.00
OI003956,O01926,P035,2,2280.00
OI003957,O01927,P035,1,2400.00
OI003958,O01927,P034,3,324.00
OI003959,O01928,P023,1,279.00
OI003960,O01928,P012,3,410.00
OI003961,O01928,P006,2,540.00
OI003962,O01929,P012,1,389.50
OI003963,O01930,P006,1,486.00
OI003964,O01931,P014,1,260.00
OI003965,O01931,P039,1,230.00
OI003966,O01932,P024,1,1750.00
OI003967,O01933,P023,1,294.50
OI003968,O01933,P002,1,3040.00
OI003969,O01933,P024,1,1662.50
OI003970,O01933,P009,1,855.00
OI003971,O01934,P014,1,247.00
OI003972,O01935,P036,3,297.00
OI003973,O01936,P011,1,1320.00
OI003974,O01937,P019,1,882.00
OI003975,O01938,P005,3,620.00
OI003976,O01939,P009,1,855.00
OI003977,O01939,P034,2,342.00
OI003978,O01939,P019,1,784.00
OI003979,O01940,P026,3,783.00
OI003980,O01940,P017,3,1650.00
OI003981,O01941,P033,1,290.00
OI003982,O01941,P003,1,780.00
OI003983,O01942,P034,1,324.00
OI003984,O01942,P005,1,620.00
OI003985,O01943,P034,1,360.00
OI003986,O01943,P018,1,390.00
OI003987,O01943,P016,1,520.00
OI003988,O01944,P012,1,410.00
OI003989,O01944,P023,1,279.00
OI003990,O01944,P024,2,1750.00
OI003991,O01944,P017,1,1402.50
OI003992,O01945,P014,2,221.00
OI003993,O01945,P024,1,1575.00
OI003994,O01945,P013,3,480.00
OI003995,O01946,P001,2,1450.00
OI003996,O01947,P018,3,292.50
OI003997,O01947,P008,1,4370.00
OI003998,O01947,P010,2,2475.00
OI003999,O01947,P034,1,342.00
OI004000,O01948,P001,2,1450.00
OI004001,O01948,P002,1,3200.00
OI004002,O01949,P007,3,1890.00
OI004003,O01950,P017,1,1650.00
OI004004,O01950,P016,3,390.00
OI004005,O01951,P009,2,950.00
OI004006,O01952,P006,3,540.00
OI004007,O01952,P001,1,1450.00
OI004008,O01953,P001,1,1232.50
OI004009,O01954,P039,3,207.00
OI004010,O01954,P015,1,690.00
OI004011,O01955,P003,2,663.00
OI004012,O01955,P011,2,1122.00
OI004013,O01956,P024,1,1750.00
OI004014,O01956,P021,1,488.00
OI004015,O01956,P026,1,870.00
OI004016,O01957,P001,3,1450.00
OI004017,O01958,P016,1,520.00
OI004018,O01958,P017,1,1237.50
OI004019,O01958,P015,1,690.00
OI004020,O01959,P003,3,780.00
OI004021,O01960,P035,1,2400.00
OI004022,O01960,P003,1,702.00
OI004023,O01961,P039,2,207.00
OI004024,O01961,P003,2,780.00
OI004025,O01962,P010,1,2750.00
OI004026,O01962,P016,2,520.00
OI004027,O01962,P037,3,648.00
OI004028,O01963,P039,3,218.50
OI004029,O01964,P024,1,1575.00
OI004030,O01964,P009,3,855.00
OI004031,O01965,P004,1,1150.00
OI004032,O01965,P007,1,1890.00
OI004033,O01965,P010,2,2750.00
OI004034,O01966,P036,2,297.00
OI004035,O01967,P038,3,180.50
OI004036,O01967,P019,1,784.00
OI004037,O01967,P017,1,1485.00
OI004038,O01968,P006,1,486.00
OI004039,O01969,P013,2,480.00
OI004040,O01970,P025,2,266.00
OI004041,O01970,P024,1,1487.50
OI005358,O02609,P015,1,690.00
OI004042,O01971,P001,2,1305.00
OI004043,O01971,P012,1,410.00
OI004044,O01972,P009,3,950.00
OI004045,O01972,P024,1,1750.00
OI004046,O01973,P005,1,620.00
OI004047,O01973,P004,1,1150.00
OI004048,O01974,P036,1,330.00
OI004049,O01975,P015,1,690.00
OI004050,O01975,P018,1,312.00
OI004051,O01976,P039,3,218.50
OI004052,O01976,P020,1,1035.00
OI004053,O01976,P017,4,1650.00
OI004054,O01977,P004,2,1150.00
OI004055,O01977,P024,2,1575.00
OI004056,O01978,P039,2,218.50
OI004057,O01978,P001,2,1377.50
OI004058,O01979,P030,1,209.00
OI004059,O01979,P036,1,297.00
OI004060,O01979,P003,1,780.00
OI004061,O01979,P020,3,1150.00
OI004062,O01980,P010,2,2475.00
OI004063,O01980,P040,1,1782.00
OI004064,O01981,P034,1,360.00
OI004065,O01981,P010,2,2612.50
OI004066,O01981,P024,1,1575.00
OI004067,O01982,P001,1,1450.00
OI004068,O01983,P036,2,297.00
OI004069,O01984,P005,2,620.00
OI004070,O01984,P023,1,310.00
OI004071,O01985,P001,1,1377.50
OI004072,O01986,P009,3,950.00
OI004073,O01986,P003,1,780.00
OI004074,O01986,P039,1,218.50
OI004075,O01987,P023,1,294.50
OI004401,O02150,P012,3,348.50
OI004076,O01987,P004,1,1150.00
OI004077,O01987,P025,1,266.00
OI004078,O01988,P009,1,950.00
OI004079,O01988,P008,1,4140.00
OI004080,O01989,P013,1,480.00
OI004081,O01990,P019,1,833.00
OI004082,O01990,P038,1,161.50
OI004083,O01990,P014,1,247.00
OI004084,O01991,P003,1,741.00
OI004085,O01992,P003,1,780.00
OI004086,O01992,P037,1,648.00
OI004087,O01993,P011,3,1122.00
OI004088,O01994,P011,2,1254.00
OI004089,O01994,P016,1,390.00
OI004090,O01995,P003,1,702.00
OI004091,O01995,P002,1,3200.00
OI004092,O01996,P010,2,2750.00
OI004093,O01997,P034,3,360.00
OI004094,O01997,P028,3,722.00
OI004095,O01998,P013,1,480.00
OI004096,O01999,P016,2,520.00
OI004097,O02000,P007,1,1795.50
OI004098,O02000,P003,1,702.00
OI004099,O02001,P010,1,2475.00
OI004100,O02002,P001,1,1450.00
OI004101,O02002,P024,1,1662.50
OI004102,O02002,P031,1,450.00
OI004103,O02003,P024,2,1575.00
OI004104,O02003,P002,3,2880.00
OI004105,O02003,P011,1,1320.00
OI004106,O02004,P017,1,1485.00
OI004107,O02004,P004,1,1150.00
OI004108,O02005,P002,2,3040.00
OI004109,O02005,P018,1,312.00
OI004110,O02006,P040,1,1881.00
OI004111,O02006,P003,1,663.00
OI004112,O02007,P021,1,610.00
OI004113,O02007,P004,2,1035.00
OI004114,O02007,P001,3,1450.00
OI004115,O02008,P010,2,2750.00
OI004116,O02009,P025,1,252.00
OI004117,O02010,P035,3,2280.00
OI004118,O02010,P003,4,741.00
OI004119,O02011,P025,1,280.00
OI004120,O02011,P002,1,2720.00
OI004121,O02011,P008,2,3910.00
OI004122,O02012,P023,1,279.00
OI004123,O02012,P007,1,1890.00
OI004124,O02012,P009,3,902.50
OI004125,O02013,P023,1,294.50
OI004126,O02013,P001,1,1377.50
OI004127,O02013,P030,3,209.00
OI004128,O02013,P005,2,620.00
OI004129,O02014,P004,1,977.50
OI004130,O02014,P023,2,310.00
OI004131,O02014,P019,1,784.00
OI004132,O02014,P001,1,1450.00
OI004133,O02015,P004,3,1092.50
OI004134,O02015,P016,1,442.00
OI004135,O02016,P005,1,620.00
OI004136,O02016,P001,1,1450.00
OI004137,O02017,P040,1,1782.00
OI004138,O02018,P010,2,2750.00
OI004139,O02019,P019,1,784.00
OI004140,O02019,P005,1,620.00
OI004141,O02020,P031,2,427.50
OI004142,O02021,P024,1,1575.00
OI004143,O02021,P023,1,310.00
OI004144,O02022,P027,1,990.00
OI004145,O02023,P036,1,313.50
OI004146,O02024,P023,3,310.00
OI004147,O02025,P029,3,608.00
OI004148,O02025,P024,2,1662.50
OI004149,O02026,P005,1,620.00
OI004150,O02026,P040,2,1980.00
OI004151,O02027,P021,1,518.50
OI004152,O02027,P001,1,1450.00
OI004153,O02028,P023,1,310.00
OI004154,O02029,P010,1,2750.00
OI004155,O02030,P023,1,310.00
OI004156,O02030,P012,1,389.50
OI004157,O02031,P002,2,3040.00
OI004158,O02031,P003,2,702.00
OI004159,O02032,P034,1,324.00
OI004160,O02033,P021,1,549.00
OI004161,O02034,P010,1,2475.00
OI004162,O02035,P001,2,1377.50
OI004163,O02036,P023,3,279.00
OI004164,O02036,P010,1,2750.00
OI004165,O02037,P023,4,294.50
OI004166,O02038,P004,1,1092.50
OI001124,O00545,P017,1,1402.50
OI004167,O02038,P005,1,620.00
OI004168,O02039,P023,1,310.00
OI004169,O02040,P010,1,2612.50
OI004170,O02041,P010,1,2750.00
OI004171,O02041,P028,1,722.00
OI004172,O02042,P010,3,2337.50
OI004173,O02042,P017,1,1237.50
OI004174,O02043,P035,3,2280.00
OI004175,O02043,P034,4,360.00
OI004176,O02043,P013,3,480.00
OI004177,O02043,P001,2,1232.50
OI004178,O02044,P020,1,977.50
OI004179,O02044,P038,2,190.00
OI004180,O02044,P033,2,290.00
OI004181,O02044,P004,1,1035.00
OI004182,O02045,P034,1,342.00
OI004183,O02045,P009,1,902.50
OI004184,O02045,P015,1,655.50
OI004185,O02045,P023,1,310.00
OI004186,O02046,P025,1,280.00
OI004187,O02047,P016,3,520.00
OI004188,O02048,P002,1,3200.00
OI004189,O02049,P028,1,646.00
OI004190,O02049,P039,1,218.50
OI004191,O02050,P018,1,292.50
OI004192,O02050,P034,1,342.00
OI004193,O02050,P026,2,826.50
OI004194,O02051,P006,2,540.00
OI004195,O02052,P021,3,518.50
OI004196,O02052,P001,3,1450.00
OI004197,O02052,P024,2,1662.50
OI004198,O02053,P005,1,558.00
OI004199,O02053,P016,2,520.00
OI004200,O02053,P020,1,920.00
OI004201,O02053,P019,2,784.00
OI004202,O02054,P031,3,450.00
OI004203,O02054,P040,1,1881.00
OI004204,O02054,P020,1,862.50
OI004205,O02054,P023,1,294.50
OI004206,O02055,P003,1,741.00
OI004207,O02056,P024,2,1750.00
OI004208,O02056,P023,2,310.00
OI004209,O02056,P011,3,1320.00
OI004210,O02057,P020,1,1150.00
OI004211,O02058,P038,1,180.50
OI004212,O02059,P001,1,1377.50
OI004213,O02059,P004,2,1092.50
OI004214,O02060,P001,1,1450.00
OI004215,O02061,P035,2,2280.00
OI004216,O02061,P027,1,940.50
OI004217,O02061,P001,2,1305.00
OI004218,O02062,P001,2,1450.00
OI004219,O02063,P029,1,544.00
OI004220,O02064,P039,1,230.00
OI004221,O02065,P002,3,3040.00
OI004222,O02065,P010,3,2475.00
OI004223,O02065,P020,2,920.00
OI004224,O02065,P024,2,1575.00
OI004225,O02066,P023,1,294.50
OI004226,O02066,P034,1,324.00
OI004227,O02067,P036,2,330.00
OI004228,O02067,P039,3,230.00
OI004229,O02068,P038,1,171.00
OI004230,O02068,P016,1,416.00
OI004231,O02069,P025,1,280.00
OI004232,O02070,P016,1,416.00
OI004233,O02070,P017,1,1485.00
OI004234,O02070,P019,1,882.00
OI004235,O02071,P002,3,3200.00
OI004236,O02071,P017,3,1237.50
OI004237,O02071,P018,2,351.00
OI004238,O02072,P005,1,558.00
OI004239,O02073,P023,1,310.00
OI004240,O02073,P001,1,1305.00
OI002129,O01025,P033,1,275.50
OI004241,O02073,P020,1,862.50
OI004242,O02074,P021,2,518.50
OI004243,O02074,P020,1,862.50
OI004244,O02075,P019,2,784.00
OI004245,O02075,P027,3,990.00
OI004246,O02076,P039,3,230.00
OI004247,O02077,P034,1,360.00
OI004248,O02078,P017,2,1402.50
OI004249,O02079,P024,1,1750.00
OI004250,O02079,P016,2,416.00
OI004251,O02080,P027,3,990.00
OI004252,O02080,P005,3,620.00
OI004253,O02080,P035,3,2280.00
OI004254,O02081,P010,2,2750.00
OI004255,O02082,P015,2,690.00
OI004256,O02082,P024,1,1750.00
OI004257,O02082,P018,1,331.50
OI004258,O02082,P025,1,266.00
OI004259,O02083,P016,1,442.00
OI004260,O02083,P011,2,1320.00
OI004261,O02083,P034,1,342.00
OI004262,O02083,P002,1,3200.00
OI004263,O02084,P010,1,2750.00
OI004264,O02084,P013,2,432.00
OI004265,O02084,P001,1,1450.00
OI004266,O02084,P005,1,620.00
OI004267,O02085,P007,1,1701.00
OI004268,O02085,P019,1,833.00
OI004269,O02086,P033,1,275.50
OI004270,O02086,P018,2,331.50
OI004271,O02087,P027,1,990.00
OI004272,O02087,P036,2,297.00
OI004273,O02087,P040,1,1881.00
OI004274,O02088,P001,1,1450.00
OI004275,O02088,P004,1,1150.00
OI004276,O02089,P026,2,870.00
OI004277,O02089,P010,2,2612.50
OI004278,O02089,P028,1,722.00
OI004279,O02089,P034,1,324.00
OI004280,O02090,P004,1,1092.50
OI004281,O02090,P010,1,2750.00
OI004282,O02091,P015,1,690.00
OI004283,O02091,P038,2,190.00
OI004284,O02091,P001,1,1305.00
OI004285,O02092,P004,5,1092.50
OI004286,O02093,P008,2,4600.00
OI004287,O02093,P010,3,2750.00
OI004288,O02093,P037,3,684.00
OI004289,O02094,P015,1,690.00
OI004290,O02094,P020,1,862.50
OI004291,O02095,P040,2,1980.00
OI004292,O02095,P012,1,369.00
OI004293,O02096,P011,3,1188.00
OI004294,O02097,P031,1,382.50
OI004295,O02098,P010,3,2750.00
OI004296,O02098,P029,2,640.00
OI004297,O02098,P020,2,1150.00
OI004298,O02099,P017,2,1650.00
OI004299,O02100,P025,1,238.00
OI004300,O02101,P004,1,1035.00
OI004301,O02101,P016,1,520.00
OI004302,O02102,P011,1,1320.00
OI004303,O02102,P001,1,1305.00
OI004304,O02102,P015,1,690.00
OI004305,O02103,P023,1,310.00
OI004306,O02103,P029,1,640.00
OI004307,O02103,P015,1,690.00
OI004308,O02104,P002,1,3040.00
OI004309,O02105,P012,1,389.50
OI004310,O02105,P010,3,2750.00
OI004311,O02106,P024,3,1750.00
OI004312,O02106,P001,1,1377.50
OI004313,O02107,P015,1,621.00
OI004314,O02108,P031,2,450.00
OI004315,O02108,P002,2,2720.00
OI004316,O02108,P003,2,663.00
OI004317,O02109,P016,3,416.00
OI004318,O02109,P017,1,1402.50
OI004319,O02110,P019,1,882.00
OI004320,O02110,P010,1,2612.50
OI004321,O02111,P005,1,558.00
OI004322,O02111,P015,2,586.50
OI004323,O02111,P018,1,351.00
OI004324,O02112,P019,1,980.00
OI004325,O02112,P034,1,342.00
OI004326,O02112,P010,3,2337.50
OI004327,O02113,P003,1,702.00
OI004328,O02113,P002,1,2880.00
OI004329,O02114,P005,1,527.00
OI004330,O02114,P020,1,862.50
OI004331,O02115,P002,1,3200.00
OI004332,O02115,P016,1,390.00
OI004333,O02116,P012,4,369.00
OI004334,O02117,P010,1,2750.00
OI004335,O02118,P016,1,442.00
OI004336,O02118,P013,1,408.00
OI004337,O02118,P011,1,1122.00
OI004338,O02119,P024,1,1750.00
OI004339,O02119,P034,1,324.00
OI004340,O02120,P018,1,331.50
OI004341,O02120,P001,1,1450.00
OI004342,O02120,P021,1,488.00
OI004343,O02121,P020,2,1035.00
OI004344,O02122,P003,1,780.00
OI004345,O02123,P026,1,870.00
OI004346,O02124,P019,1,735.00
OI004347,O02125,P004,1,1150.00
OI004348,O02125,P011,1,1320.00
OI004349,O02125,P001,1,1450.00
OI004350,O02125,P025,2,280.00
OI004351,O02126,P008,2,4600.00
OI004352,O02126,P020,1,1035.00
OI004353,O02126,P006,1,540.00
OI004354,O02126,P039,2,218.50
OI004355,O02127,P007,1,1890.00
OI004356,O02127,P033,2,290.00
OI004357,O02128,P001,2,1305.00
OI004358,O02128,P020,1,977.50
OI004359,O02129,P013,3,480.00
OI004360,O02129,P030,2,209.00
OI004361,O02130,P017,1,1650.00
OI004362,O02130,P028,1,760.00
OI004363,O02130,P014,1,247.00
OI004364,O02131,P037,1,684.00
OI004365,O02131,P015,1,690.00
OI004366,O02132,P002,2,3200.00
OI004367,O02132,P003,1,780.00
OI004368,O02132,P020,1,862.50
OI004369,O02133,P012,1,410.00
OI004370,O02133,P005,3,558.00
OI004371,O02134,P012,3,410.00
OI004372,O02135,P010,1,2750.00
OI004373,O02135,P002,1,3200.00
OI004374,O02135,P004,1,1092.50
OI004375,O02136,P023,1,310.00
OI004376,O02137,P004,1,1092.50
OI004377,O02138,P007,1,1890.00
OI004378,O02139,P001,1,1377.50
OI004379,O02140,P020,2,1150.00
OI004380,O02140,P036,1,313.50
OI004381,O02140,P017,1,1320.00
OI004382,O02141,P016,1,520.00
OI004383,O02142,P038,1,180.50
OI004384,O02142,P039,1,218.50
OI004385,O02142,P004,1,1150.00
OI004386,O02143,P031,2,427.50
OI004387,O02143,P006,2,486.00
OI004388,O02144,P024,2,1750.00
OI004389,O02144,P023,2,294.50
OI004390,O02144,P026,1,870.00
OI004391,O02145,P021,1,518.50
OI004392,O02145,P028,1,760.00
OI004393,O02145,P023,2,310.00
OI004394,O02146,P010,2,2750.00
OI004395,O02147,P038,2,180.50
OI004396,O02147,P001,3,1450.00
OI004397,O02148,P012,3,389.50
OI004398,O02148,P016,2,442.00
OI004399,O02149,P033,1,290.00
OI004400,O02149,P012,1,410.00
OI004401,O02150,P012,3,348.50
OI004402,O02150,P020,1,862.50
OI004403,O02151,P029,1,640.00
OI004404,O02151,P015,1,655.50
OI004405,O02151,P017,1,1320.00
OI004406,O02152,P005,1,620.00
OI004407,O02152,P017,1,1402.50
OI004408,O02152,P019,1,882.00
OI004409,O02152,P040,2,1980.00
OI004410,O02153,P038,1,190.00
OI004411,O02154,P001,2,1450.00
OI004412,O02154,P021,1,549.00
OI004413,O02155,P008,3,4600.00
OI004414,O02155,P003,1,702.00
OI004415,O02155,P034,1,324.00
OI004416,O02156,P011,1,1188.00
OI004417,O02156,P012,1,410.00
OI004418,O02157,P004,1,977.50
OI004419,O02157,P027,1,990.00
OI004420,O02158,P020,2,920.00
OI004421,O02159,P016,1,520.00
OI004422,O02159,P015,1,690.00
OI004423,O02160,P034,2,324.00
OI004424,O02160,P008,1,4370.00
OI004425,O02160,P029,2,640.00
OI004426,O02161,P001,1,1232.50
OI004427,O02161,P034,1,306.00
OI004428,O02162,P010,3,2337.50
OI004429,O02163,P034,1,342.00
OI004430,O02163,P011,2,1320.00
OI004431,O02163,P026,3,870.00
OI004432,O02164,P005,1,620.00
OI004433,O02165,P019,3,833.00
OI004434,O02165,P021,3,610.00
OI004435,O02165,P004,1,1035.00
OI004436,O02165,P028,3,760.00
OI004437,O02166,P005,1,558.00
OI004438,O02166,P011,1,1320.00
OI004439,O02167,P007,1,1795.50
OI004440,O02167,P038,3,171.00
OI004441,O02167,P025,1,266.00
OI004442,O02167,P005,2,620.00
OI004443,O02168,P023,1,310.00
OI004444,O02168,P016,1,442.00
OI004445,O02169,P025,3,280.00
OI004446,O02170,P021,1,488.00
OI004447,O02170,P029,1,640.00
OI004448,O02171,P001,3,1450.00
OI004449,O02171,P010,1,2750.00
OI004450,O02172,P038,1,161.50
OI004451,O02172,P003,1,741.00
OI004452,O02173,P004,1,1150.00
OI004453,O02173,P011,2,1188.00
OI004454,O02174,P034,2,360.00
OI004455,O02174,P024,1,1575.00
OI004456,O02174,P010,2,2750.00
OI004457,O02175,P017,1,1320.00
OI004458,O02176,P009,2,950.00
OI004740,O02309,P039,3,218.50
OI004459,O02176,P040,1,1881.00
OI004460,O02177,P001,1,1232.50
OI004461,O02177,P017,1,1402.50
OI004462,O02178,P015,1,690.00
OI004463,O02179,P034,3,306.00
OI004464,O02179,P012,1,410.00
OI004465,O02180,P006,3,540.00
OI004466,O02180,P010,3,2475.00
OI004467,O02181,P031,2,427.50
OI004468,O02181,P001,1,1450.00
OI004469,O02182,P009,2,902.50
OI004470,O02182,P003,2,780.00
OI004471,O02183,P010,2,2750.00
OI004472,O02183,P039,1,230.00
OI004473,O02184,P027,1,990.00
OI004474,O02184,P029,2,608.00
OI004475,O02184,P002,1,2720.00
OI004476,O02184,P023,1,263.50
OI004477,O02185,P015,2,621.00
OI004478,O02185,P007,2,1890.00
OI004479,O02186,P016,2,416.00
OI004480,O02186,P003,1,702.00
OI004481,O02186,P020,1,1035.00
OI004482,O02187,P036,1,313.50
OI004483,O02187,P029,1,640.00
OI004484,O02187,P002,1,3200.00
OI004485,O02188,P010,1,2612.50
OI004486,O02189,P015,2,690.00
OI004487,O02189,P024,1,1750.00
OI004488,O02189,P004,3,1150.00
OI004489,O02190,P016,3,390.00
OI004490,O02191,P021,1,457.50
OI004491,O02192,P034,1,306.00
OI004492,O02193,P040,2,1980.00
OI004493,O02193,P008,1,3910.00
OI004494,O02194,P001,1,1377.50
OI004495,O02195,P004,1,1035.00
OI004496,O02195,P013,1,456.00
OI004497,O02195,P008,1,4600.00
OI004498,O02196,P025,1,266.00
OI004499,O02197,P009,1,855.00
OI004500,O02197,P025,3,266.00
OI004501,O02198,P001,1,1305.00
OI004502,O02199,P024,1,1750.00
OI004503,O02199,P016,1,468.00
OI004504,O02199,P011,3,1188.00
OI004505,O02199,P017,1,1485.00
OI004506,O02200,P015,2,621.00
OI004507,O02200,P028,2,760.00
OI004508,O02200,P034,2,324.00
OI004509,O02201,P029,3,640.00
OI004510,O02201,P003,2,663.00
OI004511,O02202,P003,3,702.00
OI004512,O02203,P004,1,1092.50
OI004513,O02203,P019,1,980.00
OI004514,O02204,P023,1,310.00
OI004515,O02204,P005,3,527.00
OI004516,O02205,P025,1,280.00
OI004517,O02205,P023,1,310.00
OI004518,O02205,P006,1,540.00
OI004519,O02205,P036,1,330.00
OI004520,O02206,P003,2,741.00
OI004521,O02206,P009,1,855.00
OI004522,O02206,P019,1,784.00
OI004523,O02206,P028,1,684.00
OI004524,O02207,P040,1,1782.00
OI004525,O02208,P012,1,410.00
OI004526,O02208,P009,1,855.00
OI004527,O02208,P038,1,180.50
OI004528,O02209,P015,3,621.00
OI004529,O02210,P030,1,220.00
OI004530,O02210,P009,2,950.00
OI004531,O02211,P036,1,313.50
OI004532,O02211,P012,1,410.00
OI004533,O02212,P010,1,2750.00
OI004534,O02213,P006,1,513.00
OI004535,O02213,P019,1,784.00
OI004536,O02213,P020,1,1150.00
OI004537,O02214,P013,1,456.00
OI004538,O02214,P014,2,260.00
OI004539,O02214,P005,1,558.00
OI004540,O02215,P018,1,292.50
OI004541,O02215,P001,1,1450.00
OI004542,O02216,P015,1,655.50
OI004543,O02216,P019,1,882.00
OI004544,O02217,P038,1,180.50
OI004545,O02217,P006,1,540.00
OI004546,O02217,P008,1,3910.00
OI004547,O02217,P004,1,1092.50
OI004548,O02218,P016,1,468.00
OI004549,O02219,P027,1,940.50
OI004550,O02220,P021,2,518.50
OI004551,O02220,P003,2,663.00
OI004552,O02220,P038,2,180.50
OI004553,O02221,P011,1,1188.00
OI004554,O02221,P038,1,180.50
OI004555,O02221,P015,1,655.50
OI004556,O02221,P027,1,990.00
OI004557,O02222,P025,1,252.00
OI004558,O02222,P001,1,1377.50
OI004559,O02223,P010,1,2750.00
OI004560,O02223,P005,1,589.00
OI004561,O02223,P015,1,621.00
OI004562,O02223,P039,2,207.00
OI004563,O02224,P029,2,640.00
OI004564,O02225,P006,4,540.00
OI004565,O02226,P020,1,1150.00
OI004566,O02227,P021,1,518.50
OI004567,O02228,P017,1,1485.00
OI004568,O02228,P004,1,1150.00
OI004569,O02229,P021,3,518.50
OI004570,O02230,P010,1,2475.00
OI004571,O02230,P024,1,1750.00
OI004572,O02231,P038,2,190.00
OI004573,O02231,P017,2,1237.50
OI004574,O02232,P011,1,1320.00
OI004575,O02232,P024,1,1750.00
OI004576,O02233,P001,3,1450.00
OI004577,O02234,P017,1,1320.00
OI004578,O02234,P036,1,313.50
OI004579,O02235,P017,1,1650.00
OI004580,O02235,P018,1,331.50
OI004581,O02235,P027,1,891.00
OI004582,O02236,P025,3,280.00
OI004583,O02236,P020,1,977.50
OI004584,O02237,P040,2,1980.00
OI004585,O02237,P006,1,459.00
OI004586,O02237,P016,1,468.00
OI004587,O02238,P007,1,1701.00
OI004588,O02239,P040,3,1980.00
OI004589,O02239,P012,3,389.50
OI004590,O02240,P015,3,690.00
OI004591,O02241,P004,1,1150.00
OI004592,O02241,P019,1,980.00
OI004593,O02242,P001,1,1450.00
OI004594,O02243,P010,2,2750.00
OI004595,O02243,P034,3,360.00
OI004596,O02243,P006,1,486.00
OI004597,O02243,P027,1,891.00
OI004598,O02244,P017,1,1485.00
OI004599,O02244,P011,1,1188.00
OI004600,O02244,P037,1,720.00
OI004601,O02245,P007,1,1701.00
OI004602,O02245,P014,1,234.00
OI004603,O02246,P025,1,266.00
OI004604,O02246,P004,1,1150.00
OI004605,O02246,P020,1,1150.00
OI004606,O02247,P025,1,238.00
OI004607,O02248,P036,1,330.00
OI004608,O02248,P008,2,4370.00
OI004609,O02248,P009,2,855.00
OI004610,O02248,P040,1,1782.00
OI004611,O02249,P023,2,263.50
OI004612,O02249,P004,2,1035.00
OI004613,O02250,P025,1,280.00
OI004614,O02251,P004,2,1035.00
OI004615,O02251,P014,2,260.00
OI004616,O02252,P027,2,990.00
OI004617,O02253,P023,2,310.00
OI004618,O02254,P023,1,310.00
OI004619,O02254,P034,1,324.00
OI004620,O02254,P028,4,760.00
OI004621,O02255,P004,1,1035.00
OI004622,O02255,P023,1,279.00
OI004623,O02255,P027,1,990.00
OI004624,O02256,P027,2,841.50
OI004625,O02256,P001,1,1450.00
OI004626,O02257,P034,2,324.00
OI004627,O02258,P037,1,684.00
OI004628,O02258,P028,1,684.00
OI004629,O02259,P017,2,1485.00
OI004630,O02259,P030,2,209.00
OI004631,O02260,P006,3,540.00
OI004632,O02260,P031,1,382.50
OI004633,O02261,P010,1,2750.00
OI004634,O02261,P006,1,540.00
OI004924,O02406,P024,1,1750.00
OI004635,O02261,P011,1,1254.00
OI004636,O02262,P013,1,480.00
OI004637,O02262,P034,1,324.00
OI004638,O02262,P024,1,1750.00
OI004639,O02263,P001,1,1305.00
OI004640,O02264,P037,1,684.00
OI004641,O02265,P029,2,544.00
OI004642,O02266,P003,2,780.00
OI004643,O02266,P011,2,1188.00
OI004644,O02267,P012,1,389.50
OI004645,O02268,P009,2,950.00
OI004646,O02268,P024,2,1750.00
OI004647,O02269,P004,3,1035.00
OI004648,O02269,P005,1,620.00
OI004649,O02270,P003,3,741.00
OI004650,O02270,P013,1,480.00
OI004651,O02270,P019,1,882.00
OI004652,O02271,P003,2,741.00
OI004653,O02271,P008,1,4600.00
OI004654,O02271,P020,1,1150.00
OI004655,O02272,P034,2,342.00
OI004656,O02272,P037,1,648.00
OI004657,O02272,P035,1,2160.00
OI004658,O02273,P002,2,3200.00
OI004659,O02273,P020,1,1035.00
OI004660,O02273,P008,2,4140.00
OI004661,O02274,P023,1,310.00
OI004662,O02274,P025,2,280.00
OI004663,O02275,P012,1,389.50
OI004664,O02275,P021,3,518.50
OI004665,O02275,P017,1,1320.00
OI004666,O02275,P008,2,4600.00
OI004667,O02276,P012,2,410.00
OI004668,O02276,P007,1,1606.50
OI004669,O02276,P016,1,442.00
OI004670,O02276,P020,1,920.00
OI004671,O02277,P019,1,833.00
OI004672,O02277,P020,2,1035.00
OI004673,O02278,P015,1,655.50
OI004674,O02278,P019,3,833.00
OI004675,O02278,P001,2,1450.00
OI004676,O02279,P018,1,331.50
OI004677,O02279,P019,1,784.00
OI004678,O02279,P024,1,1662.50
OI004679,O02279,P015,2,690.00
OI004680,O02280,P005,1,589.00
OI004681,O02280,P016,1,520.00
OI004682,O02281,P038,1,180.50
OI004683,O02282,P010,1,2750.00
OI004684,O02283,P018,2,351.00
OI004685,O02284,P001,1,1377.50
OI004686,O02284,P028,1,722.00
OI004687,O02284,P018,1,292.50
OI004688,O02285,P025,1,280.00
OI004689,O02285,P006,1,513.00
OI004690,O02285,P004,1,1150.00
OI004691,O02286,P029,4,640.00
OI004692,O02287,P017,1,1402.50
OI004693,O02287,P004,3,1150.00
OI004694,O02288,P011,3,1320.00
OI004695,O02289,P026,2,870.00
OI004696,O02289,P040,1,1881.00
OI004697,O02290,P034,3,342.00
OI004698,O02290,P017,3,1485.00
OI004699,O02291,P017,2,1320.00
OI004700,O02291,P025,1,238.00
OI004701,O02292,P013,1,480.00
OI004702,O02292,P005,1,620.00
OI004703,O02292,P025,2,280.00
OI004704,O02293,P001,1,1377.50
OI004705,O02294,P034,1,306.00
OI004706,O02294,P023,1,279.00
OI004707,O02294,P008,1,4370.00
OI004708,O02295,P005,2,620.00
OI004709,O02295,P018,2,292.50
OI004710,O02295,P023,1,310.00
OI004711,O02296,P017,1,1650.00
OI004712,O02297,P019,1,980.00
OI004713,O02298,P026,2,783.00
OI004714,O02299,P016,1,390.00
OI004715,O02299,P004,1,1150.00
OI004716,O02299,P034,1,342.00
OI004717,O02299,P030,1,187.00
OI004718,O02300,P023,2,310.00
OI004719,O02300,P012,1,410.00
OI004720,O02300,P009,2,950.00
OI004721,O02301,P039,1,230.00
OI004722,O02301,P015,3,655.50
OI004723,O02301,P024,1,1487.50
OI004724,O02302,P002,1,3040.00
OI004725,O02303,P003,1,780.00
OI004726,O02303,P018,1,292.50
OI004727,O02303,P015,1,690.00
OI004728,O02304,P008,1,4600.00
OI004729,O02304,P012,4,410.00
OI004730,O02304,P014,2,260.00
OI004731,O02305,P005,1,620.00
OI004732,O02305,P009,1,855.00
OI004733,O02306,P002,1,2720.00
OI004734,O02306,P013,2,480.00
OI004735,O02307,P025,1,266.00
OI004736,O02307,P018,1,292.50
OI004737,O02307,P004,3,977.50
OI004738,O02307,P016,1,390.00
OI004739,O02308,P006,1,513.00
OI004740,O02309,P039,3,218.50
OI004741,O02309,P021,1,610.00
OI004742,O02310,P015,3,690.00
OI004743,O02310,P024,1,1750.00
OI004744,O02310,P038,1,171.00
OI004745,O02311,P017,1,1402.50
OI004746,O02312,P003,1,780.00
OI004747,O02312,P030,2,220.00
OI004748,O02313,P007,2,1701.00
OI004749,O02314,P008,1,4140.00
OI004750,O02314,P031,2,450.00
OI004751,O02315,P001,1,1450.00
OI004752,O02315,P013,1,456.00
OI004753,O02316,P009,2,950.00
OI004754,O02316,P003,2,780.00
OI004755,O02317,P037,1,648.00
OI004756,O02318,P030,1,187.00
OI004757,O02318,P008,1,3910.00
OI004758,O02318,P024,2,1487.50
OI004759,O02318,P001,3,1232.50
OI004760,O02319,P024,1,1750.00
OI004761,O02319,P013,3,480.00
OI004762,O02320,P038,1,190.00
OI004763,O02320,P025,1,280.00
OI004764,O02320,P035,1,2280.00
OI004765,O02321,P018,2,331.50
OI004766,O02321,P039,3,218.50
OI004767,O02321,P005,2,620.00
OI004768,O02322,P017,1,1320.00
OI004769,O02322,P019,2,882.00
OI004770,O02323,P028,1,760.00
OI004771,O02323,P015,2,586.50
OI004772,O02323,P026,1,739.50
OI004773,O02324,P034,3,324.00
OI004774,O02324,P008,1,4140.00
OI004775,O02324,P023,1,310.00
OI004776,O02325,P017,2,1402.50
OI004777,O02326,P026,1,826.50
OI004778,O02326,P015,1,655.50
OI003585,O01745,P013,1,432.00
OI004779,O02326,P001,3,1450.00
OI004780,O02327,P035,1,2280.00
OI004781,O02328,P026,1,826.50
OI004782,O02328,P018,1,331.50
OI004783,O02329,P030,2,220.00
OI004784,O02329,P033,1,290.00
OI004785,O02330,P021,1,518.50
OI004786,O02330,P001,1,1232.50
OI004787,O02331,P020,1,862.50
OI004788,O02332,P018,1,292.50
OI004789,O02332,P012,1,410.00
OI004790,O02332,P016,1,442.00
OI004791,O02333,P030,2,209.00
OI004792,O02334,P005,1,527.00
OI004793,O02334,P010,1,2750.00
OI004794,O02334,P001,1,1232.50
OI004795,O02335,P015,1,690.00
OI004796,O02335,P002,1,3200.00
OI004797,O02336,P038,1,190.00
OI004798,O02336,P018,3,292.50
OI004799,O02337,P027,2,891.00
OI004800,O02337,P001,1,1232.50
OI004801,O02337,P016,2,442.00
OI004802,O02338,P013,1,480.00
OI004803,O02338,P040,1,1782.00
OI004804,O02339,P010,1,2612.50
OI004805,O02340,P020,1,1150.00
OI004806,O02341,P034,1,324.00
OI004807,O02342,P024,1,1750.00
OI004808,O02343,P024,3,1662.50
OI004809,O02343,P001,3,1377.50
OI004810,O02344,P012,1,369.00
OI004811,O02344,P033,3,275.50
OI004812,O02344,P020,1,1035.00
OI004813,O02345,P010,1,2475.00
OI004814,O02345,P030,2,209.00
OI004815,O02345,P036,1,330.00
OI004816,O02346,P012,3,348.50
OI004817,O02346,P028,1,760.00
OI004818,O02346,P007,1,1701.00
OI004819,O02347,P020,1,920.00
OI004820,O02348,P001,1,1450.00
OI004821,O02348,P004,1,1150.00
OI004822,O02349,P005,4,620.00
OI004823,O02349,P010,1,2750.00
OI004824,O02350,P024,3,1487.50
OI004825,O02351,P018,1,390.00
OI004826,O02351,P004,2,1150.00
OI004827,O02351,P016,1,468.00
OI004828,O02351,P005,2,589.00
OI004829,O02352,P005,1,558.00
OI004830,O02353,P020,1,920.00
OI004831,O02354,P010,1,2750.00
OI004832,O02354,P002,1,2880.00
OI004833,O02355,P007,1,1795.50
OI004834,O02356,P023,1,294.50
OI004835,O02356,P029,1,640.00
OI004836,O02356,P017,1,1320.00
OI004837,O02356,P005,2,620.00
OI004838,O02357,P009,1,950.00
OI004839,O02358,P027,1,990.00
OI004840,O02358,P019,3,882.00
OI004841,O02359,P017,1,1402.50
OI004842,O02360,P027,1,891.00
OI004843,O02360,P003,1,741.00
OI004844,O02361,P003,1,663.00
OI004845,O02361,P019,1,833.00
OI004846,O02361,P017,1,1237.50
OI004847,O02362,P002,3,3200.00
OI004848,O02363,P011,3,1320.00
OI004849,O02363,P003,1,702.00
OI004850,O02364,P023,2,310.00
OI004851,O02364,P008,3,4600.00
OI004852,O02364,P012,2,410.00
OI004853,O02365,P001,1,1305.00
OI004854,O02365,P015,1,655.50
OI004855,O02366,P010,1,2337.50
OI004856,O02367,P004,1,1150.00
OI004857,O02368,P026,1,870.00
OI004858,O02369,P024,2,1750.00
OI004859,O02370,P033,1,275.50
OI004860,O02371,P023,3,310.00
OI004861,O02371,P017,1,1320.00
OI004862,O02371,P002,1,3200.00
OI004863,O02372,P016,1,416.00
OI004864,O02372,P019,1,833.00
OI004865,O02373,P004,4,1150.00
OI004866,O02373,P039,4,207.00
OI004867,O02373,P038,1,190.00
OI004868,O02374,P014,2,260.00
OI004869,O02375,P001,1,1450.00
OI004870,O02376,P039,1,230.00
OI004871,O02376,P025,1,252.00
OI004872,O02377,P005,1,620.00
OI004873,O02378,P009,1,950.00
OI004874,O02379,P026,3,826.50
OI004875,O02379,P003,1,741.00
OI004876,O02380,P002,1,3040.00
OI004877,O02380,P010,1,2475.00
OI004878,O02381,P001,1,1232.50
OI004879,O02381,P036,3,297.00
OI004880,O02381,P003,1,780.00
OI004881,O02382,P020,3,920.00
OI004882,O02383,P016,1,390.00
OI004883,O02383,P021,1,518.50
OI004884,O02384,P010,1,2750.00
OI004885,O02385,P021,1,457.50
OI004886,O02385,P004,1,1150.00
OI004887,O02385,P024,2,1662.50
OI004888,O02386,P027,2,990.00
OI004889,O02387,P005,1,527.00
OI004890,O02387,P039,3,207.00
OI004891,O02387,P017,1,1237.50
OI004892,O02387,P003,2,663.00
OI004893,O02388,P023,1,294.50
OI004894,O02388,P002,1,3040.00
OI004895,O02388,P029,1,608.00
OI004896,O02389,P034,2,342.00
OI004897,O02389,P028,1,760.00
OI004898,O02389,P019,1,833.00
OI004899,O02390,P010,1,2750.00
OI004900,O02391,P016,2,442.00
OI004901,O02392,P008,1,4600.00
OI004902,O02393,P006,1,486.00
OI004903,O02393,P009,2,950.00
OI004904,O02393,P020,2,1035.00
OI004905,O02394,P011,1,1320.00
OI001630,O00787,P001,1,1450.00
OI004906,O02394,P024,1,1487.50
OI004907,O02395,P011,1,1320.00
OI004908,O02395,P020,2,977.50
OI004909,O02396,P027,1,841.50
OI004910,O02397,P010,3,2750.00
OI004911,O02398,P001,2,1305.00
OI004912,O02399,P019,1,833.00
OI004913,O02400,P017,1,1402.50
OI004914,O02400,P002,2,2720.00
OI004915,O02401,P025,2,280.00
OI004916,O02401,P040,3,1782.00
OI004917,O02402,P005,1,527.00
OI004918,O02403,P004,2,977.50
OI007465,O03665,P015,2,690.00
OI004919,O02403,P036,1,330.00
OI004920,O02403,P018,3,331.50
OI004921,O02403,P015,2,690.00
OI004922,O02404,P027,3,940.50
OI004923,O02405,P039,1,207.00
OI004924,O02406,P024,1,1750.00
OI004925,O02406,P015,1,621.00
OI004926,O02406,P016,1,442.00
OI004927,O02406,P005,1,620.00
OI004928,O02407,P007,3,1890.00
OI004929,O02407,P040,1,1782.00
OI004930,O02407,P035,4,2280.00
OI004931,O02408,P008,1,4140.00
OI004932,O02409,P002,2,3200.00
OI004933,O02409,P036,2,313.50
OI004934,O02410,P039,1,230.00
OI004935,O02410,P009,3,950.00
OI004936,O02410,P017,2,1320.00
OI004937,O02411,P002,1,2720.00
OI004938,O02411,P017,1,1402.50
OI004939,O02411,P011,1,1122.00
OI004940,O02412,P010,3,2475.00
OI004941,O02413,P025,3,266.00
OI004942,O02413,P003,2,780.00
OI004943,O02413,P023,1,310.00
OI004944,O02414,P016,2,468.00
OI004945,O02414,P010,2,2750.00
OI004946,O02415,P004,1,1092.50
OI004947,O02416,P004,1,1150.00
OI004948,O02416,P039,2,207.00
OI004949,O02416,P026,1,783.00
OI004950,O02416,P040,1,1782.00
OI004951,O02417,P030,1,209.00
OI004952,O02417,P039,1,218.50
OI004953,O02418,P027,1,990.00
OI004954,O02418,P018,1,292.50
OI004955,O02418,P015,1,655.50
OI004956,O02419,P005,3,620.00
OI004957,O02420,P030,1,187.00
OI004958,O02420,P008,1,4600.00
OI004959,O02420,P004,1,1150.00
OI004960,O02420,P023,1,263.50
OI004961,O02421,P017,3,1650.00
OI004962,O02421,P016,2,442.00
OI004963,O02421,P012,3,389.50
OI004964,O02421,P035,2,2400.00
OI004965,O02422,P005,1,620.00
OI004966,O02422,P013,1,456.00
OI004967,O02423,P003,5,663.00
OI004968,O02424,P013,1,480.00
OI004969,O02425,P020,2,977.50
OI004970,O02426,P003,1,780.00
OI004971,O02427,P036,1,297.00
OI004972,O02427,P006,1,540.00
OI004973,O02427,P037,1,684.00
OI004974,O02427,P010,1,2750.00
OI004975,O02428,P040,2,1980.00
OI004976,O02429,P018,1,390.00
OI004977,O02429,P017,1,1485.00
OI004978,O02430,P020,1,1150.00
OI004979,O02430,P016,1,520.00
OI004980,O02431,P010,2,2475.00
OI004981,O02431,P024,1,1662.50
OI004982,O02432,P018,1,312.00
OI004983,O02432,P007,1,1606.50
OI004984,O02433,P018,1,351.00
OI004985,O02433,P003,2,780.00
OI004986,O02433,P019,2,833.00
OI004987,O02434,P020,2,1035.00
OI004988,O02435,P003,1,780.00
OI004989,O02435,P025,2,252.00
OI004990,O02435,P034,1,324.00
OI004991,O02436,P038,3,180.50
OI004992,O02436,P020,1,920.00
OI004993,O02437,P040,1,1782.00
OI004994,O02438,P007,2,1795.50
OI004995,O02438,P017,3,1485.00
OI004996,O02439,P013,1,408.00
OI004997,O02439,P027,1,940.50
OI004998,O02439,P033,3,246.50
OI004999,O02440,P009,1,855.00
OI005000,O02441,P009,2,855.00
OI005001,O02442,P001,3,1377.50
OI005002,O02442,P040,3,1782.00
OI005003,O02442,P017,4,1650.00
OI005004,O02442,P020,3,977.50
OI005005,O02443,P028,1,760.00
OI005006,O02444,P002,1,3200.00
OI005007,O02444,P015,1,690.00
OI005008,O02445,P039,1,230.00
OI005009,O02445,P029,2,608.00
OI005010,O02445,P016,1,468.00
OI005011,O02446,P009,2,855.00
OI005012,O02446,P015,2,621.00
OI005013,O02446,P024,3,1750.00
OI005014,O02447,P038,3,190.00
OI005015,O02447,P012,1,410.00
OI005016,O02447,P018,1,390.00
OI005017,O02448,P004,1,1150.00
OI005018,O02448,P015,2,655.50
OI005019,O02449,P029,1,608.00
OI005020,O02449,P033,2,275.50
OI005021,O02449,P015,3,690.00
OI005022,O02450,P006,3,513.00
OI005023,O02450,P011,1,1320.00
OI005024,O02451,P014,1,234.00
OI005025,O02452,P004,1,1092.50
OI005026,O02453,P017,3,1485.00
OI005027,O02453,P018,1,390.00
OI005028,O02453,P001,2,1450.00
OI005029,O02454,P015,1,690.00
OI005030,O02454,P038,2,190.00
OI005031,O02454,P024,2,1750.00
OI005032,O02455,P031,1,382.50
OI005033,O02456,P013,2,480.00
OI005034,O02456,P018,1,351.00
OI005035,O02456,P005,1,620.00
OI005036,O02457,P033,1,290.00
OI005037,O02457,P012,1,369.00
OI005038,O02458,P002,1,2880.00
OI005039,O02459,P017,1,1650.00
OI005040,O02459,P015,1,621.00
OI005041,O02459,P026,1,783.00
OI005042,O02460,P008,2,4600.00
OI005043,O02460,P015,1,655.50
OI005044,O02460,P017,1,1485.00
OI005045,O02461,P010,1,2337.50
OI005046,O02461,P038,1,161.50
OI005047,O02462,P020,2,977.50
OI005048,O02462,P017,4,1485.00
OI005049,O02463,P014,1,234.00
OI005050,O02463,P036,1,297.00
OI005051,O02464,P017,1,1485.00
OI005052,O02465,P008,4,4600.00
OI005053,O02465,P018,3,351.00
OI005054,O02466,P018,1,390.00
OI005055,O02466,P036,1,297.00
OI005056,O02467,P004,1,1150.00
OI005057,O02468,P036,2,313.50
OI005058,O02468,P017,3,1650.00
OI005059,O02468,P005,4,589.00
OI005060,O02469,P015,1,690.00
OI005061,O02469,P016,2,442.00
OI005062,O02470,P023,1,279.00
OI005063,O02470,P005,1,620.00
OI005064,O02470,P017,2,1402.50
OI005065,O02470,P039,3,218.50
OI005066,O02471,P023,1,310.00
OI005067,O02472,P006,2,459.00
OI005068,O02472,P002,1,2720.00
OI005069,O02473,P011,1,1254.00
OI005070,O02473,P005,1,589.00
OI005071,O02474,P036,2,297.00
OI005072,O02474,P017,1,1237.50
OI002779,O01340,P010,1,2612.50
OI005073,O02474,P023,1,310.00
OI005074,O02474,P025,1,280.00
OI005075,O02475,P019,3,980.00
OI005076,O02475,P020,3,920.00
OI005077,O02476,P031,1,450.00
OI005078,O02477,P010,3,2750.00
OI005079,O02478,P025,1,266.00
OI005080,O02478,P017,1,1320.00
OI005081,O02479,P034,2,360.00
OI005082,O02479,P019,3,882.00
OI005083,O02480,P021,1,518.50
OI005084,O02481,P010,1,2475.00
OI005085,O02481,P023,2,310.00
OI005086,O02482,P004,3,977.50
OI005087,O02482,P034,1,324.00
OI005088,O02482,P029,3,640.00
OI005089,O02482,P025,1,280.00
OI005090,O02483,P023,3,310.00
OI005091,O02484,P034,2,360.00
OI005092,O02484,P020,1,920.00
OI005093,O02485,P025,1,252.00
OI005094,O02485,P002,3,3200.00
OI005095,O02485,P007,1,1890.00
OI005096,O02485,P011,2,1188.00
OI005097,O02486,P019,1,833.00
OI005098,O02487,P019,3,980.00
OI005099,O02487,P012,2,369.00
OI005100,O02488,P014,1,260.00
OI005101,O02489,P016,1,416.00
OI005102,O02489,P028,3,722.00
OI005103,O02489,P002,1,3200.00
OI005104,O02490,P005,1,558.00
OI005105,O02490,P020,1,1035.00
OI005106,O02490,P007,1,1890.00
OI005107,O02490,P011,1,1122.00
OI005108,O02491,P013,1,432.00
OI005109,O02491,P010,1,2612.50
OI005110,O02491,P008,1,4140.00
OI005111,O02492,P021,1,518.50
OI005112,O02493,P008,3,4600.00
OI005113,O02493,P002,1,3200.00
OI005114,O02493,P005,2,620.00
OI005115,O02493,P019,2,980.00
OI005116,O02494,P015,1,621.00
OI005117,O02494,P016,1,442.00
OI005118,O02494,P035,2,2160.00
OI005119,O02495,P002,2,3200.00
OI005120,O02495,P025,2,280.00
OI005121,O02495,P008,3,4370.00
OI005122,O02496,P036,1,297.00
OI005123,O02496,P009,1,902.50
OI005124,O02496,P019,3,784.00
OI005125,O02496,P010,3,2475.00
OI005126,O02497,P037,1,612.00
OI005127,O02497,P016,3,442.00
OI005128,O02497,P001,1,1450.00
OI005129,O02498,P003,1,780.00
OI005130,O02498,P005,1,620.00
OI005131,O02499,P004,1,1035.00
OI005132,O02500,P001,1,1450.00
OI005133,O02501,P002,2,3040.00
OI005134,O02501,P039,3,207.00
OI005135,O02502,P009,1,950.00
OI005136,O02502,P039,1,207.00
OI005137,O02502,P017,1,1402.50
OI005138,O02503,P015,1,690.00
OI005139,O02503,P010,2,2750.00
OI005140,O02504,P002,3,3200.00
OI005141,O02504,P005,2,558.00
OI005142,O02504,P031,2,427.50
OI005143,O02505,P017,1,1320.00
OI005144,O02505,P027,3,990.00
OI005145,O02506,P012,1,348.50
OI005146,O02506,P035,2,2160.00
OI005147,O02507,P020,1,1150.00
OI005148,O02508,P005,1,527.00
OI005149,O02509,P004,3,1150.00
OI005150,O02509,P001,1,1450.00
OI005151,O02510,P026,1,783.00
OI005152,O02510,P002,1,2880.00
OI005153,O02510,P038,2,171.00
OI005154,O02510,P036,1,330.00
OI005155,O02511,P003,1,702.00
OI005156,O02511,P007,1,1890.00
OI005157,O02512,P037,1,684.00
OI005158,O02512,P035,1,2160.00
OI005159,O02512,P015,2,586.50
OI005160,O02513,P023,1,279.00
OI005161,O02514,P007,1,1890.00
OI005162,O02514,P016,1,468.00
OI005163,O02514,P024,2,1662.50
OI005164,O02515,P024,1,1750.00
OI005165,O02516,P011,1,1122.00
OI005166,O02517,P004,3,1150.00
OI005167,O02517,P023,1,263.50
OI005168,O02518,P005,1,620.00
OI005169,O02518,P009,1,950.00
OI005170,O02519,P012,1,410.00
OI005171,O02520,P021,1,518.50
OI005172,O02520,P003,1,780.00
OI005173,O02520,P024,1,1750.00
OI005174,O02521,P003,1,702.00
OI005175,O02521,P013,2,480.00
OI005176,O02521,P040,1,1782.00
OI005177,O02522,P005,1,558.00
OI005178,O02522,P012,1,410.00
OI005179,O02522,P036,2,297.00
OI005180,O02523,P004,1,1035.00
OI005181,O02523,P011,2,1320.00
OI005182,O02523,P001,2,1377.50
OI005183,O02524,P001,2,1305.00
OI005184,O02525,P008,2,4600.00
OI005185,O02525,P019,1,833.00
OI005186,O02525,P025,1,280.00
OI005187,O02526,P023,1,294.50
OI005188,O02526,P037,1,648.00
OI005189,O02526,P016,1,390.00
OI005190,O02527,P010,2,2475.00
OI005191,O02527,P023,2,294.50
OI005192,O02527,P009,1,950.00
OI005193,O02528,P035,1,2160.00
OI005194,O02529,P015,1,690.00
OI005195,O02529,P035,1,2160.00
OI005196,O02530,P023,1,310.00
OI005197,O02531,P001,1,1305.00
OI005198,O02531,P029,1,640.00
OI005199,O02532,P020,1,1035.00
OI005200,O02532,P025,1,252.00
OI005201,O02533,P003,1,780.00
OI005202,O02533,P015,2,690.00
OI005203,O02533,P012,2,410.00
OI005204,O02534,P005,1,620.00
OI005205,O02534,P028,1,684.00
OI005206,O02535,P001,1,1450.00
OI005207,O02535,P023,1,310.00
OI005208,O02536,P021,1,518.50
OI005209,O02537,P008,2,4370.00
OI005210,O02537,P004,1,1150.00
OI005211,O02538,P027,2,841.50
OI005212,O02538,P038,1,161.50
OI005213,O02538,P010,1,2612.50
OI005214,O02539,P001,1,1450.00
OI005215,O02540,P013,2,480.00
OI005216,O02540,P015,4,655.50
OI005217,O02541,P012,1,410.00
OI005218,O02541,P013,1,480.00
OI005219,O02541,P021,1,518.50
OI005220,O02542,P018,1,390.00
OI005221,O02542,P036,2,313.50
OI005222,O02543,P011,1,1320.00
OI005223,O02544,P011,2,1254.00
OI005224,O02544,P023,3,279.00
OI005225,O02545,P024,1,1750.00
OI005226,O02545,P013,1,480.00
OI005227,O02546,P012,3,410.00
OI005228,O02547,P006,1,459.00
OI005229,O02548,P001,1,1377.50
OI005230,O02549,P033,3,246.50
OI005231,O02549,P004,1,977.50
OI005232,O02550,P036,1,313.50
OI005233,O02550,P021,3,610.00
OI005234,O02551,P027,1,940.50
OI005235,O02551,P005,2,620.00
OI005236,O02551,P002,1,2880.00
OI005237,O02552,P001,2,1232.50
OI005238,O02552,P003,1,741.00
OI005239,O02553,P024,2,1750.00
OI005240,O02554,P024,1,1750.00
OI005241,O02554,P012,2,389.50
OI005242,O02554,P002,1,3200.00
OI005243,O02555,P027,1,990.00
OI005244,O02555,P017,1,1485.00
OI005245,O02556,P011,1,1254.00
OI005246,O02556,P010,1,2750.00
OI005247,O02556,P023,2,294.50
OI005248,O02556,P012,1,389.50
OI005249,O02557,P004,3,1150.00
OI005250,O02558,P008,2,4600.00
OI005251,O02559,P028,1,684.00
OI005252,O02559,P019,1,784.00
OI005253,O02559,P016,2,416.00
OI005254,O02559,P004,1,1150.00
OI005255,O02560,P021,1,549.00
OI005256,O02561,P013,1,480.00
OI005257,O02561,P020,1,920.00
OI005258,O02562,P024,1,1750.00
OI005259,O02562,P006,2,513.00
OI005260,O02562,P017,1,1402.50
OI005261,O02563,P031,1,427.50
OI005262,O02563,P016,1,520.00
OI005263,O02563,P029,1,640.00
OI005264,O02564,P024,2,1750.00
OI005265,O02564,P038,2,180.50
OI005266,O02564,P017,1,1402.50
OI005267,O02564,P019,3,882.00
OI005268,O02565,P021,1,457.50
OI005269,O02565,P012,2,410.00
OI005270,O02565,P033,1,290.00
OI005271,O02565,P004,1,1035.00
OI005272,O02566,P017,2,1485.00
OI005273,O02567,P001,1,1305.00
OI005274,O02567,P008,3,4140.00
OI005275,O02567,P005,2,620.00
OI005276,O02568,P023,1,294.50
OI005277,O02569,P017,2,1320.00
OI005278,O02570,P003,2,780.00
OI005279,O02570,P023,1,310.00
OI005280,O02570,P025,1,252.00
OI005281,O02571,P029,1,640.00
OI005282,O02572,P009,2,902.50
OI005283,O02572,P007,1,1795.50
OI005284,O02572,P023,2,294.50
OI005285,O02572,P035,1,2400.00
OI005286,O02573,P001,2,1450.00
OI005287,O02573,P006,1,540.00
OI005288,O02574,P016,2,520.00
OI005289,O02574,P018,2,292.50
OI005290,O02574,P009,2,902.50
OI005291,O02575,P005,2,620.00
OI005292,O02575,P024,2,1575.00
OI005293,O02576,P016,1,520.00
OI005294,O02576,P008,1,4600.00
OI005295,O02577,P012,1,410.00
OI005296,O02577,P021,1,488.00
OI005297,O02577,P023,1,294.50
OI005298,O02577,P020,1,1035.00
OI005299,O02578,P003,1,780.00
OI005300,O02578,P001,1,1450.00
OI005301,O02579,P040,2,1782.00
OI005302,O02580,P001,2,1377.50
OI005303,O02581,P009,1,950.00
OI005304,O02581,P001,1,1305.00
OI005305,O02582,P005,1,527.00
OI005306,O02582,P031,1,382.50
OI005307,O02583,P010,1,2750.00
OI005308,O02583,P007,3,1795.50
OI005309,O02584,P007,2,1890.00
OI005310,O02584,P014,1,234.00
OI005311,O02584,P012,1,369.00
OI005312,O02585,P003,3,780.00
OI005313,O02585,P038,3,190.00
OI005314,O02586,P025,3,252.00
OI005315,O02587,P017,2,1402.50
OI005316,O02587,P010,2,2612.50
OI005317,O02588,P040,1,1980.00
OI005318,O02588,P023,1,294.50
OI005319,O02589,P012,1,410.00
OI005320,O02590,P001,2,1450.00
OI005321,O02590,P017,2,1320.00
OI005322,O02591,P012,1,410.00
OI005323,O02591,P025,2,280.00
OI005324,O02591,P017,1,1320.00
OI005325,O02591,P023,2,310.00
OI005326,O02592,P035,2,2400.00
OI005327,O02592,P004,2,1035.00
OI005328,O02592,P016,1,468.00
OI005329,O02593,P024,1,1575.00
OI005330,O02593,P001,3,1450.00
OI005331,O02594,P023,3,294.50
OI005332,O02594,P001,1,1305.00
OI005333,O02594,P016,1,442.00
OI005334,O02595,P014,2,260.00
OI005335,O02596,P025,1,280.00
OI005336,O02597,P020,1,862.50
OI005337,O02598,P017,1,1650.00
OI005338,O02598,P003,1,780.00
OI005339,O02598,P013,2,480.00
OI005340,O02599,P017,1,1402.50
OI005341,O02600,P024,1,1750.00
OI005342,O02601,P017,2,1320.00
OI005343,O02602,P036,2,313.50
OI005344,O02602,P007,2,1701.00
OI005345,O02603,P019,1,735.00
OI005346,O02603,P010,1,2750.00
OI005347,O02604,P018,1,351.00
OI005348,O02605,P016,3,520.00
OI005349,O02605,P001,2,1450.00
OI005350,O02606,P009,1,902.50
OI005351,O02606,P025,1,252.00
OI005352,O02606,P037,3,720.00
OI005353,O02606,P029,2,640.00
OI005354,O02607,P003,2,780.00
OI005355,O02607,P010,3,2612.50
OI005356,O02607,P023,2,279.00
OI005357,O02608,P024,1,1750.00
OI005358,O02609,P015,1,690.00
OI005359,O02609,P014,1,260.00
OI005360,O02609,P004,1,1092.50
OI005361,O02609,P012,1,389.50
OI005362,O02610,P029,2,640.00
OI005363,O02610,P003,1,780.00
OI005364,O02611,P011,1,1254.00
OI005365,O02611,P017,1,1485.00
OI005366,O02611,P008,1,4600.00
OI005367,O02612,P035,1,2280.00
OI005368,O02612,P005,2,589.00
OI005369,O02613,P040,3,1980.00
OI005370,O02614,P038,2,180.50
OI005371,O02614,P036,3,330.00
OI005372,O02615,P024,2,1750.00
OI005373,O02615,P003,1,780.00
OI005374,O02616,P012,1,410.00
OI005375,O02617,P024,1,1575.00
OI005376,O02617,P019,2,784.00
OI005377,O02618,P027,1,841.50
OI005378,O02618,P011,3,1254.00
OI005379,O02619,P002,2,3200.00
OI005380,O02620,P025,1,280.00
OI005381,O02620,P012,2,410.00
OI005382,O02620,P003,1,702.00
OI005383,O02621,P017,1,1320.00
OI005384,O02622,P015,1,655.50
OI005385,O02622,P002,1,2880.00
OI005386,O02622,P006,2,486.00
OI005387,O02623,P010,1,2750.00
OI005388,O02624,P019,1,784.00
OI005389,O02625,P010,1,2750.00
OI005390,O02626,P023,3,310.00
OI005391,O02626,P024,1,1750.00
OI005392,O02626,P011,1,1320.00
OI005393,O02627,P020,1,920.00
OI005394,O02627,P027,1,990.00
OI005395,O02628,P004,2,1150.00
OI005396,O02629,P013,3,480.00
OI005397,O02630,P033,2,290.00
OI005398,O02631,P024,1,1750.00
OI005399,O02631,P003,1,663.00
OI005400,O02632,P003,2,780.00
OI005401,O02632,P023,1,310.00
OI005402,O02633,P015,3,621.00
OI005403,O02633,P002,3,2880.00
OI005404,O02633,P012,1,389.50
OI005405,O02634,P024,1,1750.00
OI005406,O02634,P001,1,1450.00
OI005407,O02634,P010,1,2750.00
OI005408,O02634,P020,2,862.50
OI005409,O02635,P017,1,1237.50
OI005410,O02636,P003,2,702.00
OI005411,O02637,P030,1,220.00
OI005412,O02637,P033,1,290.00
OI005413,O02638,P019,1,833.00
OI005414,O02639,P024,1,1750.00
OI005415,O02639,P021,3,610.00
OI005416,O02640,P010,1,2750.00
OI005417,O02640,P035,1,2160.00
OI005418,O02641,P011,1,1188.00
OI002443,O01181,P011,1,1320.00
OI005419,O02642,P016,2,416.00
OI005420,O02642,P025,1,238.00
OI005421,O02642,P039,1,195.50
OI005422,O02643,P008,3,4600.00
OI005423,O02644,P019,1,980.00
OI005424,O02644,P034,3,306.00
OI005425,O02645,P001,1,1377.50
OI005426,O02646,P015,2,690.00
OI005427,O02646,P017,2,1650.00
OI005428,O02647,P015,1,621.00
OI005429,O02648,P011,3,1320.00
OI005430,O02648,P016,1,442.00
OI005431,O02649,P021,1,488.00
OI005432,O02649,P004,1,977.50
OI005433,O02650,P009,2,855.00
OI005434,O02650,P013,1,432.00
OI005435,O02651,P001,5,1450.00
OI005436,O02652,P015,3,655.50
OI005437,O02653,P003,1,702.00
OI005438,O02653,P005,3,620.00
OI005439,O02653,P038,1,190.00
OI005440,O02654,P029,1,640.00
OI005441,O02655,P018,3,312.00
OI005442,O02656,P015,1,690.00
OI005443,O02656,P003,1,780.00
OI005444,O02657,P014,1,260.00
OI005445,O02658,P039,1,218.50
OI005446,O02658,P003,1,741.00
OI005447,O02659,P002,1,3200.00
OI005448,O02659,P005,1,589.00
OI005449,O02659,P009,1,950.00
OI005450,O02659,P029,1,640.00
OI005451,O02660,P025,1,280.00
OI005452,O02661,P023,1,310.00
OI005453,O02661,P016,1,416.00
OI005454,O02662,P039,2,195.50
OI005455,O02663,P020,3,1035.00
OI005456,O02664,P001,1,1450.00
OI005457,O02664,P024,1,1575.00
OI005458,O02664,P003,1,702.00
OI005459,O02664,P010,1,2750.00
OI005460,O02665,P013,4,432.00
OI005461,O02665,P019,1,784.00
OI005462,O02666,P011,3,1320.00
OI005463,O02667,P009,1,855.00
OI005464,O02667,P024,1,1750.00
OI005465,O02668,P021,1,610.00
OI005466,O02668,P006,1,513.00
OI005467,O02668,P004,1,1150.00
OI005468,O02669,P008,2,4600.00
OI005469,O02669,P010,1,2750.00
OI005470,O02670,P019,2,833.00
OI005471,O02670,P011,1,1254.00
OI005472,O02670,P002,1,3200.00
OI005473,O02671,P009,1,950.00
OI005474,O02671,P039,1,218.50
OI005475,O02671,P005,1,620.00
OI005476,O02671,P028,2,760.00
OI005477,O02672,P015,2,690.00
OI005478,O02672,P005,1,558.00
OI005479,O02672,P020,1,977.50
OI005480,O02673,P011,1,1320.00
OI005481,O02674,P016,1,416.00
OI005482,O02675,P021,1,457.50
OI005483,O02675,P009,1,855.00
OI005484,O02676,P037,3,684.00
OI005485,O02676,P013,2,432.00
OI005486,O02676,P003,4,702.00
OI005487,O02676,P024,2,1750.00
OI005488,O02677,P003,1,780.00
OI005489,O02677,P018,1,351.00
OI005490,O02677,P012,1,389.50
OI005491,O02677,P004,1,1035.00
OI005492,O02678,P016,3,442.00
OI005493,O02679,P016,1,390.00
OI005494,O02680,P027,1,940.50
OI005495,O02681,P027,2,841.50
OI005496,O02682,P023,2,310.00
OI005497,O02683,P015,1,655.50
OI005498,O02683,P019,1,784.00
OI005499,O02684,P004,2,1092.50
OI005500,O02685,P013,1,456.00
OI005501,O02685,P037,1,684.00
OI005502,O02686,P018,2,331.50
OI005503,O02686,P007,1,1890.00
OI005504,O02687,P019,1,882.00
OI005505,O02688,P040,1,1683.00
OI005506,O02688,P003,1,663.00
OI005507,O02688,P011,2,1254.00
OI005508,O02688,P010,1,2750.00
OI005509,O02689,P018,1,312.00
OI005510,O02689,P006,3,459.00
OI005511,O02689,P011,2,1254.00
OI005512,O02690,P007,2,1701.00
OI005513,O02691,P024,1,1575.00
OI005514,O02691,P031,2,382.50
OI005515,O02691,P017,1,1650.00
OI005516,O02691,P040,1,1881.00
OI005517,O02692,P040,3,1881.00
OI005518,O02692,P039,1,230.00
OI005519,O02693,P003,1,741.00
OI005520,O02693,P020,2,920.00
OI005521,O02693,P008,1,4370.00
OI005522,O02693,P011,1,1188.00
OI005523,O02694,P025,3,266.00
OI005524,O02694,P036,1,313.50
OI005525,O02695,P012,1,389.50
OI005526,O02695,P013,3,456.00
OI005527,O02696,P036,1,330.00
OI005528,O02697,P012,1,389.50
OI005529,O02698,P010,3,2750.00
OI005530,O02698,P039,1,218.50
OI005531,O02698,P030,1,220.00
OI005532,O02699,P030,1,187.00
OI005533,O02700,P008,1,4370.00
OI005534,O02700,P009,1,807.50
OI005535,O02701,P024,1,1575.00
OI005536,O02702,P023,2,279.00
OI005537,O02703,P015,2,690.00
OI005538,O02703,P016,1,390.00
OI005539,O02703,P004,2,1150.00
OI005540,O02704,P008,1,4140.00
OI005541,O02705,P012,3,389.50
OI005542,O02705,P029,1,640.00
OI005543,O02706,P030,1,187.00
OI005544,O02706,P002,2,2720.00
OI005545,O02707,P001,1,1377.50
OI005546,O02708,P020,1,977.50
OI005547,O02708,P017,2,1237.50
OI005548,O02708,P008,2,4600.00
OI005549,O02708,P009,3,902.50
OI005550,O02709,P017,2,1485.00
OI005551,O02709,P036,3,313.50
OI005552,O02709,P035,5,2280.00
OI005553,O02709,P039,3,207.00
OI005554,O02710,P002,1,3040.00
OI005555,O02710,P005,1,620.00
OI005556,O02710,P014,1,234.00
OI005557,O02711,P033,1,246.50
OI005558,O02712,P006,1,486.00
OI005559,O02713,P017,1,1320.00
OI005560,O02714,P036,3,313.50
OI005561,O02714,P009,1,855.00
OI005562,O02714,P004,1,1150.00
OI005563,O02715,P037,1,648.00
OI005564,O02715,P009,2,950.00
OI005565,O02716,P005,2,527.00
OI005566,O02717,P029,2,640.00
OI005567,O02718,P009,4,902.50
OI005568,O02719,P023,2,310.00
OI005569,O02719,P007,3,1795.50
OI005570,O02719,P003,1,741.00
OI005571,O02719,P038,1,190.00
OI005572,O02720,P023,2,310.00
OI005573,O02720,P008,1,3910.00
OI005574,O02720,P039,1,230.00
OI005575,O02721,P025,1,280.00
OI005576,O02721,P024,3,1750.00
OI005577,O02722,P013,1,456.00
OI005578,O02722,P035,1,2160.00
OI005579,O02723,P025,1,280.00
OI005580,O02724,P027,2,990.00
OI005581,O02724,P039,1,218.50
OI005582,O02724,P024,3,1662.50
OI005583,O02724,P003,1,780.00
OI005584,O02725,P011,1,1188.00
OI005585,O02726,P016,1,442.00
OI005586,O02726,P018,1,292.50
OI005587,O02726,P034,1,324.00
OI005588,O02727,P001,1,1377.50
OI005589,O02728,P006,1,513.00
OI005590,O02728,P004,1,1150.00
OI005591,O02729,P003,1,780.00
OI005592,O02730,P004,1,1150.00
OI005593,O02731,P001,3,1450.00
OI005594,O02732,P039,1,218.50
OI005595,O02733,P009,2,807.50
OI005596,O02734,P007,2,1701.00
OI005597,O02734,P020,1,1150.00
OI005598,O02735,P001,1,1450.00
OI005599,O02736,P024,1,1487.50
OI005600,O02736,P008,2,4600.00
OI005601,O02736,P005,1,589.00
OI005602,O02737,P036,2,330.00
OI005603,O02737,P034,1,324.00
OI005604,O02737,P024,1,1750.00
OI005605,O02738,P026,1,826.50
OI005606,O02738,P010,1,2750.00
OI005607,O02739,P017,2,1485.00
OI005608,O02739,P012,1,410.00
OI005609,O02739,P002,3,3200.00
OI005610,O02740,P029,2,640.00
OI005611,O02740,P003,2,780.00
OI005612,O02741,P031,1,450.00
OI005613,O02741,P014,2,234.00
OI005614,O02742,P004,1,1150.00
OI005615,O02742,P003,1,702.00
OI005616,O02742,P017,1,1650.00
OI005617,O02743,P010,1,2750.00
OI005618,O02743,P020,1,920.00
OI005619,O02744,P005,1,620.00
OI005620,O02745,P027,2,990.00
OI005621,O02745,P011,2,1320.00
OI005622,O02746,P024,2,1487.50
OI005623,O02746,P028,3,722.00
OI005624,O02747,P011,3,1188.00
OI005625,O02747,P014,1,260.00
OI005626,O02747,P037,3,684.00
OI005627,O02747,P013,1,432.00
OI005628,O02748,P021,2,610.00
OI005629,O02748,P030,2,220.00
OI005630,O02748,P035,1,2400.00
OI005631,O02748,P019,1,833.00
OI005632,O02749,P001,1,1232.50
OI005633,O02749,P021,1,518.50
OI005634,O02749,P010,1,2612.50
OI005635,O02750,P024,3,1750.00
OI005636,O02751,P012,2,389.50
OI005637,O02751,P001,1,1377.50
OI005638,O02751,P034,2,324.00
OI005639,O02751,P023,4,279.00
OI005640,O02752,P011,2,1320.00
OI005641,O02752,P002,3,3040.00
OI005642,O02753,P015,1,621.00
OI005643,O02753,P010,1,2337.50
OI005644,O02754,P019,1,735.00
OI005645,O02754,P003,1,780.00
OI005646,O02754,P015,1,655.50
OI005647,O02755,P010,2,2750.00
OI005648,O02755,P007,1,1606.50
OI005649,O02755,P001,1,1232.50
OI005650,O02756,P037,1,720.00
OI005651,O02756,P017,1,1485.00
OI005652,O02757,P003,1,741.00
OI005653,O02758,P040,1,1782.00
OI005654,O02758,P016,1,468.00
OI005655,O02759,P040,3,1980.00
OI005656,O02760,P010,2,2475.00
OI005657,O02760,P038,1,190.00
OI005658,O02761,P001,1,1450.00
OI005659,O02761,P021,1,457.50
OI005660,O02762,P008,1,3910.00
OI005661,O02762,P017,2,1402.50
OI005662,O02763,P025,2,238.00
OI005663,O02763,P027,4,891.00
OI005664,O02764,P027,1,940.50
OI005665,O02765,P036,1,297.00
OI005666,O02765,P016,1,468.00
OI005667,O02765,P015,1,690.00
OI005668,O02766,P013,1,408.00
OI005669,O02766,P039,1,195.50
OI005670,O02767,P020,1,920.00
OI005671,O02767,P017,3,1402.50
OI005672,O02768,P021,1,610.00
OI005673,O02769,P027,1,990.00
OI005674,O02769,P013,3,432.00
OI005675,O02770,P010,1,2612.50
OI005676,O02771,P005,1,527.00
OI005677,O02771,P012,1,410.00
OI005678,O02772,P003,2,780.00
OI005679,O02773,P033,1,275.50
OI005680,O02773,P026,1,826.50
OI005681,O02774,P019,1,833.00
OI005682,O02775,P018,2,331.50
OI005683,O02775,P003,1,780.00
OI005684,O02776,P016,3,520.00
OI005685,O02777,P037,3,684.00
OI005686,O02777,P025,2,252.00
OI005687,O02778,P034,1,324.00
OI005688,O02779,P002,4,2720.00
OI005689,O02779,P010,2,2337.50
OI005690,O02780,P004,3,1150.00
OI005691,O02780,P008,2,4600.00
OI005692,O02781,P029,2,640.00
OI005693,O02782,P039,3,230.00
OI005694,O02782,P025,1,252.00
OI005695,O02783,P016,4,520.00
OI005696,O02783,P003,3,663.00
OI005697,O02783,P002,3,2720.00
OI005698,O02784,P024,1,1662.50
OI007277,O03569,P025,3,280.00
OI005699,O02785,P008,1,4370.00
OI005700,O02785,P003,1,663.00
OI005701,O02785,P025,1,280.00
OI005702,O02786,P038,1,171.00
OI005703,O02786,P037,2,720.00
OI005704,O02786,P002,1,3200.00
OI005705,O02787,P033,1,290.00
OI005706,O02788,P034,1,360.00
OI005707,O02788,P026,2,826.50
OI005708,O02789,P010,2,2612.50
OI005709,O02789,P030,2,209.00
OI005710,O02789,P039,2,230.00
OI005711,O02790,P009,1,855.00
OI005712,O02790,P013,1,456.00
OI005713,O02791,P040,5,1782.00
OI005714,O02792,P015,2,690.00
OI005715,O02792,P024,1,1750.00
OI005716,O02793,P007,1,1890.00
OI005717,O02793,P019,1,784.00
OI005718,O02794,P014,1,234.00
OI005719,O02794,P013,1,480.00
OI005720,O02795,P006,1,486.00
OI005721,O02795,P011,1,1320.00
OI000387,O00184,P004,3,1092.50
OI005722,O02795,P015,2,655.50
OI005723,O02796,P015,1,690.00
OI005724,O02797,P003,1,780.00
OI005725,O02797,P012,2,410.00
OI005726,O02798,P025,3,252.00
OI005727,O02799,P008,1,4600.00
OI005728,O02799,P003,2,741.00
OI005729,O02800,P027,3,940.50
OI005730,O02800,P005,2,558.00
OI005731,O02801,P015,1,690.00
OI005732,O02802,P007,1,1795.50
OI005733,O02802,P039,1,230.00
OI005734,O02803,P019,1,735.00
OI005735,O02803,P023,1,310.00
OI005736,O02803,P035,1,2280.00
OI005737,O02804,P026,3,870.00
OI005738,O02805,P036,1,313.50
OI005739,O02805,P038,1,171.00
OI005740,O02806,P006,1,486.00
OI005741,O02807,P025,1,252.00
OI005742,O02807,P010,1,2750.00
OI005743,O02807,P021,1,488.00
OI005744,O02808,P036,1,330.00
OI005745,O02809,P026,1,826.50
OI005746,O02809,P027,1,990.00
OI005747,O02809,P028,1,760.00
OI005748,O02810,P028,2,760.00
OI005749,O02810,P012,3,369.00
OI005750,O02811,P007,1,1701.00
OI005751,O02811,P013,1,408.00
OI005752,O02811,P040,2,1683.00
OI005753,O02812,P025,1,280.00
OI005754,O02812,P018,2,390.00
OI005755,O02812,P020,1,1150.00
OI005756,O02812,P010,2,2750.00
OI005757,O02813,P010,1,2612.50
OI005758,O02813,P031,1,450.00
OI005759,O02813,P027,1,990.00
OI005760,O02814,P002,1,3040.00
OI005761,O02815,P017,3,1650.00
OI005762,O02816,P008,1,4600.00
OI005763,O02816,P009,3,950.00
OI005764,O02816,P004,2,1092.50
OI005765,O02816,P001,1,1377.50
OI005766,O02817,P023,1,310.00
OI005767,O02817,P005,3,527.00
OI005768,O02817,P033,1,290.00
OI005769,O02818,P014,1,247.00
OI006646,O03255,P003,3,780.00
OI005770,O02818,P018,1,312.00
OI005771,O02819,P024,1,1575.00
OI005772,O02819,P003,1,780.00
OI005773,O02820,P005,3,620.00
OI005774,O02820,P023,5,310.00
OI005775,O02821,P013,1,456.00
OI005776,O02821,P004,1,1092.50
OI005777,O02822,P017,1,1237.50
OI005778,O02822,P005,1,620.00
OI005779,O02822,P012,1,410.00
OI005780,O02822,P003,1,780.00
OI005781,O02823,P037,1,648.00
OI005782,O02823,P026,1,870.00
OI005783,O02824,P013,2,480.00
OI005784,O02825,P001,2,1450.00
OI005785,O02825,P023,1,294.50
OI005786,O02826,P011,1,1188.00
OI005787,O02827,P011,1,1122.00
OI005788,O02828,P001,1,1450.00
OI005789,O02828,P023,2,294.50
OI005790,O02829,P001,2,1450.00
OI005791,O02829,P010,1,2612.50
OI005792,O02830,P008,2,4600.00
OI005793,O02831,P023,1,263.50
OI005794,O02831,P039,2,195.50
OI005795,O02831,P034,1,306.00
OI005796,O02832,P011,1,1254.00
OI005797,O02833,P025,1,266.00
OI005798,O02833,P031,1,427.50
OI005799,O02834,P008,1,4600.00
OI005800,O02834,P039,2,207.00
OI005801,O02835,P014,4,247.00
OI005802,O02835,P010,3,2612.50
OI005803,O02836,P005,1,589.00
OI005804,O02837,P005,1,589.00
OI005805,O02838,P002,1,3200.00
OI005806,O02839,P004,1,1092.50
OI005807,O02839,P023,1,310.00
OI005808,O02839,P017,3,1320.00
OI005809,O02840,P001,1,1377.50
OI005810,O02840,P034,1,360.00
OI005811,O02840,P010,2,2475.00
OI005812,O02841,P020,2,1150.00
OI005813,O02841,P026,2,870.00
OI005814,O02841,P008,1,4140.00
OI005815,O02841,P001,1,1450.00
OI005816,O02842,P015,2,621.00
OI005817,O02842,P004,1,1150.00
OI005818,O02842,P036,3,330.00
OI005819,O02843,P005,2,589.00
OI005820,O02843,P025,2,280.00
OI005821,O02843,P013,1,480.00
OI005822,O02844,P010,2,2612.50
OI005823,O02844,P020,1,1035.00
OI005824,O02844,P003,1,780.00
OI005825,O02845,P019,1,833.00
OI005826,O02846,P004,3,1150.00
OI005827,O02846,P003,1,702.00
OI005828,O02847,P038,3,190.00
OI005829,O02847,P018,2,351.00
OI005830,O02848,P010,1,2337.50
OI005831,O02849,P024,1,1575.00
OI005832,O02849,P030,2,220.00
OI005833,O02849,P027,1,990.00
OI005834,O02849,P001,3,1450.00
OI005835,O02850,P009,1,950.00
OI005836,O02850,P036,3,313.50
OI005837,O02851,P004,1,1150.00
OI005838,O02852,P015,1,690.00
OI005839,O02853,P005,1,527.00
OI005840,O02853,P019,1,735.00
OI005841,O02853,P004,2,977.50
OI005842,O02853,P010,2,2612.50
OI005843,O02854,P004,1,1035.00
OI005844,O02855,P034,2,342.00
OI005845,O02855,P003,1,741.00
OI005846,O02855,P005,1,620.00
OI005847,O02856,P027,1,990.00
OI005848,O02856,P004,1,1150.00
OI005849,O02857,P024,1,1575.00
OI005850,O02857,P017,1,1485.00
OI005851,O02858,P036,1,330.00
OI005852,O02858,P001,2,1450.00
OI005853,O02859,P006,1,486.00
OI005854,O02860,P009,1,950.00
OI005855,O02861,P027,1,940.50
OI005856,O02861,P039,1,218.50
OI005857,O02862,P025,2,252.00
OI005858,O02862,P010,5,2612.50
OI005859,O02863,P036,1,313.50
OI005860,O02863,P026,4,783.00
OI005861,O02864,P020,2,1150.00
OI005862,O02864,P021,1,549.00
OI005863,O02864,P009,1,902.50
OI005864,O02865,P019,1,980.00
OI005865,O02865,P010,1,2750.00
OI005866,O02866,P002,1,3200.00
OI005867,O02867,P017,2,1402.50
OI005868,O02868,P039,1,207.00
OI005869,O02869,P019,1,784.00
OI005870,O02869,P017,3,1237.50
OI005871,O02870,P010,1,2612.50
OI005872,O02871,P020,1,977.50
OI005873,O02871,P009,1,855.00
OI005874,O02872,P039,1,207.00
OI005875,O02872,P001,2,1377.50
OI005876,O02872,P026,1,870.00
OI005877,O02872,P031,1,450.00
OI005878,O02873,P015,1,621.00
OI005879,O02874,P018,1,312.00
OI005880,O02875,P005,3,620.00
OI005881,O02875,P030,2,220.00
OI005882,O02875,P010,1,2750.00
OI005883,O02876,P036,1,330.00
OI005884,O02876,P021,2,518.50
OI005885,O02877,P004,2,1150.00
OI005886,O02878,P010,1,2750.00
OI005887,O02879,P013,1,480.00
OI005888,O02879,P006,1,540.00
OI005889,O02879,P026,2,870.00
OI005890,O02879,P011,1,1320.00
OI005891,O02880,P001,3,1305.00
OI005892,O02880,P029,3,640.00
OI005893,O02880,P023,3,279.00
OI005894,O02881,P025,1,280.00
OI005895,O02882,P020,1,920.00
OI005896,O02882,P005,1,527.00
OI005897,O02883,P031,1,427.50
OI005898,O02883,P003,1,780.00
OI005899,O02884,P018,1,312.00
OI005900,O02885,P028,1,760.00
OI005901,O02885,P010,1,2750.00
OI005902,O02886,P027,1,990.00
OI005903,O02886,P039,1,230.00
OI005904,O02887,P029,1,640.00
OI005905,O02888,P026,2,783.00
OI005906,O02888,P019,1,833.00
OI005907,O02888,P038,2,171.00
OI005908,O02889,P007,1,1701.00
OI005909,O02890,P016,1,520.00
OI005910,O02890,P017,1,1402.50
OI005911,O02891,P034,1,324.00
OI005912,O02891,P006,1,540.00
OI005913,O02892,P024,2,1662.50
OI005914,O02892,P026,1,826.50
OI005915,O02893,P024,1,1750.00
OI005916,O02894,P004,1,1150.00
OI005917,O02894,P030,1,220.00
OI005918,O02895,P005,1,558.00
OI005919,O02895,P001,1,1450.00
OI005920,O02895,P020,2,977.50
OI005921,O02896,P027,2,940.50
OI005922,O02897,P033,2,290.00
OI005923,O02898,P025,1,266.00
OI005924,O02898,P030,2,220.00
OI005925,O02899,P026,2,870.00
OI005926,O02900,P014,1,260.00
OI005927,O02900,P001,1,1450.00
OI005928,O02900,P010,1,2750.00
OI005929,O02900,P026,1,826.50
OI005930,O02901,P023,1,310.00
OI005931,O02901,P021,1,518.50
OI005932,O02901,P029,1,640.00
OI005933,O02902,P019,1,980.00
OI005934,O02902,P017,2,1650.00
OI005935,O02903,P028,1,684.00
OI005936,O02904,P015,1,655.50
OI005937,O02905,P016,1,442.00
OI005938,O02905,P023,3,310.00
OI005939,O02906,P036,1,330.00
OI005940,O02906,P019,1,735.00
OI005941,O02906,P039,1,230.00
OI005942,O02907,P002,2,3200.00
OI005943,O02907,P003,1,780.00
OI005944,O02908,P020,4,1035.00
OI005945,O02908,P005,3,620.00
OI005946,O02908,P029,3,640.00
OI005947,O02909,P010,1,2750.00
OI005948,O02909,P005,1,558.00
OI005949,O02909,P008,1,4600.00
OI005950,O02910,P023,1,310.00
OI005951,O02911,P019,1,980.00
OI005952,O02911,P021,1,518.50
OI005953,O02912,P017,1,1320.00
OI005954,O02912,P035,1,2040.00
OI005955,O02913,P038,1,190.00
OI005956,O02914,P035,2,2160.00
OI005957,O02914,P002,3,3200.00
OI005958,O02914,P003,2,780.00
OI005959,O02914,P001,1,1450.00
OI005960,O02915,P031,3,450.00
OI005961,O02915,P003,1,702.00
OI005962,O02915,P034,3,324.00
OI005963,O02916,P019,1,833.00
OI005964,O02916,P026,1,870.00
OI005965,O02917,P003,2,702.00
OI005966,O02917,P010,2,2750.00
OI005967,O02918,P023,1,294.50
OI005968,O02918,P019,1,784.00
OI005969,O02919,P023,1,310.00
OI005970,O02919,P003,2,741.00
OI005971,O02920,P005,3,620.00
OI005972,O02920,P002,1,3200.00
OI005973,O02921,P029,2,640.00
OI005974,O02921,P005,1,620.00
OI005975,O02922,P002,1,3200.00
OI005976,O02922,P009,3,950.00
OI005977,O02923,P012,1,410.00
OI005978,O02924,P039,4,218.50
OI005979,O02925,P027,2,990.00
OI005980,O02926,P008,2,4370.00
OI005981,O02926,P001,1,1450.00
OI005982,O02926,P019,2,833.00
OI005983,O02927,P018,2,292.50
OI005984,O02927,P005,2,620.00
OI005985,O02928,P037,2,720.00
OI005986,O02929,P035,1,2280.00
OI005987,O02929,P002,1,2720.00
OI005988,O02930,P014,1,260.00
OI005989,O02931,P020,2,862.50
OI005990,O02931,P009,1,807.50
OI005991,O02932,P005,1,558.00
OI005992,O02933,P015,2,690.00
OI005993,O02933,P005,1,620.00
OI005994,O02933,P009,3,950.00
OI005995,O02933,P019,1,833.00
OI005996,O02934,P034,2,306.00
OI005997,O02934,P002,2,2720.00
OI005998,O02934,P004,2,1150.00
OI005999,O02935,P010,1,2750.00
OI006000,O02936,P035,3,2040.00
OI006001,O02936,P018,1,292.50
OI006002,O02936,P031,1,450.00
OI006003,O02936,P020,2,977.50
OI006004,O02937,P023,1,279.00
OI006005,O02938,P003,1,702.00
OI006006,O02938,P010,1,2612.50
OI006007,O02939,P025,1,238.00
OI006008,O02939,P027,1,841.50
OI006009,O02940,P007,1,1890.00
OI006010,O02941,P010,1,2750.00
OI006011,O02941,P001,1,1450.00
OI006012,O02942,P026,1,783.00
OI006013,O02943,P012,1,389.50
OI006014,O02943,P020,1,862.50
OI006015,O02943,P009,1,950.00
OI006016,O02944,P015,1,690.00
OI006017,O02944,P010,1,2612.50
OI006018,O02944,P040,1,1881.00
OI006019,O02945,P008,1,4600.00
OI006020,O02945,P024,1,1575.00
OI006021,O02946,P020,2,1035.00
OI006022,O02946,P001,1,1450.00
OI006023,O02946,P030,1,220.00
OI006024,O02947,P010,2,2612.50
OI006025,O02947,P018,2,351.00
OI006026,O02948,P034,1,360.00
OI006027,O02948,P016,1,390.00
OI006028,O02949,P012,2,410.00
OI006029,O02949,P010,1,2750.00
OI006030,O02949,P040,1,1881.00
OI006031,O02950,P003,2,780.00
OI006032,O02951,P012,2,410.00
OI006033,O02952,P001,2,1377.50
OI006034,O02953,P028,1,760.00
OI006035,O02954,P023,1,279.00
OI006036,O02954,P006,1,459.00
OI006037,O02955,P004,3,1150.00
OI006038,O02955,P002,1,2720.00
OI006039,O02955,P021,1,488.00
OI006040,O02956,P010,1,2612.50
OI006041,O02957,P009,1,950.00
OI006042,O02957,P006,1,486.00
OI006043,O02958,P011,2,1254.00
OI006044,O02958,P038,1,190.00
OI006045,O02959,P025,2,266.00
OI006046,O02959,P016,1,390.00
OI006047,O02959,P006,1,486.00
OI006048,O02960,P002,1,3040.00
OI006049,O02961,P001,1,1305.00
OI006050,O02962,P015,3,586.50
OI006051,O02962,P024,2,1750.00
OI006052,O02962,P035,1,2040.00
OI006053,O02962,P004,1,1035.00
OI006054,O02963,P007,2,1701.00
OI006055,O02964,P033,2,290.00
OI006056,O02965,P007,3,1890.00
OI006057,O02965,P009,1,950.00
OI006058,O02966,P002,1,3200.00
OI006059,O02966,P006,1,540.00
OI006060,O02967,P010,2,2750.00
OI006061,O02968,P004,3,1150.00
OI006062,O02968,P024,2,1750.00
OI006063,O02969,P004,2,1150.00
OI006064,O02969,P019,3,882.00
OI006065,O02970,P001,1,1232.50
OI006066,O02971,P004,1,1150.00
OI006067,O02971,P012,1,389.50
OI006068,O02971,P021,1,488.00
OI006069,O02971,P020,1,1150.00
OI006070,O02972,P003,1,741.00
OI006071,O02973,P014,1,247.00
OI006072,O02973,P012,1,410.00
OI006073,O02973,P003,2,741.00
OI006074,O02974,P004,2,1150.00
OI006075,O02974,P010,1,2612.50
OI006076,O02974,P035,1,2400.00
OI006077,O02974,P002,1,3200.00
OI006078,O02975,P009,1,902.50
OI006079,O02975,P027,1,940.50
OI006080,O02975,P034,1,342.00
OI006081,O02975,P007,1,1701.00
OI006082,O02976,P003,2,780.00
OI006083,O02977,P016,1,390.00
OI006084,O02978,P003,1,780.00
OI006085,O02978,P015,2,690.00
OI006086,O02979,P016,1,468.00
OI006087,O02980,P013,1,480.00
OI006088,O02981,P002,1,2880.00
OI006089,O02982,P001,1,1305.00
OI006090,O02982,P008,3,4600.00
OI006091,O02982,P024,1,1575.00
OI006092,O02983,P001,1,1450.00
OI006093,O02983,P006,1,486.00
OI006094,O02983,P025,1,280.00
OI006095,O02984,P033,2,290.00
OI006096,O02985,P010,1,2750.00
OI006097,O02986,P001,2,1305.00
OI006098,O02987,P025,1,266.00
OI006099,O02988,P005,1,589.00
OI006100,O02988,P004,1,1150.00
OI006101,O02988,P031,1,427.50
OI006102,O02989,P024,2,1662.50
OI006103,O02989,P025,1,266.00
OI006104,O02990,P018,1,292.50
OI006105,O02990,P035,1,2280.00
OI006106,O02991,P023,1,310.00
OI006107,O02992,P003,4,702.00
OI006108,O02992,P025,2,266.00
OI006109,O02992,P007,3,1795.50
OI006110,O02993,P020,2,1035.00
OI006111,O02994,P018,1,390.00
OI006112,O02995,P013,3,480.00
OI006113,O02996,P033,2,246.50
OI006114,O02996,P005,1,558.00
OI006115,O02997,P031,1,427.50
OI006116,O02997,P004,2,1035.00
OI006117,O02997,P008,1,4600.00
OI006118,O02997,P024,1,1750.00
OI006119,O02998,P006,2,513.00
OI006120,O02998,P040,2,1881.00
OI006121,O02999,P023,1,279.00
OI006122,O02999,P010,1,2612.50
OI006123,O03000,P003,2,702.00
OI006124,O03000,P017,3,1320.00
OI006125,O03000,P025,1,280.00
OI006126,O03000,P028,1,684.00
OI006127,O03001,P019,1,882.00
OI006128,O03002,P003,1,780.00
OI006129,O03002,P001,3,1450.00
OI006130,O03002,P039,1,230.00
OI006131,O03003,P033,2,246.50
OI006132,O03003,P023,1,263.50
OI006133,O03003,P024,2,1750.00
OI006134,O03004,P006,1,540.00
OI006135,O03004,P003,1,702.00
OI006136,O03005,P039,1,230.00
OI006137,O03005,P024,2,1750.00
OI006138,O03006,P007,2,1890.00
OI006139,O03006,P036,1,280.50
OI006140,O03006,P018,1,331.50
OI006141,O03007,P003,1,702.00
OI006142,O03007,P021,2,549.00
OI004528,O02209,P015,3,621.00
OI006143,O03007,P012,1,348.50
OI006144,O03008,P015,2,586.50
OI006145,O03009,P010,2,2612.50
OI006146,O03010,P008,1,4370.00
OI006147,O03010,P005,1,620.00
OI006148,O03010,P039,1,230.00
OI006149,O03011,P003,4,663.00
OI006150,O03011,P016,4,520.00
OI006151,O03012,P001,1,1450.00
OI006152,O03013,P026,1,826.50
OI006153,O03013,P035,2,2400.00
OI006154,O03014,P040,3,1980.00
OI006155,O03015,P018,3,331.50
OI006156,O03015,P004,1,1150.00
OI006157,O03015,P038,1,180.50
OI006158,O03016,P020,2,1150.00
OI006159,O03016,P036,1,330.00
OI006160,O03016,P019,1,784.00
OI006161,O03016,P015,1,655.50
OI006162,O03017,P002,1,2720.00
OI006163,O03018,P017,1,1485.00
OI006164,O03018,P036,3,313.50
OI006165,O03019,P040,1,1881.00
OI006166,O03019,P034,2,360.00
OI006167,O03020,P006,2,486.00
OI006168,O03021,P001,1,1450.00
OI006169,O03022,P018,1,312.00
OI006170,O03022,P008,3,4600.00
OI006171,O03023,P016,1,442.00
OI006172,O03023,P003,1,780.00
OI006173,O03023,P020,1,1035.00
OI006174,O03024,P027,1,940.50
OI006175,O03024,P003,1,780.00
OI006176,O03024,P025,2,266.00
OI006177,O03025,P027,2,891.00
OI006178,O03026,P003,1,780.00
OI006179,O03027,P003,3,780.00
OI006180,O03027,P017,2,1402.50
OI006181,O03027,P027,1,990.00
OI006182,O03028,P034,4,342.00
OI006183,O03029,P016,3,468.00
OI006184,O03029,P001,1,1377.50
OI006185,O03030,P004,3,1150.00
OI006186,O03030,P006,1,459.00
OI006187,O03030,P028,1,646.00
OI006188,O03031,P024,1,1750.00
OI006189,O03031,P003,1,780.00
OI006190,O03032,P004,1,1150.00
OI006191,O03032,P002,1,3200.00
OI006192,O03033,P003,1,780.00
OI006193,O03033,P005,1,620.00
OI006194,O03034,P013,2,432.00
OI006195,O03034,P024,1,1750.00
OI006196,O03034,P003,1,780.00
OI006197,O03035,P040,3,1881.00
OI006198,O03035,P025,1,252.00
OI006199,O03036,P005,2,620.00
OI006200,O03037,P001,2,1450.00
OI006201,O03037,P017,1,1320.00
OI006202,O03037,P004,1,1150.00
OI006203,O03038,P005,1,558.00
OI006204,O03038,P030,1,220.00
OI006205,O03038,P024,1,1750.00
OI006206,O03039,P005,2,589.00
OI006207,O03040,P025,2,266.00
OI006208,O03040,P017,1,1320.00
OI006209,O03040,P024,1,1575.00
OI006210,O03040,P004,1,1150.00
OI006211,O03041,P006,2,513.00
OI006212,O03041,P011,3,1188.00
OI006213,O03041,P030,2,209.00
OI006214,O03041,P010,2,2475.00
OI006215,O03042,P027,1,990.00
OI006216,O03042,P039,1,218.50
OI006217,O03042,P005,2,620.00
OI006218,O03043,P023,2,279.00
OI006219,O03043,P010,2,2612.50
OI006220,O03043,P024,2,1662.50
OI006221,O03043,P003,2,780.00
OI006222,O03044,P029,1,640.00
OI006223,O03044,P007,1,1701.00
OI006224,O03044,P038,2,190.00
OI006225,O03044,P031,1,450.00
OI006226,O03045,P024,1,1487.50
OI006227,O03045,P028,2,760.00
OI006228,O03046,P011,3,1320.00
OI006229,O03046,P034,1,342.00
OI006230,O03047,P003,1,741.00
OI006231,O03048,P016,1,442.00
OI006232,O03049,P029,1,640.00
OI006233,O03049,P031,3,450.00
OI006234,O03049,P001,1,1450.00
OI006235,O03050,P024,1,1750.00
OI006236,O03051,P001,1,1305.00
OI006237,O03051,P015,2,690.00
OI006238,O03052,P033,1,290.00
OI006239,O03052,P023,2,310.00
OI006240,O03053,P003,1,741.00
OI006241,O03054,P015,1,690.00
OI006242,O03055,P024,3,1662.50
OI006243,O03056,P033,1,290.00
OI006244,O03057,P035,5,2280.00
OI006245,O03057,P016,3,442.00
OI006246,O03058,P014,2,260.00
OI006247,O03059,P007,1,1701.00
OI006248,O03059,P004,2,1150.00
OI006249,O03060,P039,2,230.00
OI006250,O03060,P015,3,690.00
OI006251,O03060,P025,3,280.00
OI006252,O03061,P034,1,360.00
OI006253,O03062,P027,1,990.00
OI006254,O03063,P020,1,920.00
OI006255,O03063,P036,1,280.50
OI006256,O03063,P016,2,416.00
OI006257,O03064,P025,1,280.00
OI006258,O03065,P010,1,2612.50
OI006259,O03065,P017,2,1402.50
OI006260,O03065,P026,1,826.50
OI006261,O03066,P011,1,1188.00
OI006262,O03066,P024,1,1750.00
OI006263,O03067,P035,1,2280.00
OI006264,O03067,P001,2,1232.50
OI006265,O03068,P010,3,2475.00
OI006266,O03069,P023,3,263.50
OI006267,O03070,P004,1,1150.00
OI006268,O03071,P024,2,1750.00
OI006269,O03071,P016,1,520.00
OI006270,O03072,P023,2,310.00
OI006271,O03072,P020,1,920.00
OI006272,O03073,P023,1,310.00
OI006273,O03073,P001,2,1450.00
OI006274,O03074,P003,1,780.00
OI006275,O03074,P006,2,540.00
OI006276,O03074,P033,1,275.50
OI006277,O03074,P023,1,294.50
OI006278,O03075,P002,1,3200.00
OI006279,O03075,P016,1,520.00
OI006280,O03076,P004,1,1150.00
OI006281,O03077,P020,1,1150.00
OI006282,O03077,P001,1,1305.00
OI006283,O03077,P002,1,3040.00
OI006284,O03077,P015,2,690.00
OI006285,O03078,P017,2,1650.00
OI006286,O03078,P036,1,330.00
OI006287,O03078,P004,1,1035.00
OI006288,O03079,P020,2,920.00
OI006289,O03079,P009,2,950.00
OI006290,O03080,P033,1,290.00
OI006291,O03081,P001,2,1450.00
OI006292,O03082,P010,1,2337.50
OI006293,O03083,P020,1,977.50
OI006294,O03084,P011,1,1320.00
OI006295,O03085,P025,2,266.00
OI006296,O03085,P010,1,2475.00
OI006297,O03085,P008,1,4600.00
OI006298,O03086,P009,1,950.00
OI006299,O03086,P002,1,3200.00
OI006300,O03086,P024,1,1750.00
OI006301,O03086,P037,2,648.00
OI006302,O03087,P002,1,3040.00
OI006303,O03087,P027,1,990.00
OI006304,O03088,P018,1,331.50
OI006305,O03088,P001,3,1450.00
OI006306,O03089,P028,1,760.00
OI006307,O03089,P002,1,3200.00
OI006308,O03090,P009,1,950.00
OI006309,O03090,P026,2,870.00
OI006310,O03091,P026,1,870.00
OI006311,O03091,P014,3,260.00
OI006312,O03091,P004,3,1035.00
OI006313,O03091,P009,2,855.00
OI006314,O03092,P005,1,527.00
OI006315,O03093,P026,3,739.50
OI006316,O03093,P024,2,1750.00
OI006317,O03094,P004,3,1035.00
OI006318,O03094,P039,1,207.00
OI006319,O03094,P017,1,1402.50
OI006320,O03095,P012,1,410.00
OI006321,O03095,P008,1,4370.00
OI006322,O03096,P024,1,1750.00
OI006323,O03096,P013,1,432.00
OI008302,O04082,P014,2,260.00
OI006324,O03096,P005,1,558.00
OI006325,O03097,P024,2,1662.50
OI006326,O03097,P018,1,390.00
OI006327,O03098,P023,1,279.00
OI006328,O03098,P020,3,977.50
OI006329,O03099,P040,1,1881.00
OI006330,O03099,P015,1,621.00
OI006331,O03100,P003,2,780.00
OI006332,O03101,P018,1,390.00
OI006333,O03101,P001,3,1377.50
OI006334,O03102,P033,1,275.50
OI006335,O03103,P011,2,1320.00
OI006336,O03103,P010,1,2750.00
OI006337,O03104,P034,1,360.00
OI006338,O03105,P021,1,518.50
OI006339,O03105,P004,2,1035.00
OI006340,O03105,P009,1,950.00
OI006341,O03106,P007,1,1890.00
OI006342,O03106,P035,2,2280.00
OI006343,O03107,P001,1,1450.00
OI006344,O03107,P020,2,920.00
OI006345,O03108,P020,3,1035.00
OI006346,O03108,P038,1,190.00
OI006347,O03108,P005,1,558.00
OI006348,O03108,P039,3,207.00
OI006349,O03109,P008,1,4140.00
OI006350,O03109,P012,2,369.00
OI006351,O03110,P011,2,1122.00
OI006352,O03110,P023,3,263.50
OI006353,O03110,P025,3,280.00
OI006354,O03111,P039,1,230.00
OI006355,O03111,P008,2,4600.00
OI006356,O03112,P037,1,612.00
OI006357,O03112,P009,1,902.50
OI006358,O03112,P035,1,2040.00
OI006359,O03113,P009,1,950.00
OI006360,O03113,P037,1,720.00
OI006361,O03113,P016,2,468.00
OI006362,O03114,P025,1,280.00
OI006363,O03114,P012,1,369.00
OI006364,O03115,P035,2,2160.00
OI006365,O03115,P004,3,1150.00
OI006366,O03116,P017,1,1237.50
OI006367,O03116,P003,1,780.00
OI006368,O03116,P035,2,2160.00
OI006369,O03117,P029,3,544.00
OI006370,O03117,P031,1,382.50
OI006371,O03117,P021,2,549.00
OI006372,O03118,P006,1,540.00
OI006373,O03118,P012,1,389.50
OI006374,O03118,P005,1,620.00
OI006375,O03118,P035,1,2400.00
OI006376,O03119,P034,1,324.00
OI006377,O03120,P008,1,4600.00
OI006378,O03121,P002,1,3040.00
OI006379,O03121,P024,1,1487.50
OI006380,O03121,P010,1,2475.00
OI006381,O03122,P020,2,1035.00
OI006382,O03122,P002,1,3200.00
OI006383,O03123,P026,2,870.00
OI006384,O03124,P034,1,306.00
OI006385,O03124,P015,1,586.50
OI006386,O03124,P018,3,292.50
OI006387,O03124,P019,1,833.00
OI006388,O03125,P029,1,640.00
OI006389,O03125,P034,4,360.00
OI006390,O03125,P003,4,702.00
OI006391,O03126,P024,2,1750.00
OI006392,O03127,P039,2,230.00
OI006393,O03127,P004,2,1150.00
OI006394,O03128,P003,1,780.00
OI006395,O03128,P039,1,218.50
OI006396,O03129,P005,1,620.00
OI006397,O03129,P010,1,2750.00
OI006398,O03130,P018,2,390.00
OI006399,O03131,P010,1,2750.00
OI006400,O03132,P009,2,950.00
OI006401,O03132,P015,1,621.00
OI006402,O03132,P027,1,841.50
OI006403,O03133,P035,2,2280.00
OI006404,O03133,P001,1,1450.00
OI006405,O03133,P004,1,1150.00
OI006406,O03134,P038,2,190.00
OI006407,O03134,P017,2,1320.00
OI006408,O03134,P026,1,870.00
OI006409,O03135,P039,1,218.50
OI006410,O03135,P010,1,2612.50
OI006411,O03136,P020,1,1035.00
OI006412,O03137,P020,3,862.50
OI006413,O03138,P034,1,306.00
OI006414,O03138,P027,2,841.50
OI006415,O03138,P006,3,540.00
OI006416,O03139,P010,1,2750.00
OI006417,O03139,P017,1,1320.00
OI006418,O03140,P013,1,432.00
OI006419,O03140,P040,2,1980.00
OI006420,O03141,P001,1,1450.00
OI006421,O03142,P006,2,486.00
OI006422,O03142,P001,1,1305.00
OI006423,O03143,P002,2,3200.00
OI006424,O03144,P020,1,862.50
OI006425,O03145,P005,2,620.00
OI006426,O03145,P015,1,690.00
OI006427,O03146,P001,1,1450.00
OI006428,O03147,P034,2,324.00
OI006429,O03147,P002,2,2880.00
OI006430,O03147,P035,3,2280.00
OI006431,O03148,P031,1,427.50
OI006432,O03149,P005,4,620.00
OI006433,O03150,P015,1,621.00
OI006434,O03150,P002,1,3200.00
OI006435,O03150,P030,3,220.00
OI006436,O03151,P015,1,621.00
OI006437,O03152,P023,1,310.00
OI006438,O03152,P039,1,230.00
OI006439,O03152,P034,2,360.00
OI006440,O03153,P016,2,416.00
OI006441,O03153,P003,1,702.00
OI006442,O03153,P023,2,310.00
OI006443,O03153,P005,1,620.00
OI006444,O03154,P024,1,1750.00
OI006445,O03154,P031,1,427.50
OI006446,O03154,P029,2,640.00
OI006447,O03155,P039,1,230.00
OI006448,O03155,P024,2,1575.00
OI006449,O03156,P007,4,1795.50
OI006450,O03156,P015,3,690.00
OI006451,O03157,P005,1,620.00
OI006452,O03157,P001,1,1450.00
OI006453,O03158,P015,1,690.00
OI006454,O03158,P017,1,1320.00
OI006455,O03159,P033,2,290.00
OI006456,O03160,P012,3,410.00
OI006457,O03161,P026,1,870.00
OI006458,O03161,P011,1,1320.00
OI006459,O03162,P018,3,351.00
OI006460,O03163,P020,3,1035.00
OI006461,O03163,P019,2,735.00
OI006462,O03164,P034,3,324.00
OI006463,O03164,P012,1,410.00
OI006464,O03164,P019,1,980.00
OI006465,O03164,P020,1,977.50
OI006466,O03165,P016,2,416.00
OI006467,O03165,P002,1,2720.00
OI006468,O03166,P023,1,279.00
OI006469,O03167,P006,1,486.00
OI006470,O03167,P038,1,190.00
OI006471,O03168,P015,1,655.50
OI006472,O03168,P003,1,663.00
OI006473,O03169,P007,1,1701.00
OI006474,O03169,P017,1,1320.00
OI006475,O03170,P005,1,527.00
OI006476,O03171,P008,1,4370.00
OI006477,O03171,P003,1,780.00
OI006478,O03172,P002,2,3200.00
OI006479,O03173,P039,1,218.50
OI006480,O03174,P003,1,741.00
OI006481,O03174,P010,2,2750.00
OI006482,O03175,P012,1,348.50
OI006483,O03175,P037,1,684.00
OI006484,O03176,P002,2,3200.00
OI006485,O03176,P026,1,739.50
OI006486,O03176,P040,2,1683.00
OI006487,O03177,P014,3,247.00
OI006488,O03177,P031,1,450.00
OI006489,O03177,P029,1,608.00
OI006490,O03178,P036,1,297.00
OI006491,O03178,P033,1,290.00
OI006492,O03179,P036,2,330.00
OI006493,O03180,P001,1,1305.00
OI006494,O03180,P020,1,920.00
OI006495,O03180,P016,1,468.00
OI006496,O03180,P004,1,1150.00
OI006497,O03181,P015,1,655.50
OI006498,O03181,P006,1,486.00
OI006499,O03182,P001,1,1377.50
OI006500,O03182,P010,2,2612.50
OI006501,O03183,P011,2,1254.00
OI006502,O03184,P034,1,360.00
OI006503,O03184,P033,1,275.50
OI006504,O03185,P017,1,1485.00
OI006505,O03186,P034,4,306.00
OI006506,O03186,P006,1,486.00
OI006507,O03186,P015,3,586.50
OI006508,O03187,P015,1,621.00
OI006509,O03187,P008,1,4140.00
OI006510,O03187,P017,1,1320.00
OI006511,O03187,P025,1,280.00
OI006512,O03188,P017,2,1237.50
OI006513,O03188,P002,3,3200.00
OI006514,O03189,P007,1,1795.50
OI006515,O03190,P023,1,310.00
OI006516,O03190,P025,1,266.00
OI006517,O03190,P005,1,558.00
OI006518,O03190,P001,1,1377.50
OI006519,O03191,P021,1,518.50
OI006520,O03191,P017,1,1237.50
OI006521,O03191,P023,2,279.00
OI006522,O03191,P012,1,410.00
OI006523,O03192,P015,1,690.00
OI006524,O03193,P027,2,891.00
OI006525,O03193,P029,2,640.00
OI006526,O03193,P003,1,780.00
OI006527,O03193,P009,1,950.00
OI006528,O03194,P004,1,977.50
OI006529,O03195,P012,2,389.50
OI006530,O03196,P024,3,1750.00
OI006531,O03197,P001,1,1450.00
OI006532,O03198,P017,1,1485.00
OI006533,O03199,P014,3,221.00
OI006534,O03199,P003,2,741.00
OI006535,O03200,P017,1,1485.00
OI006536,O03200,P039,1,207.00
OI006537,O03201,P021,3,610.00
OI006538,O03201,P011,1,1188.00
OI006539,O03201,P016,1,520.00
OI006540,O03202,P025,2,280.00
OI006541,O03203,P025,1,280.00
OI006542,O03203,P014,1,260.00
OI006543,O03203,P019,1,980.00
OI006544,O03203,P016,1,390.00
OI006545,O03204,P002,2,3200.00
OI006546,O03204,P010,3,2612.50
OI006547,O03204,P008,2,4600.00
OI006548,O03205,P008,3,3910.00
OI006549,O03205,P036,2,330.00
OI006550,O03205,P024,3,1487.50
OI006551,O03206,P020,1,977.50
OI006552,O03207,P001,2,1450.00
OI006553,O03208,P036,1,330.00
OI006554,O03208,P005,1,589.00
OI006555,O03209,P035,2,2040.00
OI006556,O03210,P036,2,297.00
OI006557,O03211,P014,1,260.00
OI006558,O03212,P016,2,416.00
OI006559,O03213,P004,1,1092.50
OI006560,O03213,P021,1,518.50
OI006561,O03213,P024,1,1575.00
OI006562,O03214,P024,2,1662.50
OI006563,O03214,P027,1,990.00
OI006564,O03215,P025,2,280.00
OI006565,O03216,P020,1,1150.00
OI006566,O03216,P023,1,279.00
OI006567,O03216,P019,1,784.00
OI006568,O03217,P004,1,1150.00
OI006569,O03217,P027,1,990.00
OI006570,O03218,P018,1,331.50
OI006571,O03218,P013,3,480.00
OI006572,O03218,P005,3,589.00
OI006573,O03219,P038,1,171.00
OI006574,O03220,P026,1,870.00
OI006575,O03220,P017,1,1237.50
OI006576,O03221,P028,2,760.00
OI006577,O03222,P026,1,870.00
OI006578,O03222,P024,2,1750.00
OI006579,O03222,P011,1,1188.00
OI006580,O03223,P026,1,870.00
OI006581,O03224,P031,3,450.00
OI006582,O03224,P023,2,310.00
OI006583,O03225,P035,1,2400.00
OI006584,O03225,P017,1,1402.50
OI006585,O03226,P001,2,1450.00
OI006586,O03226,P025,1,280.00
OI006587,O03226,P035,2,2280.00
OI006588,O03226,P010,2,2750.00
OI006589,O03227,P025,1,252.00
OI006590,O03227,P023,1,310.00
OI006591,O03228,P017,2,1402.50
OI006592,O03229,P009,3,950.00
OI006593,O03230,P011,2,1188.00
OI006594,O03231,P039,3,207.00
OI006595,O03232,P018,1,351.00
OI006596,O03232,P001,2,1450.00
OI006597,O03233,P002,2,3040.00
OI006598,O03234,P025,1,238.00
OI006599,O03235,P019,1,980.00
OI006600,O03235,P016,1,520.00
OI006601,O03236,P024,1,1575.00
OI006602,O03236,P007,3,1890.00
OI006603,O03237,P039,3,207.00
OI006604,O03237,P010,1,2337.50
OI006605,O03237,P034,1,360.00
OI006606,O03238,P023,3,310.00
OI006607,O03238,P020,2,862.50
OI006608,O03238,P017,3,1485.00
OI006609,O03238,P016,2,468.00
OI006610,O03239,P010,2,2475.00
OI006611,O03239,P009,2,902.50
OI006612,O03239,P018,1,351.00
OI006613,O03240,P019,1,833.00
OI006614,O03241,P012,1,369.00
OI006615,O03242,P034,1,342.00
OI006616,O03242,P023,1,310.00
OI006617,O03243,P011,2,1254.00
OI006618,O03244,P018,3,351.00
OI006619,O03244,P007,2,1890.00
OI006620,O03245,P017,2,1237.50
OI006621,O03245,P011,2,1320.00
OI006622,O03245,P016,2,416.00
OI006623,O03245,P010,5,2612.50
OI006624,O03246,P015,1,621.00
OI006625,O03246,P002,4,2880.00
OI006626,O03247,P024,1,1750.00
OI006627,O03248,P013,1,480.00
OI006628,O03248,P006,1,513.00
OI006629,O03248,P017,2,1650.00
OI006630,O03248,P019,1,833.00
OI006631,O03249,P034,1,360.00
OI006632,O03249,P003,1,702.00
OI006633,O03249,P023,1,294.50
OI006634,O03249,P035,2,2400.00
OI006635,O03250,P028,2,760.00
OI006636,O03251,P040,1,1881.00
OI006637,O03251,P035,1,2280.00
OI006638,O03252,P019,2,784.00
OI006639,O03252,P023,3,310.00
OI006640,O03253,P018,1,331.50
OI006641,O03253,P011,2,1320.00
OI006642,O03254,P026,1,783.00
OI006643,O03254,P025,1,238.00
OI006644,O03254,P027,1,841.50
OI006645,O03255,P038,3,171.00
OI006646,O03255,P003,3,780.00
OI006647,O03255,P005,3,527.00
OI006648,O03256,P020,1,862.50
OI006649,O03256,P004,1,977.50
OI006650,O03256,P023,1,263.50
OI006651,O03257,P002,1,3200.00
OI006652,O03258,P005,2,589.00
OI006653,O03258,P011,1,1188.00
OI006654,O03258,P015,3,690.00
OI006655,O03259,P004,3,977.50
OI006656,O03260,P026,1,739.50
OI006657,O03260,P024,1,1487.50
OI006658,O03260,P039,2,218.50
OI006659,O03260,P009,1,950.00
OI006660,O03261,P040,1,1782.00
OI006661,O03261,P015,2,690.00
OI006662,O03261,P014,2,260.00
OI006663,O03261,P011,2,1320.00
OI006664,O03262,P024,1,1750.00
OI006665,O03262,P038,1,190.00
OI006666,O03263,P011,2,1254.00
OI006667,O03263,P021,1,549.00
OI006668,O03264,P034,1,360.00
OI006669,O03265,P005,1,527.00
OI006670,O03266,P009,1,902.50
OI006671,O03266,P027,1,891.00
OI006672,O03266,P015,1,655.50
OI006673,O03267,P011,1,1320.00
OI006674,O03267,P020,1,977.50
OI006675,O03268,P007,1,1606.50
OI006676,O03268,P016,2,442.00
OI006677,O03269,P001,1,1377.50
OI006678,O03269,P005,3,620.00
OI006679,O03270,P011,1,1320.00
OI006680,O03270,P001,4,1232.50
OI006681,O03271,P012,3,410.00
OI006682,O03271,P036,1,313.50
OI006683,O03271,P038,1,190.00
OI006684,O03271,P023,1,279.00
OI006685,O03272,P024,1,1750.00
OI006686,O03272,P020,1,977.50
OI006687,O03273,P005,2,620.00
OI006688,O03274,P003,3,663.00
OI006689,O03274,P002,1,2720.00
OI006690,O03274,P016,1,442.00
OI006691,O03275,P009,2,855.00
OI006692,O03276,P024,2,1750.00
OI006693,O03277,P006,2,486.00
OI006694,O03277,P023,1,310.00
OI006695,O03277,P010,1,2750.00
OI006696,O03277,P035,1,2160.00
OI006697,O03278,P011,3,1188.00
OI006698,O03278,P013,1,480.00
OI006699,O03278,P010,1,2750.00
OI006700,O03279,P025,1,266.00
OI006701,O03279,P008,2,4370.00
OI006702,O03280,P012,1,410.00
OI006703,O03280,P024,1,1662.50
OI006704,O03281,P001,1,1450.00
OI006705,O03282,P015,3,690.00
OI006706,O03282,P005,1,558.00
OI006707,O03283,P015,1,621.00
OI006708,O03284,P011,3,1320.00
OI006709,O03285,P007,1,1890.00
OI006710,O03286,P018,3,331.50
OI006711,O03287,P001,2,1450.00
OI006712,O03287,P025,1,280.00
OI006713,O03288,P015,2,586.50
OI006714,O03288,P021,1,488.00
OI006715,O03289,P006,1,540.00
OI006716,O03290,P024,3,1750.00
OI006717,O03290,P008,1,4600.00
OI006718,O03290,P026,3,783.00
OI006719,O03291,P015,2,655.50
OI006720,O03291,P031,2,450.00
OI006721,O03291,P013,2,456.00
OI006722,O03292,P016,2,442.00
OI006723,O03293,P016,4,442.00
OI006724,O03293,P035,3,2280.00
OI006725,O03294,P001,1,1377.50
OI006726,O03295,P010,3,2475.00
OI006727,O03296,P019,1,735.00
OI006728,O03296,P020,1,920.00
OI006729,O03297,P027,1,940.50
OI006730,O03298,P017,1,1485.00
OI006731,O03298,P019,1,784.00
OI006732,O03298,P023,1,294.50
OI006733,O03298,P038,1,171.00
OI006734,O03299,P036,1,297.00
OI006735,O03300,P014,2,234.00
OI006736,O03301,P024,3,1662.50
OI006737,O03302,P001,2,1450.00
OI006738,O03303,P001,3,1232.50
OI006739,O03303,P040,3,1683.00
OI006740,O03303,P019,1,735.00
OI006741,O03303,P010,1,2612.50
OI006742,O03304,P023,1,310.00
OI006743,O03304,P028,1,760.00
OI006744,O03304,P033,1,275.50
OI006745,O03305,P023,2,310.00
OI006746,O03305,P025,3,280.00
OI006747,O03306,P003,1,702.00
OI006748,O03306,P020,1,1150.00
OI006749,O03306,P009,1,855.00
OI006750,O03307,P001,1,1377.50
OI006751,O03307,P034,1,324.00
OI006752,O03308,P028,1,760.00
OI006753,O03308,P039,1,218.50
OI006754,O03308,P005,1,558.00
OI006755,O03309,P016,2,442.00
OI006756,O03309,P015,1,621.00
OI006757,O03309,P028,1,760.00
OI006758,O03310,P015,1,621.00
OI006759,O03311,P024,1,1750.00
OI006760,O03311,P018,1,351.00
OI006761,O03311,P035,2,2400.00
OI006762,O03312,P023,3,294.50
OI006763,O03313,P029,1,608.00
OI006764,O03313,P028,2,760.00
OI006765,O03314,P010,2,2750.00
OI006766,O03315,P021,2,610.00
OI006767,O03316,P017,1,1402.50
OI006768,O03316,P002,2,3200.00
OI006769,O03317,P017,1,1485.00
OI006770,O03317,P036,1,297.00
OI006771,O03318,P004,1,1150.00
OI006772,O03319,P011,2,1320.00
OI006773,O03320,P013,1,408.00
OI006774,O03320,P017,1,1402.50
OI006775,O03321,P039,4,218.50
OI006776,O03321,P005,1,620.00
OI006777,O03322,P035,2,2280.00
OI006778,O03322,P025,1,252.00
OI006779,O03322,P006,1,486.00
OI006780,O03323,P001,1,1450.00
OI006781,O03323,P016,1,416.00
OI006782,O03324,P040,1,1980.00
OI006783,O03325,P010,1,2750.00
OI006784,O03326,P020,3,1150.00
OI006785,O03327,P035,2,2160.00
OI006786,O03327,P005,1,620.00
OI006787,O03327,P017,1,1485.00
OI006788,O03327,P001,1,1305.00
OI006789,O03328,P016,2,468.00
OI006790,O03328,P026,1,826.50
OI006791,O03329,P003,3,741.00
OI006792,O03330,P001,1,1377.50
OI006793,O03331,P007,1,1890.00
OI006794,O03332,P023,1,279.00
OI006795,O03332,P007,1,1606.50
OI006796,O03333,P005,1,589.00
OI006797,O03334,P024,3,1750.00
OI006798,O03335,P005,1,620.00
OI006799,O03336,P010,2,2475.00
OI006800,O03336,P002,3,3200.00
OI006801,O03337,P021,1,549.00
OI006802,O03337,P028,1,760.00
OI006803,O03337,P010,1,2750.00
OI006804,O03337,P023,1,310.00
OI006805,O03338,P006,1,459.00
OI006806,O03339,P019,1,980.00
OI006807,O03340,P015,1,690.00
OI006808,O03340,P019,1,735.00
OI006809,O03340,P001,1,1450.00
OI006810,O03340,P003,1,702.00
OI006811,O03341,P003,1,741.00
OI006812,O03342,P011,1,1188.00
OI006813,O03342,P008,1,4370.00
OI006814,O03342,P013,1,480.00
OI006815,O03342,P031,2,450.00
OI006816,O03343,P009,2,950.00
OI006817,O03343,P005,1,589.00
OI006818,O03344,P039,1,218.50
OI006819,O03345,P038,2,171.00
OI006820,O03345,P023,5,279.00
OI006821,O03345,P002,3,3200.00
OI006822,O03346,P035,1,2160.00
OI006823,O03347,P024,1,1575.00
OI006824,O03347,P009,3,902.50
OI006825,O03348,P005,1,620.00
OI006826,O03348,P008,1,4600.00
OI006827,O03349,P010,3,2750.00
OI006828,O03349,P002,2,3200.00
OI006829,O03350,P025,4,280.00
OI006830,O03350,P003,3,780.00
OI006831,O03350,P020,3,1035.00
OI006832,O03351,P017,3,1650.00
OI006833,O03352,P008,3,4370.00
OI006834,O03353,P002,2,3040.00
OI006835,O03353,P007,2,1890.00
OI006836,O03353,P025,1,280.00
OI006837,O03354,P026,1,739.50
OI006838,O03354,P002,1,2720.00
OI006839,O03355,P008,1,4370.00
OI006840,O03355,P020,1,977.50
OI006841,O03355,P005,1,620.00
OI006842,O03356,P005,1,620.00
OI006843,O03357,P008,1,4600.00
OI006844,O03357,P011,1,1122.00
OI006845,O03358,P024,1,1662.50
OI006846,O03359,P029,1,640.00
OI006847,O03360,P035,1,2400.00
OI006848,O03360,P034,1,342.00
OI006849,O03361,P029,1,608.00
OI006850,O03361,P008,1,4140.00
OI006851,O03362,P001,1,1450.00
OI006852,O03362,P005,2,620.00
OI006853,O03363,P003,1,702.00
OI006854,O03363,P025,1,252.00
OI006855,O03364,P026,1,870.00
OI006856,O03364,P019,2,882.00
OI006857,O03365,P003,1,780.00
OI006858,O03365,P002,1,3200.00
OI006859,O03365,P015,1,621.00
OI006860,O03366,P019,1,735.00
OI006861,O03366,P020,2,1035.00
OI006862,O03366,P010,1,2612.50
OI006863,O03367,P001,1,1305.00
OI006864,O03367,P015,3,621.00
OI006865,O03368,P026,2,826.50
OI006866,O03368,P024,1,1750.00
OI006867,O03368,P015,1,690.00
OI006868,O03369,P008,1,4370.00
OI006869,O03369,P025,1,280.00
OI006870,O03370,P023,1,294.50
OI006871,O03370,P029,2,640.00
OI006872,O03370,P001,1,1232.50
OI006873,O03370,P016,2,390.00
OI006874,O03371,P001,1,1377.50
OI006875,O03371,P011,1,1254.00
OI006876,O03371,P023,3,294.50
OI006877,O03371,P012,2,389.50
OI006878,O03372,P012,1,369.00
OI006879,O03373,P013,2,480.00
OI006880,O03373,P008,3,4370.00
OI006881,O03374,P020,1,1035.00
OI006882,O03374,P025,1,280.00
OI006883,O03375,P015,1,655.50
OI006884,O03375,P010,1,2337.50
OI006885,O03375,P020,3,977.50
OI006886,O03376,P006,2,540.00
OI006887,O03377,P013,1,480.00
OI006888,O03377,P037,2,648.00
OI006889,O03378,P015,1,690.00
OI006890,O03379,P020,2,1035.00
OI006891,O03379,P036,1,313.50
OI006892,O03380,P005,3,620.00
OI006893,O03380,P040,2,1782.00
OI006894,O03380,P001,1,1450.00
OI006895,O03381,P004,1,1150.00
OI006896,O03381,P037,1,720.00
OI006897,O03382,P003,1,663.00
OI006898,O03382,P040,1,1683.00
OI006899,O03382,P037,1,612.00
OI006900,O03382,P004,1,1150.00
OI006901,O03383,P019,1,882.00
OI006902,O03384,P004,1,1150.00
OI006903,O03385,P003,1,780.00
OI006904,O03385,P024,2,1750.00
OI006905,O03385,P015,1,690.00
OI006906,O03386,P017,1,1320.00
OI006907,O03386,P005,1,620.00
OI006908,O03386,P016,1,468.00
OI006909,O03387,P026,2,870.00
OI006910,O03387,P005,4,620.00
OI006911,O03387,P038,2,190.00
OI006912,O03387,P006,3,513.00
OI006913,O03388,P008,1,4600.00
OI006914,O03388,P002,2,3200.00
OI006915,O03389,P015,1,621.00
OI006916,O03389,P005,1,589.00
OI006917,O03389,P013,1,480.00
OI006918,O03390,P001,2,1450.00
OI006919,O03390,P003,2,663.00
OI006920,O03391,P004,2,1150.00
OI006921,O03392,P020,3,920.00
OI006922,O03392,P039,1,230.00
OI006923,O03393,P003,2,780.00
OI006924,O03394,P001,1,1232.50
OI006925,O03395,P040,3,1980.00
OI006926,O03395,P024,3,1662.50
OI006927,O03396,P039,4,218.50
OI006928,O03396,P023,2,310.00
OI006929,O03397,P012,1,410.00
OI006930,O03397,P023,1,310.00
OI006931,O03398,P007,4,1890.00
OI006932,O03399,P010,1,2337.50
OI006933,O03400,P020,1,1035.00
OI006934,O03401,P004,1,1035.00
OI006935,O03401,P016,1,442.00
OI006936,O03401,P011,1,1188.00
OI006937,O03402,P017,1,1485.00
OI006938,O03402,P040,1,1980.00
OI006939,O03403,P020,1,977.50
OI006940,O03404,P004,1,1150.00
OI006941,O03405,P015,1,690.00
OI006942,O03406,P038,1,171.00
OI006943,O03406,P023,1,310.00
OI006944,O03406,P025,2,280.00
OI006945,O03407,P039,1,230.00
OI006946,O03408,P016,1,390.00
OI006947,O03408,P008,2,4600.00
OI006948,O03409,P002,2,2720.00
OI006949,O03409,P016,1,416.00
OI006950,O03410,P034,2,324.00
OI006951,O03410,P030,2,220.00
OI006952,O03411,P036,2,313.50
OI006953,O03412,P021,2,457.50
OI006954,O03413,P023,3,279.00
OI006955,O03413,P026,2,870.00
OI006956,O03414,P010,1,2750.00
OI006957,O03414,P039,1,207.00
OI006958,O03414,P033,1,290.00
OI006959,O03415,P019,2,980.00
OI006960,O03415,P025,1,266.00
OI006961,O03416,P001,1,1450.00
OI006962,O03417,P010,2,2750.00
OI006963,O03418,P024,2,1750.00
OI006964,O03418,P017,2,1320.00
OI006965,O03418,P040,2,1683.00
OI006966,O03419,P024,2,1487.50
OI006967,O03419,P003,1,741.00
OI006968,O03420,P015,1,690.00
OI006969,O03420,P001,1,1450.00
OI006970,O03421,P023,1,294.50
OI006971,O03421,P021,1,457.50
OI006972,O03422,P006,2,459.00
OI006973,O03423,P005,1,589.00
OI006974,O03423,P034,1,342.00
OI006975,O03424,P023,3,294.50
OI006976,O03425,P026,2,826.50
OI006977,O03425,P001,1,1377.50
OI006978,O03426,P028,1,722.00
OI006979,O03426,P021,1,518.50
OI006980,O03427,P017,3,1320.00
OI006981,O03427,P003,1,780.00
OI006982,O03428,P003,1,780.00
OI006983,O03428,P018,2,331.50
OI006984,O03428,P012,3,348.50
OI006985,O03429,P038,1,171.00
OI006986,O03429,P001,3,1377.50
OI006987,O03430,P010,1,2750.00
OI006988,O03431,P038,1,190.00
OI006989,O03431,P017,1,1485.00
OI006990,O03431,P026,1,783.00
OI006991,O03432,P020,2,1035.00
OI006992,O03432,P012,3,369.00
OI006993,O03433,P023,1,310.00
OI006994,O03433,P008,2,4600.00
OI006995,O03433,P004,1,1035.00
OI006996,O03434,P005,1,620.00
OI006997,O03435,P020,1,920.00
OI006998,O03435,P008,2,3910.00
OI006999,O03436,P003,1,780.00
OI007000,O03436,P001,2,1450.00
OI007001,O03437,P035,1,2400.00
OI007002,O03437,P008,3,4600.00
OI007003,O03438,P010,1,2612.50
OI007004,O03438,P021,2,518.50
OI007005,O03439,P019,3,735.00
OI007006,O03440,P008,1,4370.00
OI007007,O03440,P016,2,416.00
OI007008,O03440,P040,1,1782.00
OI007009,O03441,P003,3,663.00
OI007010,O03441,P036,2,313.50
OI007011,O03442,P025,1,280.00
OI007012,O03443,P005,1,558.00
OI007013,O03444,P035,2,2040.00
OI007014,O03445,P034,1,360.00
OI007015,O03446,P036,1,313.50
OI007016,O03447,P018,1,390.00
OI007017,O03447,P009,2,950.00
OI007018,O03447,P036,2,297.00
OI007019,O03448,P036,1,297.00
OI007020,O03448,P019,1,784.00
OI007021,O03449,P013,2,480.00
OI007022,O03449,P025,1,266.00
OI007023,O03450,P008,1,4140.00
OI007024,O03450,P024,1,1487.50
OI007025,O03451,P017,2,1320.00
OI007026,O03451,P025,1,238.00
OI007027,O03452,P004,1,1092.50
OI007028,O03452,P008,1,4600.00
OI007029,O03452,P023,1,310.00
OI007030,O03452,P019,1,833.00
OI007031,O03453,P031,1,427.50
OI007032,O03453,P002,1,2720.00
OI007033,O03454,P033,2,290.00
OI007034,O03455,P018,1,351.00
OI007035,O03455,P023,1,294.50
OI007036,O03455,P002,1,3200.00
OI007037,O03456,P010,1,2475.00
OI007038,O03456,P012,1,389.50
OI007039,O03456,P003,1,780.00
OI007040,O03456,P008,2,4600.00
OI007041,O03457,P011,2,1254.00
OI007042,O03457,P005,2,620.00
OI007043,O03457,P008,1,4600.00
OI007044,O03458,P025,1,280.00
OI007045,O03459,P007,2,1795.50
OI007046,O03459,P020,1,977.50
OI007047,O03459,P038,3,180.50
OI007048,O03460,P001,1,1450.00
OI007049,O03461,P025,1,280.00
OI007050,O03461,P018,1,351.00
OI007051,O03462,P024,2,1750.00
OI007052,O03462,P004,1,1150.00
OI007053,O03462,P037,2,720.00
OI007054,O03463,P034,2,360.00
OI007055,O03463,P035,1,2160.00
OI007056,O03464,P002,1,2880.00
OI007057,O03465,P015,2,690.00
OI007058,O03465,P035,3,2160.00
OI007059,O03465,P034,2,342.00
OI007060,O03466,P005,2,620.00
OI007061,O03466,P021,1,488.00
OI007062,O03466,P003,1,780.00
OI007063,O03466,P001,1,1305.00
OI007064,O03467,P010,1,2475.00
OI007065,O03467,P029,1,640.00
OI007066,O03468,P019,2,833.00
OI007067,O03468,P003,2,741.00
OI007068,O03469,P011,1,1320.00
OI007069,O03469,P026,1,870.00
OI007070,O03469,P019,2,980.00
OI007071,O03470,P002,1,2880.00
OI007072,O03470,P016,2,468.00
OI007073,O03470,P034,1,342.00
OI007074,O03471,P023,1,279.00
OI007075,O03472,P021,3,518.50
OI007076,O03473,P023,3,310.00
OI007077,O03473,P019,2,735.00
OI007078,O03474,P004,1,1035.00
OI007079,O03474,P003,2,780.00
OI007080,O03474,P021,2,518.50
OI007081,O03474,P038,1,180.50
OI007082,O03475,P020,1,920.00
OI007083,O03475,P040,1,1881.00
OI007084,O03475,P001,1,1377.50
OI007085,O03475,P010,1,2475.00
OI007086,O03476,P005,1,558.00
OI007087,O03476,P030,3,220.00
OI007088,O03477,P031,2,450.00
OI007089,O03477,P003,1,780.00
OI007090,O03477,P010,2,2750.00
OI007091,O03478,P013,2,480.00
OI007092,O03478,P009,1,807.50
OI007093,O03478,P028,2,760.00
OI007094,O03479,P024,2,1750.00
OI007095,O03480,P034,3,360.00
OI007096,O03480,P003,2,780.00
OI007097,O03481,P026,3,783.00
OI007098,O03481,P004,1,1150.00
OI007099,O03482,P021,1,488.00
OI007100,O03482,P038,2,180.50
OI007101,O03482,P009,3,902.50
OI007102,O03483,P020,1,977.50
OI007103,O03483,P009,1,807.50
OI007104,O03484,P023,2,294.50
OI007105,O03484,P015,1,621.00
OI007106,O03485,P025,2,238.00
OI007107,O03486,P023,3,310.00
OI007108,O03486,P025,2,266.00
OI007109,O03486,P038,3,171.00
OI007110,O03487,P024,2,1750.00
OI007111,O03487,P025,1,266.00
OI007112,O03488,P028,2,722.00
OI007113,O03488,P001,1,1450.00
OI007114,O03489,P034,1,324.00
OI007115,O03490,P016,2,520.00
OI007116,O03490,P014,3,234.00
OI007117,O03490,P020,2,977.50
OI007118,O03490,P002,1,3200.00
OI007119,O03491,P018,3,292.50
OI007120,O03491,P002,1,3040.00
OI007121,O03492,P019,3,735.00
OI007122,O03493,P002,1,3040.00
OI007123,O03494,P009,1,950.00
OI007124,O03495,P003,1,780.00
OI007125,O03495,P034,1,324.00
OI007126,O03496,P018,1,312.00
OI007127,O03497,P020,2,1150.00
OI007128,O03497,P016,1,442.00
OI007129,O03498,P002,1,3200.00
OI007130,O03499,P017,2,1237.50
OI007131,O03500,P025,1,280.00
OI007132,O03500,P019,1,735.00
OI007133,O03501,P040,2,1683.00
OI007134,O03502,P001,2,1305.00
OI007135,O03503,P035,1,2160.00
OI007136,O03504,P025,2,280.00
OI007137,O03505,P001,2,1450.00
OI007138,O03505,P010,1,2612.50
OI007139,O03506,P004,2,1150.00
OI007140,O03506,P001,2,1450.00
OI007141,O03506,P010,4,2750.00
OI007142,O03507,P010,2,2750.00
OI007143,O03507,P002,1,3200.00
OI007144,O03508,P016,1,416.00
OI007145,O03508,P023,1,279.00
OI007146,O03508,P018,1,292.50
OI007147,O03509,P030,1,209.00
OI007148,O03509,P003,1,780.00
OI007149,O03509,P011,1,1188.00
OI007150,O03509,P006,1,540.00
OI007151,O03510,P017,2,1650.00
OI007152,O03510,P016,4,468.00
OI007153,O03510,P004,2,1092.50
OI007154,O03511,P003,1,780.00
OI007155,O03511,P020,1,920.00
OI007156,O03511,P024,1,1750.00
OI007157,O03512,P019,2,980.00
OI007158,O03512,P005,3,589.00
OI007159,O03512,P033,2,275.50
OI007160,O03512,P026,3,826.50
OI007161,O03513,P005,2,620.00
OI007162,O03513,P026,1,826.50
OI007163,O03513,P015,2,690.00
OI007164,O03514,P014,1,260.00
OI007165,O03515,P008,1,4600.00
OI007166,O03516,P010,2,2475.00
OI007167,O03516,P035,1,2280.00
OI007168,O03516,P023,1,294.50
OI007169,O03517,P017,1,1485.00
OI007170,O03517,P020,2,977.50
OI007171,O03517,P005,1,558.00
OI007172,O03517,P035,1,2160.00
OI007173,O03518,P002,1,3040.00
OI007174,O03518,P026,1,826.50
OI007175,O03518,P018,3,331.50
OI007176,O03519,P012,2,348.50
OI007177,O03519,P002,2,2720.00
OI007178,O03520,P003,1,780.00
OI007179,O03520,P005,1,620.00
OI007180,O03521,P008,1,4600.00
OI007181,O03521,P005,2,620.00
OI007182,O03522,P013,1,480.00
OI007183,O03522,P040,1,1881.00
OI007184,O03523,P015,1,621.00
OI007185,O03524,P004,1,1035.00
OI007186,O03524,P019,1,980.00
OI007187,O03524,P002,1,2880.00
OI007188,O03524,P017,1,1402.50
OI007189,O03525,P001,1,1305.00
OI007190,O03525,P026,1,826.50
OI007191,O03526,P016,1,416.00
OI007192,O03526,P010,2,2612.50
OI007193,O03527,P003,1,741.00
OI007194,O03527,P016,1,416.00
OI007195,O03528,P017,1,1320.00
OI007196,O03528,P023,2,294.50
OI007197,O03528,P016,1,390.00
OI007198,O03529,P031,1,427.50
OI007199,O03530,P023,2,310.00
OI007200,O03530,P010,1,2750.00
OI007201,O03530,P017,2,1402.50
OI007202,O03531,P011,2,1320.00
OI007203,O03531,P015,2,655.50
OI007204,O03531,P012,2,369.00
OI007205,O03531,P001,1,1305.00
OI007206,O03532,P025,2,280.00
OI007207,O03533,P024,4,1750.00
OI007208,O03534,P019,1,882.00
OI007209,O03535,P004,1,1150.00
OI007210,O03535,P033,1,275.50
OI007211,O03535,P039,2,207.00
OI007212,O03536,P024,2,1575.00
OI007213,O03536,P008,2,3910.00
OI007214,O03537,P002,1,3200.00
OI007215,O03537,P004,1,1150.00
OI007216,O03537,P005,1,558.00
OI007217,O03537,P010,1,2475.00
OI007218,O03538,P019,1,784.00
OI007219,O03539,P016,1,416.00
OI007220,O03539,P021,1,518.50
OI007221,O03540,P019,1,784.00
OI007222,O03540,P017,1,1650.00
OI007223,O03541,P025,3,280.00
OI007224,O03541,P005,3,620.00
OI007225,O03542,P003,1,780.00
OI007226,O03542,P014,1,260.00
OI007227,O03542,P027,1,990.00
OI007228,O03543,P019,2,980.00
OI007229,O03544,P025,2,252.00
OI007230,O03545,P001,1,1232.50
OI007231,O03545,P030,1,220.00
OI007232,O03545,P018,2,351.00
OI007233,O03546,P017,1,1650.00
OI007234,O03547,P029,1,640.00
OI007235,O03547,P004,1,1092.50
OI007236,O03547,P030,1,220.00
OI007237,O03547,P040,1,1980.00
OI007238,O03548,P025,1,280.00
OI007239,O03548,P017,2,1650.00
OI007240,O03549,P010,1,2475.00
OI007241,O03549,P017,1,1402.50
OI007242,O03550,P015,3,690.00
OI007243,O03551,P009,1,855.00
OI007244,O03551,P001,2,1450.00
OI007245,O03552,P023,3,279.00
OI007246,O03552,P018,3,351.00
OI007247,O03553,P039,1,230.00
OI007248,O03553,P016,4,442.00
OI007249,O03553,P011,1,1188.00
OI007250,O03553,P026,2,870.00
OI007251,O03554,P002,2,2720.00
OI007252,O03555,P011,1,1122.00
OI007253,O03555,P024,1,1487.50
OI007254,O03555,P015,1,690.00
OI007255,O03555,P001,1,1450.00
OI007256,O03556,P002,1,3200.00
OI007257,O03557,P037,2,684.00
OI007258,O03558,P017,1,1650.00
OI007259,O03559,P023,1,279.00
OI007260,O03559,P020,2,1035.00
OI007261,O03559,P036,2,330.00
OI007262,O03560,P017,3,1237.50
OI007263,O03561,P023,1,310.00
OI007264,O03562,P004,2,1150.00
OI007265,O03562,P029,4,608.00
OI007266,O03562,P002,1,3200.00
OI007267,O03563,P028,3,646.00
OI007268,O03564,P008,2,4600.00
OI007269,O03564,P021,1,549.00
OI007270,O03564,P019,1,735.00
OI007271,O03565,P038,4,171.00
OI007272,O03566,P034,2,360.00
OI007273,O03567,P017,2,1402.50
OI007274,O03567,P034,2,360.00
OI001756,O00840,P005,3,620.00
OI007275,O03567,P038,2,161.50
OI007276,O03568,P021,1,549.00
OI007277,O03569,P025,3,280.00
OI007278,O03569,P015,1,690.00
OI007279,O03569,P014,1,260.00
OI007280,O03569,P016,1,442.00
OI007281,O03570,P033,2,275.50
OI007282,O03570,P010,1,2750.00
OI007283,O03570,P003,1,780.00
OI007284,O03571,P027,1,990.00
OI007285,O03572,P010,1,2337.50
OI007286,O03573,P011,2,1320.00
OI007287,O03574,P005,1,589.00
OI007288,O03575,P011,1,1320.00
OI007289,O03576,P018,1,331.50
OI007290,O03576,P002,1,2720.00
OI007291,O03577,P034,1,324.00
OI007292,O03578,P039,1,218.50
OI007293,O03578,P011,2,1188.00
OI007294,O03579,P007,2,1701.00
OI007295,O03579,P005,2,620.00
OI007296,O03579,P026,1,870.00
OI007297,O03580,P010,1,2750.00
OI007298,O03580,P026,1,739.50
OI007299,O03580,P005,2,527.00
OI007300,O03581,P020,1,862.50
OI007301,O03582,P015,1,586.50
OI007302,O03582,P009,1,902.50
OI007303,O03582,P025,2,266.00
OI007304,O03582,P002,1,3200.00
OI007305,O03583,P007,3,1795.50
OI007306,O03583,P029,4,640.00
OI007307,O03583,P001,2,1450.00
OI007308,O03584,P040,1,1980.00
OI007309,O03584,P013,1,480.00
OI007310,O03584,P033,3,290.00
OI007311,O03585,P029,1,608.00
OI007312,O03585,P010,1,2612.50
OI007313,O03585,P038,1,180.50
OI007314,O03586,P024,1,1662.50
OI007315,O03586,P002,1,3200.00
OI007316,O03587,P016,1,390.00
OI007317,O03588,P004,3,1092.50
OI007318,O03588,P025,1,252.00
OI007319,O03589,P038,2,161.50
OI007320,O03589,P040,3,1881.00
OI007321,O03589,P037,1,648.00
OI007322,O03590,P039,1,218.50
OI007323,O03590,P017,1,1485.00
OI007324,O03591,P016,2,416.00
OI007325,O03592,P034,1,306.00
OI007326,O03593,P001,1,1450.00
OI007327,O03593,P025,1,280.00
OI007328,O03594,P024,3,1575.00
OI007329,O03594,P023,1,310.00
OI007330,O03595,P016,3,520.00
OI007331,O03595,P040,1,1980.00
OI007332,O03596,P014,3,260.00
OI007333,O03597,P023,1,279.00
OI007334,O03598,P036,1,297.00
OI007335,O03599,P034,1,342.00
OI007336,O03600,P023,2,263.50
OI007337,O03600,P013,3,408.00
OI007338,O03601,P025,1,252.00
OI007339,O03601,P021,3,518.50
OI006958,O03414,P033,1,290.00
OI007340,O03601,P039,1,195.50
OI007341,O03602,P035,1,2280.00
OI007342,O03602,P023,2,310.00
OI007343,O03602,P005,1,620.00
OI007344,O03602,P002,1,3200.00
OI007345,O03603,P025,1,280.00
OI007346,O03603,P012,2,369.00
OI007347,O03603,P024,1,1575.00
OI007348,O03604,P001,5,1450.00
OI007349,O03604,P005,1,620.00
OI007350,O03605,P008,1,4600.00
OI007351,O03606,P008,1,4600.00
OI007352,O03606,P025,1,280.00
OI007353,O03606,P027,3,990.00
OI007354,O03607,P011,2,1320.00
OI007355,O03608,P001,3,1450.00
OI007356,O03609,P021,1,549.00
OI007357,O03609,P016,3,520.00
OI007358,O03609,P002,1,3040.00
OI007359,O03609,P018,1,351.00
OI007360,O03610,P006,1,486.00
OI007361,O03610,P009,1,950.00
OI007362,O03610,P018,1,390.00
OI007363,O03610,P030,1,220.00
OI007364,O03611,P023,1,294.50
OI007365,O03612,P012,1,369.00
OI007366,O03612,P028,1,760.00
OI007367,O03613,P040,1,1683.00
OI007368,O03613,P004,2,1150.00
OI007369,O03614,P031,2,450.00
OI007370,O03614,P010,3,2750.00
OI007371,O03615,P010,1,2750.00
OI007372,O03616,P036,1,313.50
OI007373,O03616,P021,1,488.00
OI007374,O03617,P005,1,620.00
OI007375,O03617,P015,2,621.00
OI007376,O03618,P011,2,1254.00
OI007377,O03618,P005,1,620.00
OI007378,O03619,P012,2,389.50
OI007379,O03620,P017,2,1402.50
OI007380,O03621,P035,5,2040.00
OI007381,O03622,P005,2,620.00
OI007382,O03622,P003,3,702.00
OI007383,O03623,P007,1,1606.50
OI007384,O03624,P010,1,2612.50
OI007385,O03624,P035,1,2400.00
OI007386,O03624,P019,1,833.00
OI007387,O03624,P021,1,518.50
OI007388,O03625,P004,1,1150.00
OI007389,O03626,P029,4,608.00
OI007390,O03627,P028,3,760.00
OI007391,O03627,P039,1,207.00
OI007392,O03628,P033,1,290.00
OI007393,O03628,P025,2,280.00
OI007394,O03628,P013,1,456.00
OI007395,O03629,P009,1,807.50
OI007396,O03629,P010,2,2750.00
OI007397,O03630,P002,1,3200.00
OI007398,O03630,P010,2,2475.00
OI007399,O03631,P040,5,1881.00
OI007400,O03632,P023,3,310.00
OI007401,O03632,P012,1,410.00
OI007402,O03632,P010,1,2750.00
OI007403,O03632,P021,1,457.50
OI007404,O03633,P010,1,2750.00
OI007405,O03633,P017,2,1402.50
OI007406,O03634,P001,2,1450.00
OI007407,O03634,P010,2,2750.00
OI007408,O03635,P001,1,1450.00
OI007409,O03635,P039,1,230.00
OI007410,O03635,P026,1,870.00
OI007411,O03635,P002,1,2880.00
OI007412,O03636,P001,1,1305.00
OI007413,O03636,P002,1,3200.00
OI007414,O03637,P005,1,558.00
OI007415,O03638,P010,4,2337.50
OI007416,O03639,P017,3,1402.50
OI007417,O03639,P008,1,4600.00
OI007418,O03639,P021,1,549.00
OI007419,O03639,P024,1,1662.50
OI007420,O03640,P027,1,841.50
OI007421,O03641,P021,1,488.00
OI007422,O03641,P011,1,1320.00
OI007423,O03642,P019,1,784.00
OI007424,O03642,P003,1,663.00
OI007425,O03643,P005,1,558.00
OI007426,O03643,P017,1,1237.50
OI007427,O03644,P003,1,780.00
OI007428,O03644,P005,1,620.00
OI007429,O03645,P025,1,280.00
OI007430,O03646,P007,3,1795.50
OI007431,O03646,P009,1,855.00
OI007432,O03647,P024,2,1750.00
OI007433,O03647,P005,2,620.00
OI007434,O03648,P023,3,310.00
OI007435,O03649,P025,2,266.00
OI007436,O03650,P011,1,1320.00
OI007437,O03650,P036,1,330.00
OI007438,O03651,P035,1,2040.00
OI007439,O03651,P002,2,2720.00
OI007440,O03651,P024,1,1575.00
OI007441,O03652,P016,4,390.00
OI007442,O03653,P003,1,663.00
OI007443,O03653,P002,1,3200.00
OI007444,O03653,P030,1,220.00
OI007445,O03653,P013,1,432.00
OI007446,O03654,P007,1,1701.00
OI007447,O03654,P003,1,702.00
OI007448,O03655,P016,1,442.00
OI007449,O03655,P039,1,218.50
OI007450,O03655,P031,1,450.00
OI007451,O03656,P019,1,833.00
OI007452,O03656,P020,1,977.50
OI007453,O03656,P024,2,1575.00
OI007454,O03657,P005,1,558.00
OI007455,O03658,P015,3,690.00
OI007456,O03658,P016,1,442.00
OI007457,O03659,P037,1,684.00
OI007458,O03660,P018,1,351.00
OI007459,O03660,P021,1,549.00
OI007460,O03661,P026,1,739.50
OI007461,O03662,P019,1,784.00
OI007462,O03663,P035,1,2040.00
OI007463,O03664,P024,1,1487.50
OI007464,O03665,P006,1,486.00
OI007465,O03665,P015,2,690.00
OI007466,O03666,P002,1,3040.00
OI007467,O03666,P016,1,442.00
OI007468,O03667,P021,1,488.00
OI007469,O03667,P001,3,1232.50
OI007470,O03667,P015,1,586.50
OI007471,O03668,P018,1,292.50
OI007472,O03669,P010,1,2612.50
OI007473,O03669,P039,2,218.50
OI007474,O03669,P020,1,1035.00
OI007475,O03670,P012,1,369.00
OI007476,O03671,P012,3,389.50
OI007477,O03672,P023,3,279.00
OI007478,O03672,P011,2,1254.00
OI007479,O03673,P029,3,640.00
OI007480,O03674,P009,1,950.00
OI007481,O03675,P023,1,310.00
OI007482,O03675,P038,2,180.50
OI007483,O03676,P003,3,780.00
OI007484,O03676,P012,1,389.50
OI007485,O03676,P024,1,1750.00
OI007486,O03677,P039,2,207.00
OI007487,O03678,P028,1,760.00
OI007488,O03678,P021,1,518.50
OI007489,O03679,P028,1,684.00
OI007490,O03680,P013,1,432.00
OI007491,O03680,P004,1,1035.00
OI007492,O03680,P018,1,331.50
OI007493,O03681,P011,2,1254.00
OI007494,O03681,P010,1,2475.00
OI007495,O03682,P010,1,2475.00
OI007496,O03682,P025,2,280.00
OI007497,O03683,P035,2,2280.00
OI007498,O03684,P039,3,218.50
OI007499,O03684,P005,2,620.00
OI007500,O03685,P019,1,735.00
OI007501,O03686,P030,1,209.00
OI007502,O03686,P004,1,1150.00
OI007503,O03687,P025,1,252.00
OI007504,O03687,P001,2,1377.50
OI007505,O03688,P005,1,558.00
OI007506,O03688,P003,4,780.00
OI007507,O03689,P001,2,1450.00
OI007508,O03690,P017,2,1485.00
OI007509,O03690,P035,2,2280.00
OI007510,O03691,P005,3,558.00
OI007511,O03691,P021,4,610.00
OI007512,O03691,P019,4,980.00
OI007513,O03691,P007,2,1890.00
OI007514,O03692,P040,1,1881.00
OI007515,O03693,P016,1,390.00
OI007516,O03693,P025,1,266.00
OI007517,O03694,P026,1,870.00
OI007518,O03694,P019,2,833.00
OI007519,O03694,P040,2,1980.00
OI007520,O03695,P023,2,310.00
OI007521,O03696,P019,4,735.00
OI007522,O03696,P034,5,324.00
OI007523,O03697,P007,2,1795.50
OI007524,O03698,P020,1,1035.00
OI007525,O03698,P017,2,1237.50
OI007526,O03698,P034,1,360.00
OI007527,O03699,P015,1,621.00
OI007528,O03699,P007,2,1606.50
OI007529,O03699,P026,1,870.00
OI007530,O03699,P025,2,252.00
OI007531,O03700,P035,5,2160.00
OI007532,O03700,P003,1,702.00
OI007533,O03700,P030,2,220.00
OI007534,O03700,P011,1,1320.00
OI007535,O03701,P040,2,1782.00
OI007536,O03701,P001,2,1450.00
OI007537,O03701,P023,4,310.00
OI007538,O03702,P013,1,480.00
OI007539,O03702,P020,1,920.00
OI007540,O03702,P017,1,1237.50
OI007541,O03702,P007,1,1795.50
OI007542,O03703,P033,3,290.00
OI007543,O03703,P024,2,1750.00
OI007544,O03703,P016,3,442.00
OI007545,O03703,P001,3,1450.00
OI007546,O03704,P005,2,620.00
OI007547,O03704,P024,3,1750.00
OI007548,O03704,P021,3,457.50
OI007549,O03705,P011,1,1122.00
OI007550,O03706,P007,2,1890.00
OI007551,O03707,P018,1,331.50
OI007552,O03707,P010,1,2612.50
OI007553,O03708,P010,1,2475.00
OI007554,O03708,P023,1,310.00
OI007555,O03709,P017,1,1237.50
OI007556,O03709,P005,1,589.00
OI007557,O03709,P010,1,2475.00
OI007558,O03710,P028,1,722.00
OI007559,O03711,P011,4,1188.00
OI007560,O03711,P035,1,2280.00
OI007561,O03712,P003,1,780.00
OI007562,O03712,P024,1,1750.00
OI007563,O03712,P040,1,1980.00
OI007564,O03713,P005,1,620.00
OI007565,O03713,P040,3,1683.00
OI007566,O03714,P027,2,891.00
OI007567,O03714,P015,1,621.00
OI007568,O03714,P005,1,527.00
OI007569,O03714,P014,1,221.00
OI007570,O03715,P016,1,520.00
OI007571,O03715,P040,1,1782.00
OI007572,O03715,P017,1,1485.00
OI007573,O03716,P026,2,870.00
OI007574,O03717,P017,1,1650.00
OI007575,O03717,P027,1,891.00
OI007576,O03717,P012,1,389.50
OI007577,O03718,P039,3,207.00
OI007578,O03718,P002,3,2880.00
OI007579,O03719,P001,1,1305.00
OI007580,O03719,P034,1,360.00
OI007581,O03719,P002,1,3200.00
OI007582,O03720,P019,2,833.00
OI007583,O03721,P003,1,780.00
OI007584,O03722,P020,3,977.50
OI007585,O03723,P017,2,1650.00
OI007586,O03724,P036,1,297.00
OI007587,O03724,P033,1,275.50
OI007588,O03725,P010,1,2475.00
OI007589,O03726,P016,1,520.00
OI007590,O03726,P027,2,891.00
OI007591,O03727,P020,1,977.50
OI007592,O03728,P039,2,230.00
OI007593,O03728,P010,1,2750.00
OI007594,O03729,P025,1,266.00
OI007595,O03729,P035,1,2160.00
OI007596,O03729,P006,1,540.00
OI007597,O03729,P020,1,920.00
OI007598,O03730,P013,1,480.00
OI007599,O03731,P024,1,1575.00
OI007600,O03731,P003,2,780.00
OI007601,O03731,P001,1,1450.00
OI007602,O03731,P016,1,390.00
OI007603,O03732,P002,1,3200.00
OI007604,O03732,P010,1,2750.00
OI007605,O03732,P031,1,427.50
OI007606,O03732,P028,2,722.00
OI007607,O03733,P025,1,252.00
OI007608,O03734,P003,5,741.00
OI007609,O03735,P023,2,279.00
OI007610,O03735,P010,1,2750.00
OI007611,O03736,P024,1,1750.00
OI007612,O03737,P020,1,920.00
OI007613,O03737,P013,1,432.00
OI007614,O03738,P037,2,720.00
OI007615,O03739,P017,1,1485.00
OI007616,O03739,P010,2,2612.50
OI007617,O03739,P037,1,648.00
OI007618,O03739,P003,1,780.00
OI007619,O03740,P023,1,279.00
OI007620,O03740,P003,1,702.00
OI007621,O03740,P010,1,2475.00
OI007622,O03740,P005,3,620.00
OI007623,O03741,P012,1,369.00
OI007624,O03741,P015,5,690.00
OI007625,O03741,P010,2,2750.00
OI007626,O03742,P038,3,171.00
OI007627,O03742,P015,3,655.50
OI007628,O03742,P016,3,416.00
OI007629,O03743,P017,3,1237.50
OI007630,O03744,P011,1,1320.00
OI007631,O03744,P009,2,950.00
OI007632,O03744,P008,2,4600.00
OI007633,O03744,P015,1,690.00
OI007634,O03745,P037,1,720.00
OI007635,O03745,P010,1,2475.00
OI007636,O03745,P036,1,297.00
OI007637,O03745,P016,1,520.00
OI007638,O03746,P016,1,442.00
OI007639,O03746,P024,2,1750.00
OI007640,O03746,P021,2,488.00
OI007641,O03747,P002,1,2880.00
OI007642,O03747,P005,1,558.00
OI007643,O03748,P018,2,312.00
OI007644,O03748,P025,1,280.00
OI007645,O03749,P010,1,2612.50
OI007646,O03749,P008,1,4370.00
OI007647,O03750,P027,1,940.50
OI007648,O03750,P024,3,1750.00
OI007649,O03751,P010,2,2750.00
OI007650,O03751,P001,1,1450.00
OI007651,O03752,P027,1,891.00
OI007652,O03753,P025,2,252.00
OI007653,O03753,P029,2,640.00
OI007654,O03753,P004,1,1035.00
OI007655,O03753,P003,1,780.00
OI007656,O03754,P004,1,1150.00
OI007657,O03754,P029,3,640.00
OI007658,O03754,P033,3,290.00
OI007659,O03755,P005,1,589.00
OI007660,O03755,P010,3,2612.50
OI007661,O03755,P015,1,655.50
OI007662,O03756,P017,1,1402.50
OI007663,O03757,P012,1,410.00
OI007664,O03758,P033,2,290.00
OI007665,O03759,P028,1,684.00
OI007666,O03760,P033,1,290.00
OI007667,O03761,P001,1,1232.50
OI007668,O03762,P012,1,369.00
OI007669,O03763,P010,1,2750.00
OI007670,O03764,P039,1,218.50
OI007671,O03765,P017,3,1650.00
OI007672,O03765,P004,2,1150.00
OI007673,O03766,P001,2,1377.50
OI007674,O03766,P040,1,1980.00
OI007675,O03766,P035,1,2280.00
OI007676,O03766,P021,4,518.50
OI007677,O03767,P005,2,527.00
OI007678,O03767,P014,2,247.00
OI007679,O03767,P028,2,760.00
OI007680,O03768,P025,1,266.00
OI007681,O03768,P013,2,432.00
OI007682,O03768,P007,1,1890.00
OI007683,O03768,P023,1,310.00
OI007684,O03769,P028,1,646.00
OI007685,O03769,P012,1,389.50
OI007686,O03770,P009,2,855.00
OI007687,O03771,P002,2,3200.00
OI007688,O03771,P014,2,234.00
OI007689,O03771,P005,1,558.00
OI007690,O03772,P017,1,1650.00
OI007691,O03772,P005,3,558.00
OI007692,O03773,P036,1,313.50
OI007693,O03773,P035,3,2400.00
OI007694,O03774,P009,2,950.00
OI007695,O03774,P026,1,870.00
OI007696,O03774,P008,3,4370.00
OI007697,O03775,P017,1,1237.50
OI007698,O03776,P037,1,648.00
OI007699,O03776,P006,1,486.00
OI007700,O03777,P034,1,324.00
OI007701,O03778,P023,1,310.00
OI007702,O03778,P021,1,518.50
OI007703,O03779,P029,1,608.00
OI007704,O03779,P038,1,171.00
OI007705,O03780,P021,1,610.00
OI007706,O03781,P038,1,180.50
OI007707,O03781,P001,1,1377.50
OI007708,O03782,P010,3,2612.50
OI007709,O03782,P002,1,3200.00
OI007710,O03783,P020,3,862.50
OI007711,O03783,P016,1,520.00
OI007712,O03784,P012,1,389.50
OI007713,O03784,P016,2,442.00
OI007714,O03785,P015,2,655.50
OI007715,O03786,P040,1,1782.00
OI007716,O03787,P012,3,369.00
OI007717,O03788,P029,1,640.00
OI007718,O03788,P037,2,648.00
OI007719,O03788,P025,1,266.00
OI007720,O03789,P005,1,620.00
OI007721,O03789,P029,1,544.00
OI007722,O03789,P025,3,238.00
OI007723,O03790,P025,1,280.00
OI007724,O03790,P017,1,1320.00
OI007725,O03791,P039,2,195.50
OI007726,O03791,P011,1,1122.00
OI007727,O03792,P009,1,902.50
OI007728,O03792,P013,1,456.00
OI007729,O03793,P015,1,690.00
OI007730,O03793,P038,1,190.00
OI007731,O03794,P012,3,369.00
OI007732,O03794,P006,1,486.00
OI007733,O03795,P034,1,360.00
OI007734,O03795,P002,2,3040.00
OI007735,O03796,P026,1,826.50
OI007736,O03796,P020,3,862.50
OI007737,O03796,P038,2,180.50
OI007738,O03796,P005,3,620.00
OI007739,O03797,P012,1,410.00
OI007740,O03798,P030,1,220.00
OI007741,O03798,P002,1,3200.00
OI007742,O03799,P021,2,488.00
OI007743,O03799,P002,1,3200.00
OI007744,O03800,P006,3,459.00
OI007745,O03800,P010,3,2475.00
OI007746,O03800,P003,3,663.00
OI007747,O03800,P021,2,518.50
OI007748,O03801,P003,2,780.00
OI007749,O03801,P015,1,690.00
OI007750,O03802,P020,2,1150.00
OI007751,O03802,P017,3,1485.00
OI007752,O03803,P025,1,280.00
OI007753,O03804,P018,1,331.50
OI007754,O03805,P012,1,410.00
OI007755,O03805,P033,3,275.50
OI007756,O03806,P002,1,2880.00
OI007757,O03806,P009,1,902.50
OI007758,O03806,P034,1,324.00
OI007759,O03807,P018,2,390.00
OI007760,O03808,P035,1,2160.00
OI007761,O03808,P031,1,450.00
OI007762,O03808,P020,1,1035.00
OI007763,O03809,P017,1,1320.00
OI007764,O03810,P003,1,702.00
OI007765,O03810,P037,1,612.00
OI007766,O03810,P008,1,3910.00
OI007767,O03811,P010,1,2475.00
OI007768,O03812,P036,1,330.00
OI007769,O03813,P004,1,1092.50
OI007770,O03813,P040,1,1881.00
OI007771,O03813,P001,1,1450.00
OI007772,O03814,P007,1,1701.00
OI007773,O03814,P002,1,3200.00
OI007774,O03815,P001,3,1450.00
OI007775,O03816,P004,2,1150.00
OI007776,O03817,P038,1,180.50
OI007777,O03817,P011,2,1320.00
OI007778,O03818,P003,1,780.00
OI007779,O03818,P010,1,2612.50
OI007780,O03819,P040,2,1782.00
OI007781,O03820,P010,1,2750.00
OI007782,O03821,P015,2,621.00
OI007783,O03822,P018,2,351.00
OI007784,O03822,P008,1,3910.00
OI007785,O03823,P003,1,780.00
OI007786,O03823,P010,1,2337.50
OI007787,O03824,P009,1,950.00
OI007788,O03825,P009,1,855.00
OI007789,O03825,P001,1,1450.00
OI007790,O03826,P017,2,1402.50
OI007791,O03827,P020,3,920.00
OI007792,O03827,P010,1,2750.00
OI007793,O03828,P019,1,882.00
OI007794,O03829,P011,3,1254.00
OI007795,O03829,P008,3,4140.00
OI007796,O03830,P025,2,252.00
OI007797,O03830,P040,1,1980.00
OI007798,O03831,P010,1,2475.00
OI007799,O03832,P024,1,1575.00
OI007800,O03832,P005,2,558.00
OI007801,O03832,P029,1,640.00
OI007802,O03833,P011,3,1188.00
OI007803,O03833,P003,2,780.00
OI007804,O03834,P005,1,620.00
OI007805,O03834,P006,1,540.00
OI007806,O03835,P009,3,855.00
OI007807,O03835,P011,2,1188.00
OI007808,O03836,P026,2,739.50
OI007809,O03836,P019,1,735.00
OI007810,O03837,P005,2,558.00
OI007811,O03837,P011,2,1254.00
OI007812,O03837,P016,1,520.00
OI007813,O03838,P017,2,1402.50
OI007814,O03838,P025,2,238.00
OI007815,O03838,P027,2,841.50
OI007816,O03839,P023,1,279.00
OI007817,O03839,P010,1,2750.00
OI007818,O03840,P010,1,2612.50
OI007819,O03841,P012,1,348.50
OI007820,O03841,P025,1,280.00
OI007821,O03841,P010,1,2337.50
OI007822,O03841,P039,2,195.50
OI007823,O03842,P002,1,3040.00
OI007824,O03842,P029,1,608.00
OI007825,O03842,P010,3,2750.00
OI007826,O03843,P014,1,260.00
OI007827,O03843,P011,1,1188.00
OI007828,O03843,P034,1,324.00
OI007829,O03844,P012,1,369.00
OI007830,O03844,P017,2,1402.50
OI007831,O03844,P034,1,306.00
OI007832,O03845,P019,1,735.00
OI007833,O03845,P034,1,360.00
OI007834,O03845,P024,1,1575.00
OI007835,O03846,P002,1,2880.00
OI007836,O03846,P023,1,310.00
OI007837,O03847,P020,1,1035.00
OI007838,O03847,P002,1,3200.00
OI007839,O03847,P013,1,456.00
OI007840,O03847,P037,1,720.00
OI007841,O03848,P002,1,3200.00
OI007842,O03849,P008,1,4600.00
OI007843,O03849,P009,1,902.50
OI007844,O03849,P015,1,586.50
OI007845,O03850,P024,1,1750.00
OI007846,O03850,P020,1,862.50
OI007847,O03851,P011,1,1188.00
OI007848,O03852,P026,1,826.50
OI007849,O03853,P004,2,977.50
OI007850,O03854,P011,1,1320.00
OI007851,O03855,P018,1,292.50
OI007852,O03855,P025,1,280.00
OI007853,O03856,P001,2,1450.00
OI007854,O03856,P015,2,690.00
OI007855,O03857,P019,3,735.00
OI007856,O03857,P015,1,690.00
OI007857,O03857,P031,1,382.50
OI007858,O03858,P025,1,266.00
OI007859,O03858,P018,2,292.50
OI007860,O03859,P017,2,1402.50
OI007861,O03860,P002,1,2880.00
OI007862,O03861,P017,2,1402.50
OI007863,O03861,P001,2,1377.50
OI007864,O03861,P018,3,292.50
OI007865,O03862,P002,3,3200.00
OI007866,O03863,P005,1,620.00
OI007867,O03863,P018,3,312.00
OI007868,O03864,P010,1,2750.00
OI007869,O03865,P037,2,684.00
OI007870,O03866,P010,1,2750.00
OI007871,O03867,P008,1,4600.00
OI007872,O03867,P020,1,1035.00
OI007873,O03868,P036,2,297.00
OI007874,O03868,P015,2,621.00
OI007875,O03869,P021,1,549.00
OI007876,O03869,P012,1,348.50
OI007877,O03870,P030,1,220.00
OI007878,O03871,P020,2,920.00
OI007879,O03871,P008,3,4140.00
OI007880,O03872,P020,2,862.50
OI007881,O03872,P028,1,646.00
OI007882,O03872,P016,1,390.00
OI007883,O03872,P005,2,620.00
OI007884,O03873,P029,1,640.00
OI007885,O03873,P014,1,234.00
OI007886,O03873,P020,1,1035.00
OI007887,O03874,P004,3,1150.00
OI007888,O03874,P028,1,760.00
OI007889,O03875,P024,1,1487.50
OI007890,O03876,P016,2,468.00
OI007891,O03876,P001,1,1450.00
OI007892,O03877,P017,4,1402.50
OI007893,O03877,P023,4,263.50
OI007894,O03877,P024,1,1487.50
OI007895,O03878,P010,1,2612.50
OI007896,O03878,P006,2,486.00
OI007897,O03878,P001,1,1377.50
OI007898,O03879,P025,1,238.00
OI007899,O03880,P017,1,1237.50
OI007900,O03881,P007,1,1701.00
OI007901,O03882,P003,1,702.00
OI007902,O03883,P020,1,920.00
OI007903,O03884,P024,1,1575.00
OI007904,O03884,P009,1,855.00
OI007905,O03884,P005,1,589.00
OI007906,O03885,P016,1,520.00
OI007907,O03885,P011,1,1320.00
OI007908,O03885,P002,1,3200.00
OI007909,O03886,P024,2,1575.00
OI007910,O03886,P033,2,290.00
OI007911,O03886,P026,3,783.00
OI007912,O03887,P020,1,977.50
OI007913,O03888,P007,2,1890.00
OI007914,O03888,P016,3,520.00
OI007915,O03888,P002,1,3200.00
OI007916,O03888,P035,5,2280.00
OI007917,O03889,P016,1,416.00
OI007918,O03889,P026,1,870.00
OI007919,O03889,P033,3,290.00
OI007920,O03890,P023,1,263.50
OI007921,O03891,P027,2,990.00
OI007922,O03891,P035,1,2040.00
OI007923,O03891,P037,1,648.00
OI007924,O03892,P012,1,369.00
OI007925,O03892,P002,1,2720.00
OI007926,O03893,P038,3,190.00
OI007927,O03894,P012,1,389.50
OI007928,O03894,P025,1,252.00
OI007929,O03895,P026,1,826.50
OI007930,O03895,P019,1,833.00
OI007931,O03896,P030,1,209.00
OI007932,O03896,P035,1,2160.00
OI007933,O03896,P040,2,1881.00
OI007934,O03896,P023,1,294.50
OI007935,O03897,P027,2,940.50
OI007936,O03898,P026,1,783.00
OI007937,O03898,P010,1,2475.00
OI007938,O03898,P024,1,1750.00
OI007939,O03899,P031,1,450.00
OI007940,O03899,P039,1,207.00
OI007941,O03900,P017,1,1650.00
OI007942,O03901,P019,2,784.00
OI007943,O03901,P024,1,1662.50
OI007944,O03902,P008,1,4140.00
OI007945,O03902,P004,1,1150.00
OI007946,O03903,P010,2,2750.00
OI007947,O03904,P031,3,450.00
OI007948,O03904,P017,1,1650.00
OI007949,O03904,P023,2,310.00
OI007950,O03905,P012,1,410.00
OI007951,O03906,P037,1,684.00
OI007952,O03906,P014,1,234.00
OI007953,O03907,P001,2,1305.00
OI007954,O03908,P020,1,1150.00
OI007955,O03908,P001,1,1377.50
OI007956,O03909,P004,2,1035.00
OI007957,O03909,P009,1,855.00
OI007958,O03910,P009,1,950.00
OI007959,O03910,P024,2,1750.00
OI007960,O03911,P010,1,2337.50
OI007961,O03911,P029,1,640.00
OI007962,O03911,P018,1,312.00
OI007963,O03912,P030,1,209.00
OI007964,O03913,P020,2,1150.00
OI007965,O03914,P001,2,1305.00
OI007966,O03915,P003,1,780.00
OI007967,O03915,P005,1,620.00
OI007968,O03916,P039,2,207.00
OI007969,O03917,P023,1,310.00
OI007970,O03918,P015,1,586.50
OI007971,O03918,P034,2,360.00
OI007972,O03918,P005,1,527.00
OI007973,O03919,P026,1,870.00
OI007974,O03920,P020,1,920.00
OI007975,O03921,P006,2,459.00
OI001007,O00483,P009,2,902.50
OI007976,O03922,P011,1,1254.00
OI007977,O03923,P005,2,620.00
OI007978,O03923,P024,1,1750.00
OI007979,O03923,P039,1,230.00
OI007980,O03924,P003,1,780.00
OI007981,O03925,P026,1,870.00
OI007982,O03925,P017,2,1320.00
OI007983,O03926,P029,3,608.00
OI007984,O03926,P020,1,1035.00
OI007985,O03926,P002,1,3200.00
OI007986,O03927,P001,1,1305.00
OI007987,O03927,P019,3,784.00
OI007988,O03928,P007,1,1701.00
OI007989,O03928,P012,1,389.50
OI007990,O03929,P001,1,1450.00
OI007991,O03929,P015,1,690.00
OI007992,O03929,P037,2,648.00
OI007993,O03930,P017,2,1650.00
OI007994,O03930,P003,1,741.00
OI007995,O03930,P031,1,427.50
OI007996,O03930,P012,1,369.00
OI007997,O03931,P020,1,862.50
OI007998,O03932,P003,1,702.00
OI007999,O03933,P018,3,351.00
OI008000,O03933,P024,1,1575.00
OI008001,O03934,P005,2,620.00
OI008002,O03934,P002,1,3200.00
OI008003,O03935,P017,2,1485.00
OI008004,O03936,P033,1,290.00
OI008005,O03936,P015,1,690.00
OI008006,O03936,P017,3,1237.50
OI008007,O03936,P035,2,2400.00
OI008008,O03937,P007,1,1890.00
OI008009,O03937,P035,1,2400.00
OI008010,O03937,P003,2,741.00
OI008011,O03937,P001,2,1450.00
OI008012,O03938,P015,1,690.00
OI008013,O03939,P015,1,621.00
OI008014,O03939,P017,1,1320.00
OI008015,O03940,P016,2,442.00
OI008016,O03940,P003,1,780.00
OI008017,O03941,P016,3,520.00
OI008018,O03942,P027,2,990.00
OI008019,O03943,P037,1,720.00
OI008020,O03943,P001,1,1377.50
OI008021,O03943,P039,2,230.00
OI008022,O03944,P016,3,416.00
OI008023,O03945,P001,2,1450.00
OI008024,O03946,P017,1,1237.50
OI008025,O03946,P015,2,690.00
OI008026,O03946,P016,1,442.00
OI008027,O03947,P019,1,833.00
OI008028,O03947,P007,1,1890.00
OI008029,O03947,P037,3,648.00
OI008030,O03947,P040,1,1782.00
OI008031,O03948,P037,1,612.00
OI008032,O03948,P024,1,1487.50
OI008033,O03949,P008,1,4370.00
OI008034,O03949,P028,1,722.00
OI008035,O03949,P002,1,2880.00
OI008036,O03950,P037,2,612.00
OI008037,O03951,P006,3,540.00
OI008038,O03951,P015,3,655.50
OI008039,O03952,P021,1,518.50
OI008040,O03952,P011,2,1320.00
OI008041,O03953,P021,2,549.00
OI008042,O03954,P014,1,260.00
OI008043,O03955,P009,1,902.50
OI008044,O03956,P016,2,468.00
OI008045,O03956,P004,3,1150.00
OI008046,O03956,P001,1,1377.50
OI008047,O03956,P029,2,640.00
OI008048,O03957,P001,2,1450.00
OI008049,O03958,P013,1,408.00
OI008050,O03958,P012,1,348.50
OI008051,O03959,P010,1,2750.00
OI008052,O03959,P011,1,1188.00
OI008053,O03960,P008,2,4600.00
OI008054,O03960,P003,1,780.00
OI008055,O03961,P015,1,690.00
OI008056,O03961,P011,1,1254.00
OI008057,O03961,P017,2,1485.00
OI008058,O03961,P035,1,2280.00
OI008059,O03962,P002,2,3040.00
OI008060,O03962,P014,1,234.00
OI008061,O03963,P026,1,826.50
OI008062,O03963,P037,1,684.00
OI008063,O03964,P018,1,351.00
OI008064,O03964,P024,2,1662.50
OI008065,O03965,P015,1,655.50
OI008066,O03965,P013,1,480.00
OI008067,O03966,P034,1,360.00
OI008068,O03966,P018,1,292.50
OI008069,O03967,P007,1,1701.00
OI008070,O03967,P025,1,266.00
OI008071,O03968,P023,1,279.00
OI008072,O03969,P006,3,540.00
OI008073,O03970,P034,1,324.00
OI008074,O03970,P005,2,589.00
OI008075,O03970,P027,1,990.00
OI008076,O03971,P029,1,640.00
OI008077,O03971,P016,1,468.00
OI008078,O03971,P025,2,280.00
OI008079,O03971,P001,1,1377.50
OI008080,O03972,P033,3,290.00
OI008081,O03972,P003,1,741.00
OI008082,O03973,P025,1,280.00
OI008083,O03973,P035,1,2160.00
OI008084,O03973,P010,3,2475.00
OI008085,O03974,P017,1,1320.00
OI008086,O03974,P008,3,4600.00
OI008087,O03974,P027,1,891.00
OI008088,O03975,P001,2,1450.00
OI008089,O03975,P006,1,540.00
OI008090,O03975,P013,3,480.00
OI008091,O03976,P009,3,855.00
OI008092,O03976,P003,1,780.00
OI008093,O03977,P016,1,442.00
OI008094,O03977,P004,1,1092.50
OI008095,O03978,P023,1,294.50
OI008096,O03979,P012,1,348.50
OI008097,O03979,P009,1,807.50
OI008098,O03980,P030,1,187.00
OI008099,O03981,P014,1,234.00
OI008100,O03981,P023,1,279.00
OI008101,O03981,P010,1,2750.00
OI008102,O03982,P010,1,2750.00
OI008103,O03982,P003,1,780.00
OI008104,O03983,P025,3,280.00
OI008105,O03983,P015,3,655.50
OI008106,O03984,P024,1,1750.00
OI008107,O03984,P038,1,161.50
OI008108,O03985,P003,2,702.00
OI008109,O03985,P025,1,252.00
OI008110,O03986,P018,1,312.00
OI008111,O03986,P019,1,882.00
OI008112,O03986,P002,1,2720.00
OI008113,O03987,P006,1,540.00
OI008114,O03987,P024,3,1750.00
OI008115,O03988,P010,1,2750.00
OI008116,O03988,P008,1,4370.00
OI008117,O03988,P003,1,780.00
OI008118,O03989,P031,3,427.50
OI008119,O03989,P038,3,171.00
OI008120,O03990,P016,1,416.00
OI008121,O03990,P001,1,1450.00
OI008122,O03990,P024,1,1575.00
OI008123,O03991,P010,1,2475.00
OI008124,O03991,P024,1,1662.50
OI008125,O03992,P023,1,279.00
OI008126,O03992,P028,2,684.00
OI008127,O03993,P002,1,3200.00
OI008128,O03993,P003,1,741.00
OI008129,O03994,P005,2,558.00
OI008130,O03994,P020,1,1035.00
OI008131,O03994,P029,1,608.00
OI008132,O03994,P031,1,450.00
OI008133,O03995,P028,1,646.00
OI008134,O03995,P012,1,369.00
OI008135,O03996,P020,1,920.00
OI008136,O03996,P007,1,1890.00
OI008137,O03996,P005,1,620.00
OI008138,O03997,P003,1,780.00
OI008139,O03998,P040,1,1881.00
OI008140,O03998,P007,1,1890.00
OI008141,O03998,P018,1,351.00
OI008142,O03998,P016,1,442.00
OI008143,O03999,P004,2,1150.00
OI008144,O03999,P038,1,180.50
OI008145,O03999,P010,2,2750.00
OI008146,O04000,P008,1,4140.00
OI008147,O04000,P023,3,294.50
OI008148,O04001,P031,1,450.00
OI008149,O04001,P019,1,833.00
OI008150,O04001,P003,1,780.00
OI008151,O04001,P015,1,621.00
OI008152,O04002,P025,1,266.00
OI008153,O04002,P013,1,456.00
OI008154,O04002,P031,3,427.50
OI008155,O04003,P020,1,977.50
OI008156,O04003,P024,2,1662.50
OI008157,O04003,P025,2,238.00
OI008158,O04003,P028,1,646.00
OI008159,O04004,P014,1,247.00
OI008160,O04005,P038,1,180.50
OI008161,O04006,P020,1,1150.00
OI008162,O04006,P005,2,620.00
OI008163,O04007,P001,2,1377.50
OI008164,O04007,P040,1,1881.00
OI008165,O04008,P023,1,310.00
OI008166,O04008,P002,1,2880.00
OI008167,O04009,P007,1,1795.50
OI008168,O04010,P017,1,1650.00
OI008169,O04011,P010,1,2750.00
OI008170,O04012,P035,1,2160.00
OI008171,O04012,P017,1,1485.00
OI008172,O04013,P015,1,621.00
OI008173,O04014,P040,2,1980.00
OI008174,O04014,P019,2,882.00
OI008175,O04015,P029,1,608.00
OI008176,O04016,P005,1,589.00
OI008177,O04016,P024,1,1662.50
OI008178,O04016,P016,1,390.00
OI008179,O04016,P002,1,3200.00
OI008180,O04017,P018,1,331.50
OI008181,O04018,P010,2,2612.50
OI008182,O04018,P005,5,620.00
OI008183,O04019,P003,3,780.00
OI008184,O04019,P013,1,456.00
OI008185,O04020,P010,3,2750.00
OI008186,O04021,P005,4,620.00
OI008187,O04022,P016,1,390.00
OI008188,O04022,P012,1,369.00
OI008189,O04023,P033,1,290.00
OI008190,O04023,P036,1,297.00
OI008191,O04023,P019,1,980.00
OI008192,O04024,P025,1,280.00
OI008193,O04025,P033,1,290.00
OI008194,O04025,P040,3,1683.00
OI008195,O04025,P003,2,780.00
OI008196,O04026,P031,1,427.50
OI008197,O04026,P004,1,1035.00
OI008198,O04027,P005,3,589.00
OI008199,O04028,P017,1,1485.00
OI008200,O04029,P024,2,1750.00
OI008201,O04029,P003,1,741.00
OI008202,O04029,P004,1,1150.00
OI008203,O04030,P003,1,780.00
OI008204,O04030,P010,1,2612.50
OI008205,O04031,P033,1,290.00
OI008206,O04031,P026,1,783.00
OI008207,O04032,P002,1,3200.00
OI008208,O04032,P001,1,1377.50
OI008209,O04033,P008,1,4600.00
OI008210,O04033,P011,1,1254.00
OI008211,O04033,P029,2,640.00
OI008212,O04034,P034,1,342.00
OI008213,O04034,P002,1,3200.00
OI008214,O04034,P023,1,310.00
OI008215,O04035,P027,1,891.00
OI008216,O04035,P004,1,1035.00
OI008217,O04035,P040,1,1881.00
OI008218,O04036,P016,2,442.00
OI008219,O04036,P001,1,1232.50
OI008220,O04036,P007,2,1606.50
OI008221,O04037,P025,2,266.00
OI008222,O04037,P007,1,1701.00
OI008223,O04038,P011,3,1122.00
OI008224,O04039,P035,1,2160.00
OI008225,O04040,P002,1,2720.00
OI008226,O04040,P003,2,780.00
OI008227,O04041,P040,1,1782.00
OI008228,O04041,P033,1,290.00
OI008229,O04042,P003,1,780.00
OI008230,O04043,P018,1,390.00
OI008231,O04044,P001,1,1232.50
OI008232,O04045,P009,1,902.50
OI008233,O04045,P014,1,234.00
OI008234,O04045,P011,1,1188.00
OI008235,O04046,P001,1,1305.00
OI008236,O04046,P010,1,2612.50
OI008237,O04047,P035,1,2040.00
OI008238,O04048,P004,1,1035.00
OI008239,O04048,P040,3,1782.00
OI008240,O04048,P039,1,207.00
OI008241,O04049,P027,1,891.00
OI008242,O04049,P016,1,520.00
OI008243,O04050,P025,1,280.00
OI008244,O04050,P003,1,780.00
OI008245,O04050,P009,1,855.00
OI008246,O04051,P003,2,780.00
OI008247,O04051,P016,2,520.00
OI008248,O04052,P001,3,1377.50
OI008249,O04052,P003,5,780.00
OI008250,O04053,P016,2,390.00
OI008251,O04054,P016,2,520.00
OI008252,O04054,P038,3,190.00
OI008253,O04055,P011,2,1254.00
OI008254,O04055,P007,1,1890.00
OI008255,O04055,P029,2,640.00
OI008256,O04055,P035,2,2400.00
OI008257,O04056,P008,1,4370.00
OI008258,O04057,P001,3,1232.50
OI008259,O04057,P007,1,1606.50
OI008260,O04057,P005,1,620.00
OI008261,O04058,P003,1,663.00
OI008262,O04059,P003,1,702.00
OI008263,O04059,P021,3,457.50
OI008264,O04060,P029,1,608.00
OI008265,O04060,P018,1,331.50
OI008266,O04061,P011,1,1320.00
OI008267,O04062,P004,1,1092.50
OI008268,O04063,P018,1,312.00
OI008269,O04064,P035,1,2160.00
OI008270,O04065,P033,1,275.50
OI008271,O04065,P039,1,230.00
OI008272,O04065,P003,1,780.00
OI008273,O04066,P010,1,2750.00
OI008274,O04066,P036,1,330.00
OI008275,O04067,P002,1,3200.00
OI008276,O04067,P005,2,620.00
OI008277,O04068,P010,1,2337.50
OI008278,O04068,P021,1,457.50
OI008279,O04068,P023,2,263.50
OI008280,O04069,P001,1,1450.00
OI008281,O04070,P001,1,1450.00
OI008282,O04071,P028,1,684.00
OI008283,O04071,P002,1,3200.00
OI008284,O04072,P027,1,990.00
OI008285,O04072,P019,1,735.00
OI008286,O04073,P017,4,1237.50
OI008287,O04074,P024,2,1575.00
OI008288,O04075,P001,3,1450.00
OI008289,O04075,P010,4,2750.00
OI008290,O04075,P002,2,2880.00
OI008291,O04075,P004,2,1035.00
OI008292,O04076,P018,2,292.50
OI002056,O00991,P029,1,640.00
OI008293,O04077,P035,1,2400.00
OI008294,O04077,P036,2,313.50
OI008295,O04078,P007,1,1890.00
OI008296,O04078,P026,1,870.00
OI008297,O04079,P025,1,280.00
OI008298,O04079,P028,2,760.00
OI008299,O04079,P005,1,620.00
OI008300,O04080,P009,1,902.50
OI008301,O04081,P024,2,1575.00
OI008302,O04082,P014,2,260.00
OI008303,O04083,P007,1,1795.50
OI008304,O04083,P030,1,209.00
OI008305,O04083,P001,2,1377.50
OI008306,O04084,P013,1,480.00
OI008307,O04084,P031,1,427.50
OI008308,O04085,P029,1,640.00
OI008309,O04085,P003,2,780.00
OI008310,O04085,P027,2,940.50
OI008311,O04086,P029,1,608.00
OI008312,O04087,P011,1,1254.00
OI008313,O04088,P011,1,1320.00
OI008314,O04088,P019,1,784.00
OI008315,O04088,P034,1,324.00
OI008316,O04088,P013,1,408.00
OI008317,O04089,P028,2,760.00
OI008318,O04089,P019,3,784.00
OI008319,O04090,P034,2,342.00
OI008320,O04090,P018,2,312.00
OI008321,O04091,P023,1,310.00
OI008322,O04091,P036,1,297.00
OI008323,O04092,P006,1,486.00
OI008324,O04092,P011,1,1320.00
OI008325,O04093,P007,1,1701.00
OI008326,O04093,P015,2,655.50
OI008327,O04093,P011,1,1320.00
OI008328,O04094,P010,1,2750.00
OI008329,O04095,P038,1,171.00
OI008330,O04096,P011,1,1254.00
OI008331,O04096,P033,2,275.50
OI008332,O04096,P028,1,684.00
OI008333,O04097,P001,1,1450.00
OI008334,O04098,P015,1,621.00
OI008335,O04098,P017,2,1650.00
OI008336,O04099,P010,1,2750.00
OI008337,O04099,P016,1,520.00
OI008338,O04100,P004,1,1035.00
OI008339,O04101,P034,3,342.00
OI008340,O04101,P008,1,3910.00
OI008341,O04101,P010,3,2337.50
OI008342,O04102,P025,1,252.00
OI008343,O04102,P031,3,427.50
OI008344,O04103,P007,2,1701.00
OI008345,O04103,P001,2,1450.00
OI008346,O04104,P016,2,520.00
OI008347,O04104,P018,1,351.00
OI008348,O04105,P011,1,1188.00
OI008349,O04106,P001,1,1377.50
OI008350,O04107,P035,3,2160.00
OI008351,O04108,P003,1,741.00
OI008352,O04108,P029,1,640.00
OI008353,O04108,P011,2,1188.00
OI008354,O04108,P009,1,855.00
OI008355,O04109,P036,1,330.00
OI008356,O04110,P002,2,3040.00
OI008357,O04110,P014,1,260.00
OI008358,O04111,P010,1,2475.00
OI008359,O04112,P019,1,882.00
OI008360,O04112,P009,1,950.00
OI008361,O04112,P040,2,1782.00
OI008362,O04113,P030,1,209.00
OI008363,O04113,P002,1,3200.00
OI008364,O04113,P008,1,4600.00
OI008365,O04114,P034,3,360.00
OI008366,O04115,P036,1,313.50
OI008367,O04116,P001,1,1305.00
OI008368,O04117,P040,3,1881.00
OI008369,O04118,P011,2,1254.00
OI008370,O04118,P008,1,4600.00
OI008371,O04119,P002,1,3200.00
OI008372,O04119,P019,1,784.00
OI008373,O04120,P002,1,3200.00
OI008374,O04120,P023,1,310.00
OI008375,O04120,P018,1,390.00
OI008376,O04121,P003,1,780.00
OI008377,O04122,P037,1,720.00
OI008378,O04122,P010,2,2750.00
OI008379,O04123,P029,2,640.00
OI008380,O04124,P025,1,238.00
OI008381,O04125,P004,3,1150.00
OI008382,O04126,P006,3,486.00
OI008383,O04126,P005,3,589.00
OI008384,O04127,P027,1,990.00
OI008385,O04128,P014,1,221.00
OI008386,O04129,P020,1,862.50
OI008387,O04129,P025,1,252.00
OI008388,O04130,P010,1,2750.00
OI008389,O04131,P001,1,1450.00
OI008390,O04131,P025,1,252.00
OI008391,O04132,P034,1,360.00
OI008392,O04133,P001,2,1305.00
OI008393,O04133,P035,1,2160.00
OI008394,O04134,P007,1,1890.00
OI008395,O04135,P009,2,950.00
OI008396,O04136,P033,1,290.00
OI002982,O01444,P026,1,783.00
OI008397,O04137,P025,2,266.00
OI008398,O04138,P012,1,348.50
OI008399,O04138,P014,1,221.00
OI008400,O04139,P005,1,620.00
OI008401,O04139,P013,2,480.00
OI008402,O04140,P033,2,290.00
OI008403,O04140,P007,2,1890.00
OI008404,O04140,P024,2,1662.50
OI008405,O04141,P008,1,4600.00
OI008406,O04141,P021,1,518.50
OI008407,O04142,P024,1,1575.00
OI008408,O04143,P020,1,920.00
OI008409,O04143,P016,1,520.00
OI008410,O04143,P023,1,310.00
OI008411,O04143,P015,1,621.00
OI008412,O04144,P011,1,1320.00
OI008413,O04144,P038,1,180.50
OI008414,O04144,P001,1,1305.00
OI008415,O04144,P039,1,207.00
OI008416,O04145,P029,1,640.00
OI008417,O04146,P008,1,4600.00
OI008418,O04147,P009,1,950.00
OI008419,O04147,P005,2,558.00
OI008420,O04148,P018,2,351.00
OI008421,O04149,P017,3,1485.00
OI008422,O04150,P012,3,410.00
OI008423,O04150,P008,1,4600.00
OI008424,O04150,P023,1,294.50
OI008425,O04151,P003,1,741.00
OI008426,O04151,P024,1,1750.00
OI008427,O04151,P026,1,870.00
OI008428,O04152,P020,2,977.50
OI008429,O04152,P028,2,722.00
OI008430,O04153,P023,1,310.00
OI008431,O04153,P010,2,2612.50
OI008432,O04153,P011,1,1320.00
OI008433,O04154,P010,1,2612.50
OI008434,O04155,P008,3,4600.00
OI008435,O04155,P021,1,488.00
OI008436,O04155,P001,1,1450.00
OI008437,O04156,P027,2,940.50
OI008438,O04157,P013,1,432.00
OI008439,O04157,P023,2,279.00
OI008440,O04158,P034,2,306.00
OI008441,O04159,P015,2,655.50
OI008442,O04159,P002,2,3200.00
OI008443,O04160,P015,1,690.00
OI008444,O04160,P004,2,1150.00
OI008445,O04160,P005,1,620.00
OI008446,O04161,P031,1,450.00
OI008447,O04162,P015,1,690.00
OI008448,O04162,P023,2,294.50
OI008449,O04162,P018,1,292.50
OI008450,O04163,P012,1,389.50
OI008451,O04163,P011,1,1320.00
OI008452,O04164,P034,1,342.00
OI008453,O04165,P002,1,3200.00
OI008454,O04165,P015,1,655.50
OI008455,O04166,P001,3,1450.00
OI008456,O04166,P005,1,589.00
OI008457,O04166,P016,1,390.00
OI008458,O04166,P037,2,720.00
OI008459,O04167,P012,1,410.00
OI008460,O04167,P035,3,2400.00
OI008461,O04168,P029,3,608.00
OI008462,O04168,P017,3,1320.00
OI008463,O04169,P035,1,2400.00
OI008464,O04170,P015,1,655.50
OI008465,O04171,P005,1,620.00
OI008466,O04171,P010,3,2612.50
OI008467,O04172,P019,2,833.00
OI008468,O04172,P001,1,1450.00
OI008469,O04172,P030,2,220.00
OI008470,O04173,P002,3,2720.00
OI008471,O04173,P017,3,1320.00
OI008472,O04174,P004,1,1150.00
OI008473,O04175,P011,2,1254.00
OI008474,O04175,P019,1,784.00
OI008475,O04176,P005,1,558.00
OI008476,O04176,P023,1,310.00
OI008477,O04176,P004,1,1150.00
OI008478,O04177,P009,1,902.50
OI008479,O04177,P025,1,280.00
OI008480,O04178,P016,1,442.00
OI008481,O04178,P020,1,862.50
OI008482,O04179,P017,1,1650.00
OI008483,O04179,P018,1,292.50
OI008484,O04180,P001,1,1232.50
OI008485,O04180,P010,1,2337.50
OI008486,O04181,P017,2,1320.00
OI008487,O04181,P023,1,310.00
OI008488,O04181,P028,4,760.00
OI008489,O04182,P013,2,480.00
OI008490,O04182,P002,1,3040.00
OI008491,O04182,P034,3,324.00
OI008492,O04183,P015,1,690.00
OI008493,O04183,P034,1,324.00
OI008494,O04183,P027,1,990.00
OI008495,O04184,P001,2,1377.50
OI008496,O04184,P006,1,540.00
OI008497,O04184,P026,1,826.50
OI008498,O04184,P037,1,684.00
OI008499,O04185,P010,1,2750.00
OI008500,O04186,P002,3,3200.00
OI008501,O04187,P001,2,1450.00
OI008502,O04187,P025,1,280.00
OI008503,O04188,P013,3,408.00
OI008504,O04188,P008,1,4140.00
OI008505,O04189,P003,1,702.00
OI008506,O04190,P006,1,486.00
OI008507,O04190,P002,1,3200.00
OI008508,O04190,P024,1,1575.00
OI008509,O04191,P011,1,1188.00
OI008510,O04191,P001,2,1450.00
OI008511,O04192,P036,1,313.50
OI008512,O04193,P038,1,180.50
OI008513,O04194,P017,3,1237.50
OI008514,O04194,P016,4,520.00
OI008515,O04195,P030,1,220.00
OI008516,O04195,P027,1,891.00
OI008517,O04195,P001,2,1450.00
OI008518,O04196,P018,1,331.50
OI008519,O04197,P005,2,620.00
OI008520,O04197,P023,1,294.50
OI008521,O04198,P018,1,312.00
OI008522,O04198,P002,1,3200.00
OI008523,O04198,P003,1,663.00
OI008524,O04198,P039,1,195.50
OI008525,O04199,P037,2,684.00
OI008526,O04199,P005,1,558.00
OI008527,O04200,P004,1,1150.00
