order_id,customer_id,order_date,status,payment_method,channel
O00001,C0001,2025-05-27,completed,card,app
O00002,C0002,2025-07-30,completed,cash_on_delivery,app
O00003,C0003,2025-04-17,completed,wallet,app
O00004,C0004,2025-06-26,completed,cash_on_delivery,app
O00005,C0006,2025-03-08,completed,cash_on_delivery,web
O00006,C0007,2025-03-18,completed,card,web
O00007,C0008,2025-06-21,completed,wallet,app
O00008,C0009,2025-12-23,completed,wallet,web
O00009,C0010,2025-10-17,completed,cash_on_delivery,app
O00010,C0011,2025-10-03,cancelled,card,app
O00011,C0012,2025-11-19,completed,card,web
O00012,C0013,2025-01-04,completed,card,web
O00013,C0014,2025-07-14,pending,card,app
O00014,C0015,2025-10-06,completed,wallet,app
O00015,C0016,2025-02-15,completed,wallet,app
O00016,C0017,2025-03-18,completed,cash_on_delivery,web
O00017,C0018,2025-01-09,cancelled,card,web
O00018,C0019,2025-09-29,completed,card,web
O00019,C0020,2025-11-23,completed,cash_on_delivery,web
O00020,C0022,2025-01-22,completed,wallet,app
O00021,C0024,2025-12-16,pending,cash_on_delivery,web
O00022,C0025,2025-03-29,completed,card,web
O00023,C0026,2025-03-02,cancelled,wallet,app
O00024,C0027,2025-03-08,completed,cash_on_delivery,app
O00025,C0028,2025-04-28,completed,wallet,web
O00026,C0029,2025-11-09,completed,wallet,web
O00027,C0031,2025-11-14,completed,cash_on_delivery,web
O00028,C0032,2025-11-11,completed,card,web
O00029,C0033,2025-12-05,completed,cash_on_delivery,web
O00030,C0034,2025-04-18,completed,card,app
O00031,C0035,2025-10-13,completed,card,web
O00032,C0036,2025-07-04,completed,card,web
O00033,C0037,2025-10-14,completed,card,app
O00034,C0038,2025-11-20,completed,card,web
O00035,C0039,2025-07-11,completed,cash_on_delivery,app
O00036,C0040,2025-02-13,cancelled,wallet,app
O00037,C0042,2025-04-14,completed,card,app
O00038,C0043,2025-08-11,cancelled,cash_on_delivery,web
O00039,C0044,2025-06-10,completed,card,app
O00040,C0045,2025-08-21,completed,card,app
O00041,C0047,2025-06-18,completed,wallet,app
O00042,C0048,2025-11-14,completed,card,app
O00043,C0049,2025-06-26,completed,card,app
O00044,C0050,2025-02-02,completed,wallet,app
O00045,C0051,2025-03-07,completed,card,app
O00046,C0052,2025-10-14,completed,wallet,web
O00047,C0053,2025-06-07,completed,cash_on_delivery,web
O00048,C0054,2025-06-06,completed,wallet,app
O00049,C0055,2025-08-23,completed,cash_on_delivery,app
O00050,C0056,2025-11-26,cancelled,wallet,app
O00051,C0057,2025-03-13,completed,cash_on_delivery,app
O00052,C0058,2025-05-29,completed,wallet,web
O00053,C0060,2025-09-02,completed,card,app
O00054,C0061,2025-06-06,completed,wallet,app
O00055,C0062,2025-11-10,completed,wallet,app
O00056,C0063,2025-10-01,completed,wallet,web
O00057,C0064,2025-11-08,completed,card,web
O00058,C0065,2025-02-28,completed,card,app
O00059,C0066,2025-01-01,completed,card,app
O00060,C0068,2025-11-19,completed,card,app
O00061,C0069,2025-11-20,cancelled,cash_on_delivery,web
O00062,C0070,2025-03-12,completed,card,web
O00063,C0071,2025-10-02,completed,card,web
O00064,C0072,2025-06-21,completed,cash_on_delivery,web
O00065,C0073,2025-12-28,pending,card,web
O00066,C0075,2025-01-12,completed,wallet,web
O00067,C0076,2025-05-05,completed,cash_on_delivery,web
O00068,C0077,2025-09-12,completed,card,app
O00069,C0078,2025-07-05,completed,wallet,web
O00070,C0079,2025-07-02,completed,card,web
O00071,C0080,2025-12-19,completed,wallet,app
O00072,C0081,2025-05-10,completed,card,app
O00073,C0082,2025-09-18,completed,card,app
O00074,C0083,2025-09-18,completed,card,web
O00075,C0084,2025-02-13,completed,card,web
O00076,C0085,2025-04-20,completed,wallet,web
O00077,C0086,2025-05-03,completed,cash_on_delivery,app
O00078,C0087,2025-08-18,completed,card,web
O00079,C0088,2025-07-14,completed,wallet,web
O00080,C0089,2025-10-02,pending,wallet,app
O00081,C0090,2025-10-27,completed,cash_on_delivery,app
O00082,C0091,2025-03-16,completed,card,app
O00083,C0092,2025-12-14,cancelled,card,web
O00084,C0093,2025-11-05,completed,card,web
O00085,C0094,2025-03-19,completed,card,app
O00086,C0095,2025-10-07,completed,cash_on_delivery,web
O00087,C0096,2025-11-27,completed,cash_on_delivery,app
O00088,C0097,2025-03-20,completed,wallet,app
O00089,C0098,2025-04-13,cancelled,wallet,web
O00090,C0099,2025-05-19,completed,cash_on_delivery,app
O00091,C0100,2025-08-10,completed,card,web
O00092,C0101,2025-05-14,completed,cash_on_delivery,web
O00093,C0102,2025-05-17,completed,cash_on_delivery,app
O00094,C0103,2025-07-27,completed,wallet,app
O00095,C0105,2025-03-03,completed,cash_on_delivery,app
O00096,C0106,2025-12-28,completed,wallet,app
O00097,C0107,2025-03-07,cancelled,cash_on_delivery,web
O00098,C0109,2025-01-25,cancelled,cash_on_delivery,app
O00099,C0110,2025-12-26,completed,card,app
O00100,C0112,2025-12-31,pending,card,app
O00101,C0113,2025-10-03,completed,cash_on_delivery,web
O00102,C0114,2025-05-19,completed,card,app
O00103,C0115,2025-05-26,completed,card,web
O00104,C0116,2025-03-22,completed,cash_on_delivery,app
O00105,C0118,2025-03-13,completed,card,app
O00106,C0119,2025-07-14,cancelled,card,web
O00107,C0120,2025-12-25,pending,card,web
O00108,C0121,2025-03-16,completed,card,web
O00109,C0122,2025-01-10,completed,card,web
O00110,C0123,2025-08-26,completed,cash_on_delivery,web
O00111,C0124,2025-11-24,completed,card,app
O00112,C0125,2025-07-06,completed,cash_on_delivery,web
O00113,C0126,2025-09-13,completed,wallet,app
O00114,C0127,2025-10-24,completed,cash_on_delivery,app
O00115,C0128,2025-10-19,completed,card,app
O00116,C0129,2025-01-07,cancelled,card,web
O00117,C0130,2025-05-18,completed,card,web
O00118,C0131,2025-12-24,pending,card,app
O00119,C0133,2025-11-25,completed,cash_on_delivery,app
O00120,C0134,2025-11-01,completed,card,app
O03419,C1305,2025-11-19,completed,card,web
O00121,C0135,2025-03-31,completed,card,web
O00122,C0136,2025-12-15,completed,cash_on_delivery,web
O00123,C0137,2025-11-04,completed,cash_on_delivery,web
O00124,C0138,2025-05-01,completed,card,web
O00125,C0139,2025-10-23,completed,wallet,app
O00126,C0140,2025-09-13,completed,cash_on_delivery,app
O00127,C0142,2025-09-18,completed,cash_on_delivery,app
O00128,C0143,2025-07-01,completed,cash_on_delivery,app
O00129,C0144,2025-03-18,completed,card,app
O00130,C0145,2025-11-08,completed,cash_on_delivery,app
O00131,C0146,2025-10-07,completed,card,app
O00132,C0147,2025-05-27,cancelled,card,web
O00133,C0148,2025-07-12,completed,card,app
O00134,C0149,2025-09-14,completed,wallet,web
O00135,C0150,2025-03-04,completed,card,web
O00136,C0151,2025-11-24,completed,card,web
O00137,C0152,2025-06-10,completed,card,app
O00138,C0153,2025-07-19,completed,wallet,web
O00139,C0154,2025-09-16,completed,cash_on_delivery,app
O00140,C0155,2025-11-12,completed,cash_on_delivery,app
O00141,C0156,2025-03-14,completed,card,app
O00142,C0157,2025-12-06,completed,card,web
O00143,C0158,2025-11-08,completed,wallet,web
O00144,C0159,2025-10-10,completed,cash_on_delivery,app
O00145,C0160,2025-06-16,completed,cash_on_delivery,web
O00146,C0161,2025-12-07,completed,wallet,web
O00147,C0162,2025-11-22,completed,wallet,web
O00148,C0163,2025-01-19,completed,card,app
O00149,C0164,2025-05-21,completed,wallet,web
O00150,C0165,2025-02-26,cancelled,card,app
O00151,C0166,2025-01-16,completed,card,web
O00152,C0167,2025-07-09,completed,card,web
O00153,C0168,2025-03-04,completed,card,web
O00154,C0169,2025-05-16,completed,card,web
O00155,C0170,2025-03-30,completed,wallet,app
O00156,C0171,2025-05-28,returned,card,app
O00157,C0172,2025-11-03,completed,card,web
O00158,C0173,2025-10-27,completed,cash_on_delivery,web
O00159,C0174,2025-01-22,completed,wallet,app
O00160,C0175,2025-07-03,completed,card,app
O00161,C0176,2025-05-27,completed,cash_on_delivery,web
O00162,C0177,2025-12-23,completed,cash_on_delivery,app
O00163,C0178,2025-05-06,completed,card,app
O00164,C0179,2025-03-24,completed,card,app
O00165,C0181,2025-12-04,completed,card,web
O00166,C0182,2025-11-11,completed,card,app
O00167,C0183,2025-06-25,returned,wallet,app
O00168,C0184,2025-02-23,completed,wallet,app
O00169,C0185,2025-10-02,completed,cash_on_delivery,app
O00170,C0186,2025-12-18,completed,card,web
O00171,C0187,2025-07-21,completed,card,app
O00172,C0188,2025-12-19,completed,wallet,app
O00173,C0189,2025-10-23,completed,card,app
O00174,C0190,2025-07-19,completed,card,web
O00175,C0191,2025-03-27,cancelled,card,app
O00176,C0192,2025-02-09,completed,card,web
O00177,C0193,2025-02-07,pending,card,web
O00178,C0194,2025-11-29,cancelled,card,web
O00179,C0195,2025-11-06,completed,card,app
O00180,C0196,2025-09-23,completed,card,app
O00181,C0197,2025-07-06,returned,cash_on_delivery,app
O00182,C0198,2025-02-02,pending,wallet,web
O00183,C0199,2025-09-21,cancelled,wallet,web
O00184,C0200,2025-04-23,completed,cash_on_delivery,app
O00185,C0201,2025-02-16,completed,cash_on_delivery,app
O00186,C0202,2025-10-08,completed,card,web
O00187,C0203,2025-03-15,completed,card,app
O00188,C0204,2025-10-31,completed,cash_on_delivery,app
O00189,C0205,2025-06-24,completed,card,app
O00190,C0206,2025-12-06,completed,cash_on_delivery,app
O00191,C0207,2025-07-17,completed,card,web
O00192,C0208,2025-08-15,completed,wallet,app
O00193,C0209,2025-01-25,returned,cash_on_delivery,app
O00194,C0210,2025-04-20,completed,cash_on_delivery,app
O00195,C0211,2025-01-29,returned,wallet,app
O00196,C0212,2025-06-03,completed,card,web
O00197,C0214,2025-08-09,completed,card,app
O00198,C0215,2025-03-03,completed,cash_on_delivery,app
O00199,C0216,2025-10-10,pending,card,app
O00200,C0217,2025-01-11,completed,card,web
O00201,C0218,2025-07-16,returned,cash_on_delivery,web
O00202,C0219,2025-11-09,completed,card,app
O00203,C0220,2025-03-28,returned,cash_on_delivery,app
O00204,C0222,2025-12-14,completed,cash_on_delivery,app
O00205,C0223,2025-01-26,completed,cash_on_delivery,app
O00206,C0224,2025-08-05,cancelled,cash_on_delivery,app
O00207,C0225,2025-05-01,completed,card,web
O00208,C0226,2025-12-19,completed,cash_on_delivery,web
O00209,C0227,2025-10-07,completed,cash_on_delivery,web
O00210,C0228,2025-02-15,completed,card,web
O00211,C0229,2025-02-13,completed,wallet,app
O00212,C0230,2025-08-25,completed,card,app
O00213,C0231,2025-02-18,completed,cash_on_delivery,app
O00214,C0232,2025-02-17,completed,wallet,web
O00215,C0233,2025-03-04,completed,card,app
O00216,C0234,2025-01-06,completed,card,web
O00217,C0235,2025-01-05,completed,wallet,app
O00218,C0236,2025-06-30,completed,cash_on_delivery,app
O00219,C0237,2025-02-17,completed,wallet,app
O00220,C0238,2025-09-08,pending,wallet,app
O00221,C0239,2025-11-23,completed,cash_on_delivery,web
O00222,C0240,2025-03-16,returned,wallet,app
O00223,C0241,2025-02-27,completed,cash_on_delivery,app
O00224,C0242,2025-10-07,completed,cash_on_delivery,web
O00225,C0243,2025-09-02,completed,cash_on_delivery,web
O00226,C0244,2025-12-26,completed,wallet,app
O00227,C0245,2025-10-01,completed,cash_on_delivery,app
O00228,C0247,2025-07-02,cancelled,cash_on_delivery,web
O00229,C0248,2025-04-16,completed,wallet,web
O00230,C0249,2025-05-15,completed,card,web
O00231,C0250,2025-12-14,returned,wallet,web
O00232,C0251,2025-06-11,completed,card,app
O00233,C0252,2025-05-06,completed,card,web
O00234,C0253,2025-01-23,completed,card,web
O00235,C0254,2025-11-25,completed,card,web
O00236,C0255,2025-08-26,pending,wallet,app
O00237,C0256,2025-07-13,cancelled,card,app
O00238,C0257,2025-11-04,cancelled,card,web
O00239,C0258,2025-08-07,cancelled,card,web
O00240,C0259,2025-09-28,cancelled,card,web
O00241,C0260,2025-12-22,completed,card,app
O00242,C0261,2025-12-21,completed,card,web
O00243,C0262,2025-10-21,completed,cash_on_delivery,web
O00244,C0263,2025-01-31,pending,card,web
O00245,C0264,2025-01-13,completed,wallet,app
O00246,C0265,2025-09-02,completed,card,web
O00247,C0266,2025-12-25,pending,card,web
O00248,C0267,2025-05-31,completed,card,web
O00249,C0268,2025-08-12,returned,card,web
O00250,C0269,2025-08-03,completed,card,app
O00251,C0270,2025-04-29,completed,card,web
O00252,C0271,2025-12-31,completed,card,web
O00253,C0272,2025-05-14,completed,cash_on_delivery,app
O00254,C0273,2025-03-21,completed,card,app
O00255,C0274,2025-07-04,returned,card,app
O00256,C0275,2025-09-06,returned,cash_on_delivery,app
O00257,C0276,2025-09-11,completed,card,web
O00258,C0277,2025-03-01,completed,cash_on_delivery,app
O00259,C0279,2025-09-16,completed,wallet,web
O00260,C0280,2025-08-07,completed,card,web
O00261,C0281,2025-03-02,completed,card,app
O00262,C0282,2025-12-26,completed,wallet,web
O00263,C0283,2025-09-24,completed,cash_on_delivery,app
O00264,C0284,2025-09-19,completed,card,app
O00265,C0285,2025-10-08,completed,cash_on_delivery,app
O00266,C0286,2025-10-13,completed,cash_on_delivery,app
O00267,C0287,2025-06-21,completed,card,app
O00268,C0288,2025-11-08,completed,wallet,app
O00269,C0289,2025-07-18,completed,cash_on_delivery,app
O00270,C0290,2025-04-25,completed,cash_on_delivery,app
O00271,C0293,2025-06-15,completed,cash_on_delivery,app
O00272,C0294,2025-11-28,cancelled,wallet,app
O00273,C0295,2025-09-27,cancelled,wallet,web
O00274,C0296,2025-08-12,completed,wallet,app
O00275,C0297,2025-08-10,pending,card,app
O00276,C0298,2025-07-29,completed,card,app
O00277,C0299,2025-12-24,completed,wallet,app
O00278,C0300,2025-08-29,completed,cash_on_delivery,app
O00279,C0301,2025-09-12,completed,wallet,app
O00280,C0302,2025-04-08,cancelled,wallet,web
O00281,C0304,2025-06-06,completed,cash_on_delivery,app
O00282,C0305,2025-02-13,completed,wallet,app
O00283,C0306,2025-02-24,completed,wallet,app
O00284,C0307,2025-05-30,completed,card,app
O00285,C0308,2025-09-16,completed,card,app
O00286,C0309,2025-04-18,completed,card,web
O00287,C0310,2025-01-12,returned,card,app
O00288,C0311,2025-09-20,completed,cash_on_delivery,app
O00289,C0312,2025-12-03,completed,card,web
O00290,C0313,2025-12-23,completed,cash_on_delivery,web
O00291,C0314,2025-07-06,completed,cash_on_delivery,app
O00292,C0315,2025-07-01,completed,card,app
O00293,C0316,2025-03-15,pending,wallet,web
O00294,C0317,2025-05-19,completed,cash_on_delivery,web
O00295,C0318,2025-06-14,completed,cash_on_delivery,web
O00296,C0321,2025-11-05,completed,card,app
O00297,C0322,2025-02-15,pending,cash_on_delivery,web
O00298,C0323,2025-12-07,completed,card,app
O00299,C0324,2025-10-15,completed,card,web
O00300,C0325,2025-03-17,pending,card,app
O00301,C0326,2025-04-17,completed,card,web
O00302,C0327,2025-06-26,completed,card,web
O00303,C0328,2025-05-10,completed,card,app
O00304,C0329,2025-11-30,completed,card,app
O00305,C0331,2025-01-23,completed,wallet,app
O00306,C0332,2025-02-21,pending,card,web
O00307,C0333,2025-07-05,completed,wallet,app
O00308,C0334,2025-12-12,completed,wallet,web
O00309,C0335,2025-01-11,completed,card,app
O00310,C0336,2025-05-04,completed,cash_on_delivery,web
O00311,C0337,2025-12-18,completed,cash_on_delivery,app
O00312,C0338,2025-10-09,completed,cash_on_delivery,app
O00313,C0339,2025-12-07,completed,cash_on_delivery,app
O00314,C0340,2025-03-15,completed,cash_on_delivery,app
O00315,C0341,2025-05-15,completed,wallet,web
O00316,C0343,2025-05-15,completed,card,app
O00317,C0344,2025-10-20,completed,card,web
O00318,C0346,2025-06-05,completed,card,web
O00319,C0347,2025-07-22,completed,wallet,web
O00320,C0348,2025-08-27,completed,wallet,app
O00321,C0350,2025-08-26,completed,card,app
O00322,C0351,2025-01-16,cancelled,cash_on_delivery,web
O00323,C0352,2025-06-09,completed,cash_on_delivery,app
O00324,C0353,2025-07-15,completed,cash_on_delivery,app
O00325,C0354,2025-11-30,completed,card,app
O00326,C0355,2025-12-23,pending,cash_on_delivery,web
O00327,C0356,2025-06-04,completed,card,web
O00328,C0357,2025-12-12,completed,cash_on_delivery,app
O00329,C0358,2025-07-06,completed,card,web
O00330,C0360,2025-03-25,cancelled,wallet,web
O00331,C0361,2025-03-31,completed,card,app
O00332,C0362,2025-09-27,pending,wallet,web
O00333,C0363,2025-08-27,completed,wallet,web
O00334,C0364,2025-11-14,completed,cash_on_delivery,app
O00335,C0365,2025-06-07,completed,card,app
O00336,C0366,2025-12-25,completed,wallet,app
O00337,C0367,2025-01-02,completed,card,app
O00338,C0368,2025-05-09,completed,card,app
O00339,C0369,2025-12-24,completed,cash_on_delivery,app
O00340,C0370,2025-10-14,completed,card,app
O00341,C0371,2025-10-16,cancelled,wallet,app
O00342,C0372,2025-11-28,cancelled,cash_on_delivery,app
O00343,C0373,2025-03-07,completed,cash_on_delivery,app
O00344,C0374,2025-08-08,pending,card,web
O00345,C0375,2025-05-19,completed,card,app
O00346,C0376,2025-12-12,completed,cash_on_delivery,app
O00347,C0377,2025-08-06,completed,wallet,app
O00348,C0378,2025-02-18,pending,card,app
O00349,C0379,2025-04-01,completed,card,app
O00350,C0380,2025-12-11,completed,cash_on_delivery,app
O00351,C0381,2025-05-04,completed,cash_on_delivery,app
O00352,C0382,2025-02-21,completed,card,app
O00353,C0383,2025-03-24,completed,card,app
O00354,C0384,2025-08-24,completed,card,app
O00355,C0385,2025-09-06,completed,wallet,app
O00356,C0386,2025-12-10,completed,card,web
O00357,C0387,2025-03-11,completed,cash_on_delivery,app
O00358,C0388,2025-08-02,completed,wallet,web
O00359,C0389,2025-11-25,completed,card,app
O00360,C0390,2025-10-29,completed,card,app
O00361,C0391,2025-09-03,completed,card,web
O00362,C0392,2025-04-09,completed,wallet,app
O00363,C0394,2025-10-18,completed,cash_on_delivery,web
O00364,C0395,2025-10-31,completed,card,web
O00365,C0396,2025-04-16,completed,card,web
O00366,C0397,2025-11-14,cancelled,wallet,web
O00367,C0398,2025-08-08,completed,card,app
O00368,C0399,2025-11-25,returned,card,web
O00369,C0400,2025-05-06,completed,cash_on_delivery,app
O00370,C0401,2025-05-21,completed,card,app
O00371,C0402,2025-12-01,completed,wallet,web
O00372,C0403,2025-06-02,completed,wallet,web
O00373,C0404,2025-09-04,returned,cash_on_delivery,app
O00374,C0405,2025-06-27,completed,cash_on_delivery,app
O00375,C0406,2025-11-13,completed,card,app
O00376,C0407,2025-12-18,completed,card,web
O00377,C0408,2025-11-14,completed,card,app
O00378,C0409,2025-04-17,completed,card,app
O00379,C0411,2025-12-08,completed,wallet,web
O00380,C0412,2025-08-11,completed,wallet,web
O00381,C0414,2025-11-29,completed,card,web
O00382,C0415,2025-04-03,completed,card,web
O00383,C0416,2025-06-25,pending,card,app
O00384,C0417,2025-03-29,cancelled,card,app
O00385,C0418,2025-12-02,completed,wallet,web
O00386,C0419,2025-10-19,completed,wallet,web
O00387,C0421,2025-04-08,completed,cash_on_delivery,app
O00388,C0422,2025-06-04,completed,wallet,app
O00389,C0423,2025-11-02,completed,card,web
O00390,C0424,2025-07-09,completed,card,app
O00391,C0425,2025-12-24,pending,wallet,app
O00392,C0426,2025-11-13,completed,cash_on_delivery,web
O00393,C0427,2025-04-07,completed,cash_on_delivery,app
O00394,C0429,2025-03-06,returned,card,web
O00395,C0430,2025-10-08,completed,cash_on_delivery,app
O00396,C0431,2025-03-03,completed,cash_on_delivery,web
O00397,C0433,2025-06-09,completed,cash_on_delivery,web
O00398,C0434,2025-01-12,completed,wallet,app
O00399,C0435,2025-11-10,completed,wallet,web
O00400,C0436,2025-02-06,completed,wallet,app
O00401,C0437,2025-10-19,completed,cash_on_delivery,web
O00402,C0439,2025-03-04,completed,card,web
O00403,C0440,2025-01-16,completed,card,app
O00404,C0441,2025-11-30,pending,wallet,web
O00405,C0442,2025-06-27,cancelled,cash_on_delivery,app
O00406,C0443,2025-05-14,completed,cash_on_delivery,app
O00407,C0444,2025-11-08,cancelled,cash_on_delivery,app
O00408,C0445,2025-10-05,completed,cash_on_delivery,app
O00409,C0446,2025-11-19,cancelled,card,web
O00410,C0447,2025-05-31,completed,wallet,web
O00411,C0448,2025-05-23,completed,cash_on_delivery,web
O00412,C0449,2025-05-13,completed,card,app
O00413,C0450,2025-04-05,completed,card,app
O00414,C0451,2025-03-16,cancelled,wallet,app
O00415,C0452,2025-11-01,completed,wallet,app
O00416,C0453,2025-10-20,completed,cash_on_delivery,app
O00417,C0454,2025-04-15,returned,card,app
O00418,C0455,2025-12-02,completed,cash_on_delivery,web
O00419,C0456,2025-09-24,completed,card,app
O00420,C0458,2025-09-13,completed,cash_on_delivery,web
O00421,C0459,2025-05-22,returned,card,app
O00422,C0460,2025-12-15,cancelled,card,app
O00423,C0461,2025-06-27,completed,card,app
O00424,C0463,2025-08-27,completed,card,app
O00425,C0464,2025-01-29,pending,card,app
O00426,C0465,2025-06-07,completed,wallet,app
O00427,C0466,2025-06-01,completed,card,app
O00428,C0467,2025-05-11,cancelled,card,app
O00429,C0468,2025-06-22,completed,card,web
O00430,C0469,2025-10-13,pending,wallet,app
O00431,C0470,2025-09-12,completed,card,app
O00432,C0471,2025-04-24,completed,card,web
O00433,C0473,2025-03-31,completed,card,web
O00434,C0474,2025-07-30,completed,card,web
O00435,C0475,2025-06-05,completed,wallet,app
O00436,C0476,2025-05-30,completed,cash_on_delivery,web
O00437,C0478,2025-10-31,cancelled,card,web
O00438,C0479,2025-12-14,completed,card,app
O00439,C0480,2025-08-10,completed,card,web
O00440,C0482,2025-04-27,completed,card,app
O00441,C0483,2025-01-09,completed,wallet,web
O00442,C0484,2025-11-30,completed,card,app
O00443,C0486,2025-03-19,completed,card,app
O00444,C0487,2025-10-14,completed,wallet,app
O00445,C0488,2025-01-12,completed,card,app
O00446,C0489,2025-12-06,completed,wallet,web
O00447,C0490,2025-12-06,completed,card,web
O00448,C0491,2025-08-16,completed,card,app
O00449,C0493,2025-11-10,cancelled,cash_on_delivery,web
O00450,C0495,2025-11-05,completed,cash_on_delivery,app
O00451,C0496,2025-11-09,completed,cash_on_delivery,web
O00452,C0497,2025-11-20,completed,card,web
O00453,C0498,2025-12-04,completed,wallet,app
O00454,C0499,2025-02-10,completed,wallet,app
O00455,C0500,2025-09-08,completed,card,app
O00456,C0501,2025-10-19,completed,card,app
O00457,C0502,2025-12-31,completed,card,app
O00458,C0503,2025-11-17,completed,wallet,web
O00459,C0504,2025-03-03,completed,wallet,web
O00460,C0505,2025-08-28,completed,card,web
O00461,C0506,2025-08-24,cancelled,card,web
O00462,C0507,2025-04-28,completed,cash_on_delivery,app
O00463,C0508,2025-07-26,completed,cash_on_delivery,app
O00464,C0509,2025-12-24,pending,wallet,app
O00465,C0510,2025-10-06,completed,card,web
O00466,C0511,2025-04-19,returned,card,app
O00467,C0512,2025-11-19,completed,card,web
O00468,C0513,2025-07-23,completed,cash_on_delivery,app
O00469,C0514,2025-08-03,completed,card,web
O00470,C0515,2025-12-09,completed,cash_on_delivery,web
O00471,C0516,2025-11-04,completed,wallet,web
O00472,C0517,2025-06-08,completed,wallet,app
O00473,C0518,2025-09-27,completed,card,app
O00474,C0520,2025-03-16,completed,card,web
O00475,C0521,2025-09-28,cancelled,card,app
O00476,C0522,2025-12-19,completed,card,web
O00477,C0523,2025-12-08,completed,card,web
O00478,C0524,2025-02-28,pending,wallet,app
O00479,C0525,2025-12-22,completed,card,app
O00480,C0526,2025-04-15,completed,card,web
O00481,C0527,2025-03-01,completed,cash_on_delivery,app
O00482,C0528,2025-12-04,completed,cash_on_delivery,web
O00483,C0529,2025-08-07,cancelled,cash_on_delivery,app
O00484,C0530,2025-12-01,completed,wallet,web
O00485,C0531,2025-02-09,pending,card,app
O00486,C0532,2025-07-18,completed,card,app
O00487,C0533,2025-12-30,completed,card,app
O00488,C0534,2025-09-14,completed,cash_on_delivery,web
O00489,C0535,2025-12-10,completed,cash_on_delivery,web
O00490,C0536,2025-06-01,completed,card,app
O00491,C0537,2025-01-19,completed,card,app
O00492,C0538,2025-11-30,completed,card,app
O00493,C0540,2025-09-22,completed,cash_on_delivery,app
O00494,C0541,2025-11-18,completed,cash_on_delivery,app
O00495,C0542,2025-01-24,completed,card,web
O00496,C0543,2025-12-24,pending,cash_on_delivery,web
O00497,C0544,2025-09-01,completed,cash_on_delivery,app
O00498,C0545,2025-04-15,completed,card,app
O00499,C0546,2025-08-22,returned,wallet,app
O00500,C0547,2025-08-30,completed,cash_on_delivery,app
O00501,C0548,2025-04-26,completed,wallet,app
O00502,C0549,2025-11-12,completed,card,app
O00503,C0550,2025-09-29,completed,wallet,app
O00504,C0551,2025-03-24,completed,card,web
O00505,C0552,2025-07-23,completed,card,app
O00506,C0553,2025-09-29,completed,card,app
O00507,C0554,2025-09-03,completed,wallet,app
O00508,C0555,2025-09-24,completed,cash_on_delivery,app
O00509,C0556,2025-05-21,completed,wallet,app
O00510,C0557,2025-02-07,completed,card,app
O00511,C0558,2025-07-03,completed,card,app
O00512,C0559,2025-06-08,completed,wallet,app
O00513,C0560,2025-12-10,cancelled,cash_on_delivery,app
O00514,C0561,2025-09-12,completed,card,web
O00515,C0562,2025-10-15,completed,card,app
O00516,C0563,2025-10-03,completed,card,web
O00517,C0564,2025-01-30,completed,card,web
O00518,C0565,2025-12-09,completed,card,web
O00519,C0566,2025-03-25,completed,card,app
O00520,C0567,2025-11-11,completed,cash_on_delivery,app
O00521,C0568,2025-02-24,completed,card,app
O00522,C0569,2025-07-22,completed,wallet,web
O00523,C0570,2025-10-21,completed,wallet,app
O00524,C0571,2025-02-02,completed,wallet,web
O00525,C0572,2025-11-07,completed,card,app
O00526,C0573,2025-11-01,returned,card,app
O00527,C0574,2025-09-06,cancelled,wallet,web
O00528,C0575,2025-11-01,completed,wallet,app
O00529,C0577,2025-12-05,completed,card,app
O00530,C0578,2025-12-01,completed,card,app
O00531,C0579,2025-03-14,cancelled,card,app
O00532,C0580,2025-05-09,completed,card,app
O00533,C0581,2025-08-29,completed,cash_on_delivery,app
O00534,C0582,2025-02-25,completed,card,app
O00535,C0583,2025-10-12,pending,card,app
O00536,C0584,2025-03-09,completed,card,app
O00537,C0585,2025-09-13,completed,wallet,app
O00538,C0586,2025-03-14,completed,card,app
O00539,C0587,2025-04-11,completed,cash_on_delivery,app
O00540,C0588,2025-02-04,completed,card,app
O00541,C0589,2025-12-24,pending,cash_on_delivery,app
O00542,C0590,2025-05-27,completed,cash_on_delivery,app
O00543,C0591,2025-01-31,cancelled,wallet,web
O00544,C0592,2025-03-27,cancelled,cash_on_delivery,web
O00545,C0594,2025-11-19,completed,cash_on_delivery,web
O00546,C0596,2025-08-08,completed,cash_on_delivery,web
O00547,C0597,2025-04-29,completed,card,app
O00548,C0598,2025-12-15,pending,card,web
O00549,C0599,2025-10-03,completed,wallet,web
O00550,C0600,2025-06-30,completed,cash_on_delivery,app
O00551,C0601,2025-11-16,completed,card,app
O00552,C0602,2025-10-29,completed,card,app
O00553,C0603,2025-09-24,pending,card,web
O00554,C0604,2025-02-22,completed,cash_on_delivery,web
O00555,C0605,2025-06-24,completed,wallet,app
O00556,C0606,2025-07-16,completed,card,web
O00557,C0607,2025-05-27,completed,wallet,app
O00558,C0608,2025-12-14,returned,cash_on_delivery,app
O00559,C0609,2025-07-02,completed,card,app
O00560,C0610,2025-10-25,completed,card,app
O00561,C0611,2025-08-30,completed,card,web
O00562,C0612,2025-06-04,completed,card,web
O00563,C0613,2025-02-24,completed,card,web
O00564,C0614,2025-12-19,completed,cash_on_delivery,app
O00565,C0615,2025-02-16,cancelled,cash_on_delivery,web
O00566,C0617,2025-07-30,returned,card,app
O00567,C0618,2025-02-11,returned,wallet,app
O00568,C0619,2025-08-24,completed,card,app
O00569,C0620,2025-01-15,returned,wallet,app
O00570,C0621,2025-02-03,completed,wallet,app
O00571,C0622,2025-11-17,completed,card,web
O00572,C0623,2025-11-08,cancelled,wallet,web
O00573,C0624,2025-12-04,completed,wallet,app
O00574,C0625,2025-07-10,returned,cash_on_delivery,app
O00575,C0626,2025-11-16,completed,cash_on_delivery,web
O00576,C0627,2025-07-19,returned,wallet,web
O00577,C0629,2025-09-24,completed,cash_on_delivery,app
O00578,C0630,2025-09-27,pending,wallet,web
O00579,C0631,2025-06-08,completed,wallet,web
O00580,C0632,2025-07-05,completed,card,app
O00581,C0633,2025-11-09,cancelled,cash_on_delivery,web
O00582,C0634,2025-01-14,pending,card,app
O00583,C0635,2025-02-21,completed,card,web
O00584,C0636,2025-11-16,completed,wallet,app
O00585,C0637,2025-02-01,completed,card,app
O00586,C0638,2025-09-14,completed,cash_on_delivery,web
O00587,C0639,2025-12-09,completed,cash_on_delivery,web
O00588,C0640,2025-11-05,completed,card,web
O00589,C0643,2025-08-03,pending,card,app
O00590,C0644,2025-08-12,completed,wallet,app
O00591,C0645,2025-11-24,pending,card,app
O00592,C0646,2025-03-30,completed,wallet,app
O00593,C0647,2025-06-01,completed,cash_on_delivery,web
O00594,C0650,2025-12-08,completed,cash_on_delivery,web
O00595,C0652,2025-12-17,completed,card,app
O00596,C0653,2025-05-27,completed,card,web
O00597,C0654,2025-05-06,completed,card,web
O00598,C0655,2025-07-22,completed,cash_on_delivery,app
O00599,C0656,2025-04-22,completed,cash_on_delivery,web
O00600,C0657,2025-04-12,pending,card,app
O00601,C0658,2025-06-30,pending,cash_on_delivery,app
O00602,C0659,2025-03-08,completed,cash_on_delivery,app
O00603,C0660,2025-12-04,completed,cash_on_delivery,web
O00604,C0661,2025-02-13,completed,cash_on_delivery,app
O00605,C0662,2025-03-29,completed,card,web
O00606,C0663,2025-01-02,completed,card,app
O00607,C0664,2025-04-21,completed,cash_on_delivery,app
O00608,C0665,2025-12-15,completed,wallet,web
O00609,C0666,2025-06-27,completed,cash_on_delivery,app
O00610,C0667,2025-11-26,pending,card,web
O00611,C0668,2025-09-04,cancelled,card,app
O00612,C0670,2025-11-18,pending,card,app
O00613,C0671,2025-10-29,completed,cash_on_delivery,web
O00614,C0673,2025-11-29,completed,card,app
O00615,C0674,2025-04-23,completed,card,app
O00616,C0675,2025-12-15,completed,card,web
O00617,C0676,2025-12-06,completed,wallet,app
O00618,C0677,2025-09-07,completed,card,app
O00619,C0678,2025-08-30,completed,cash_on_delivery,web
O00620,C0679,2025-05-08,completed,card,app
O00621,C0680,2025-06-18,returned,card,app
O00622,C0681,2025-05-12,completed,cash_on_delivery,app
O00623,C0684,2025-07-22,returned,card,app
O00624,C0685,2025-12-11,completed,wallet,web
O00625,C0686,2025-04-06,returned,cash_on_delivery,app
O00626,C0687,2025-07-28,completed,cash_on_delivery,app
O00627,C0688,2025-01-08,completed,card,web
O00628,C0689,2025-12-29,pending,cash_on_delivery,app
O00629,C0690,2025-11-26,completed,card,web
O00630,C0691,2025-07-30,completed,cash_on_delivery,web
O03904,C1183,2025-04-07,completed,card,web
O00631,C0692,2025-07-30,completed,cash_on_delivery,app
O00632,C0693,2025-12-06,completed,card,web
O00633,C0694,2025-02-22,completed,cash_on_delivery,app
O00634,C0695,2025-06-18,completed,wallet,web
O00635,C0696,2025-03-16,completed,card,app
O00636,C0697,2025-09-08,completed,cash_on_delivery,app
O00637,C0698,2025-10-02,cancelled,card,app
O00638,C0699,2025-11-11,completed,cash_on_delivery,app
O00639,C0700,2025-03-29,completed,wallet,app
O00640,C0701,2025-12-22,completed,card,app
O00641,C0702,2025-01-16,completed,card,web
O00642,C0703,2025-05-04,completed,wallet,app
O00643,C0704,2025-10-28,completed,card,app
O00644,C0706,2025-11-15,completed,wallet,web
O00645,C0707,2025-12-13,completed,card,app
O00646,C0709,2025-07-07,completed,card,app
O00647,C0710,2025-07-15,completed,card,app
O00648,C0711,2025-06-04,completed,card,web
O00649,C0712,2025-09-10,completed,cash_on_delivery,app
O00650,C0713,2025-04-13,completed,cash_on_delivery,app
O00651,C0714,2025-12-25,completed,cash_on_delivery,app
O00652,C0715,2025-07-01,completed,card,app
O00653,C0716,2025-09-07,completed,card,app
O00654,C0717,2025-09-09,cancelled,wallet,web
O00655,C0718,2025-09-16,completed,card,app
O00656,C0719,2025-11-22,completed,wallet,app
O00657,C0720,2025-09-08,completed,card,app
O00658,C0721,2025-06-09,completed,card,web
O00659,C0722,2025-04-08,completed,card,web
O00660,C0723,2025-03-25,cancelled,card,app
O00661,C0724,2025-09-05,completed,card,web
O00662,C0725,2025-06-13,completed,cash_on_delivery,web
O00663,C0726,2025-10-20,completed,cash_on_delivery,app
O00664,C0728,2025-12-27,pending,card,app
O00665,C0729,2025-03-04,completed,card,app
O00666,C0730,2025-12-25,pending,cash_on_delivery,web
O00667,C0731,2025-03-12,completed,cash_on_delivery,app
O00668,C0732,2025-04-15,completed,wallet,app
O00669,C0734,2025-03-25,completed,card,web
O00670,C0735,2025-12-25,completed,cash_on_delivery,app
O00671,C0736,2025-02-02,completed,card,app
O00672,C0737,2025-08-26,completed,cash_on_delivery,app
O00673,C0738,2025-02-25,completed,card,web
O00674,C0739,2025-01-07,completed,cash_on_delivery,app
O00675,C0740,2025-04-06,completed,wallet,app
O00676,C0741,2025-01-02,cancelled,card,app
O00677,C0742,2025-11-17,completed,cash_on_delivery,app
O00678,C0743,2025-10-07,completed,wallet,app
O00679,C0744,2025-05-17,completed,cash_on_delivery,app
O00680,C0745,2025-09-06,completed,cash_on_delivery,web
O00681,C0746,2025-10-22,pending,cash_on_delivery,web
O01792,C0253,2025-05-31,completed,card,web
O00682,C0747,2025-10-05,completed,card,web
O00683,C0748,2025-07-06,cancelled,card,app
O00684,C0749,2025-01-12,completed,card,app
O00685,C0750,2025-07-17,completed,card,app
O00686,C0751,2025-06-13,completed,card,app
O00687,C0752,2025-06-26,completed,card,app
O00688,C0753,2025-08-09,completed,card,app
O00689,C0754,2025-11-14,completed,cash_on_delivery,web
O00690,C0755,2025-08-10,completed,wallet,app
O00691,C0756,2025-12-09,completed,wallet,web
O00692,C0757,2025-05-20,completed,wallet,web
O00693,C0758,2025-04-05,completed,card,web
O00694,C0759,2025-01-01,completed,wallet,app
O00695,C0760,2025-10-24,completed,wallet,app
O00696,C0761,2025-08-13,completed,cash_on_delivery,app
O00697,C0762,2025-11-25,completed,cash_on_delivery,web
O00698,C0763,2025-04-25,completed,wallet,web
O00699,C0764,2025-04-02,completed,wallet,app
O00700,C0765,2025-03-08,completed,card,web
O00701,C0766,2025-01-13,returned,card,app
O00702,C0770,2025-10-01,completed,card,app
O00703,C0772,2025-12-27,completed,cash_on_delivery,web
O00704,C0773,2025-12-10,completed,cash_on_delivery,web
O00705,C0774,2025-11-29,completed,card,app
O00706,C0775,2025-04-20,completed,cash_on_delivery,app
O00707,C0776,2025-08-08,completed,wallet,web
O00708,C0777,2025-07-16,completed,card,app
O00709,C0778,2025-06-30,pending,wallet,web
O00710,C0779,2025-05-04,pending,card,app
O00711,C0780,2025-04-26,completed,wallet,web
O00712,C0781,2025-06-03,completed,wallet,app
O00713,C0782,2025-10-11,completed,card,web
O00714,C0783,2025-03-09,cancelled,wallet,app
O00715,C0784,2025-06-05,completed,wallet,app
O00716,C0785,2025-10-13,completed,card,web
O00717,C0786,2025-01-25,completed,cash_on_delivery,app
O00718,C0787,2025-11-10,completed,wallet,web
O00719,C0788,2025-07-09,completed,card,app
O00720,C0789,2025-09-06,completed,card,app
O00721,C0790,2025-08-02,completed,card,app
O00722,C0791,2025-04-01,completed,wallet,app
O00723,C0792,2025-12-05,completed,card,web
O00724,C0793,2025-09-14,completed,cash_on_delivery,web
O00725,C0794,2025-06-11,returned,wallet,web
O00726,C0795,2025-09-11,pending,card,web
O00727,C0796,2025-11-19,completed,card,app
O00728,C0797,2025-09-11,completed,card,app
O00729,C0798,2025-11-14,pending,wallet,web
O00730,C0799,2025-10-15,completed,wallet,app
O00731,C0800,2025-06-09,completed,wallet,app
O00732,C0802,2025-05-07,returned,card,app
O00733,C0803,2025-08-18,pending,card,web
O00734,C0805,2025-11-28,completed,cash_on_delivery,app
O00735,C0806,2025-11-23,completed,cash_on_delivery,web
O00736,C0807,2025-01-01,completed,card,app
O00737,C0808,2025-12-27,pending,card,web
O00738,C0809,2025-02-07,completed,cash_on_delivery,app
O00739,C0810,2025-06-14,completed,wallet,app
O00740,C0812,2025-11-22,completed,card,web
O00741,C0813,2025-06-05,completed,cash_on_delivery,app
O00742,C0814,2025-01-20,completed,card,web
O00743,C0815,2025-09-18,completed,card,app
O00744,C0816,2025-06-24,completed,card,web
O00745,C0818,2025-10-17,pending,card,web
O00746,C0819,2025-11-13,completed,wallet,app
O00747,C0820,2025-02-10,completed,card,app
O00748,C0822,2025-11-14,completed,wallet,web
O00749,C0824,2025-06-26,returned,cash_on_delivery,web
O00750,C0825,2025-11-03,completed,cash_on_delivery,web
O00751,C0826,2025-08-27,completed,wallet,app
O00752,C0827,2025-02-08,completed,wallet,web
O00753,C0828,2025-11-09,completed,cash_on_delivery,web
O00754,C0829,2025-10-02,pending,card,app
O00755,C0830,2025-10-29,completed,cash_on_delivery,app
O00756,C0831,2025-11-24,completed,card,web
O00757,C0832,2025-01-11,returned,cash_on_delivery,web
O00758,C0833,2025-12-17,completed,card,web
O00759,C0834,2025-06-13,returned,cash_on_delivery,web
O00760,C0835,2025-03-09,completed,card,app
O00761,C0836,2025-06-20,completed,card,web
O00762,C0837,2025-09-15,completed,wallet,app
O00763,C0838,2025-12-15,completed,card,web
O00764,C0839,2025-10-14,cancelled,card,web
O00765,C0841,2025-03-29,completed,wallet,app
O00766,C0842,2025-02-08,pending,card,app
O00767,C0843,2025-04-20,completed,cash_on_delivery,web
O00768,C0844,2025-11-10,completed,wallet,web
O00769,C0845,2025-08-14,completed,card,app
O00770,C0846,2025-10-13,completed,card,app
O00771,C0847,2025-08-03,completed,wallet,app
O00772,C0849,2025-09-17,completed,wallet,app
O00773,C0850,2025-04-22,completed,card,web
O00774,C0851,2025-03-07,completed,card,web
O00775,C0852,2025-10-10,completed,card,web
O00776,C0853,2025-07-10,completed,cash_on_delivery,web
O00777,C0855,2025-04-22,completed,card,web
O00778,C0856,2025-06-13,cancelled,cash_on_delivery,app
O00779,C0857,2025-12-17,completed,card,web
O00780,C0858,2025-11-23,completed,card,web
O00781,C0859,2025-05-29,completed,cash_on_delivery,app
O00782,C0860,2025-10-01,completed,card,app
O00783,C0861,2025-10-29,completed,card,app
O00784,C0862,2025-11-04,completed,card,web
O00785,C0863,2025-05-30,completed,card,app
O00786,C0864,2025-04-07,pending,card,app
O00787,C0865,2025-04-08,cancelled,card,app
O00788,C0866,2025-04-22,cancelled,card,app
O00789,C0867,2025-03-26,completed,card,web
O00790,C0868,2025-07-29,completed,card,app
O00791,C0869,2025-01-06,completed,card,web
O00792,C0870,2025-08-22,completed,cash_on_delivery,app
O00793,C0871,2025-11-15,completed,wallet,app
O00794,C0872,2025-12-25,completed,wallet,app
O00795,C0874,2025-05-03,returned,card,web
O00796,C0875,2025-03-17,completed,wallet,app
O00797,C0876,2025-06-28,pending,card,web
O00798,C0877,2025-01-02,completed,card,web
O00799,C0878,2025-01-17,completed,card,web
O00800,C0879,2025-09-06,completed,cash_on_delivery,web
O00801,C0880,2025-04-15,completed,card,app
O00802,C0881,2025-11-28,completed,card,web
O00803,C0882,2025-05-14,pending,cash_on_delivery,app
O00804,C0883,2025-05-13,completed,card,app
O00805,C0884,2025-09-22,completed,cash_on_delivery,web
O00806,C0885,2025-12-03,completed,wallet,web
O00807,C0886,2025-07-21,completed,card,web
O00808,C0887,2025-03-02,completed,wallet,app
O00809,C0889,2025-05-10,completed,card,web
O00810,C0890,2025-08-25,completed,card,web
O00811,C0891,2025-10-15,completed,card,app
O00812,C0892,2025-09-13,completed,card,app
O00813,C0893,2025-09-24,completed,wallet,web
O00814,C0894,2025-12-23,pending,card,app
O00815,C0895,2025-11-27,completed,wallet,app
O00816,C0896,2025-12-19,completed,cash_on_delivery,app
O00817,C0897,2025-01-11,returned,card,app
O00818,C0898,2025-05-19,completed,card,app
O00819,C0899,2025-12-06,completed,cash_on_delivery,app
O00820,C0901,2025-04-12,completed,card,web
O00821,C0902,2025-07-05,completed,cash_on_delivery,web
O00822,C0903,2025-06-13,completed,cash_on_delivery,app
O00823,C0904,2025-08-21,completed,wallet,web
O01120,C1236,2025-09-22,completed,wallet,app
O00824,C0905,2025-04-24,completed,card,app
O00825,C0906,2025-11-13,returned,cash_on_delivery,web
O00826,C0907,2025-08-16,completed,wallet,app
O00827,C0908,2025-05-09,completed,card,web
O00828,C0909,2025-09-29,completed,card,web
O00829,C0910,2025-05-20,completed,cash_on_delivery,web
O00830,C0911,2025-04-01,returned,card,app
O00831,C0912,2025-11-23,completed,card,web
O00832,C0913,2025-12-11,completed,wallet,app
O00833,C0916,2025-12-03,completed,wallet,web
O00834,C0917,2025-07-26,completed,wallet,app
O00835,C0918,2025-02-05,completed,card,app
O00836,C0919,2025-02-22,completed,cash_on_delivery,app
O00837,C0920,2025-05-14,completed,card,app
O00838,C0923,2025-11-22,pending,card,web
O00839,C0924,2025-02-22,completed,wallet,app
O00840,C0926,2025-05-18,pending,card,app
O00841,C0928,2025-02-17,completed,cash_on_delivery,app
O00842,C0929,2025-06-28,completed,cash_on_delivery,web
O00843,C0930,2025-04-12,completed,card,web
O00844,C0931,2025-06-19,completed,card,web
O00845,C0932,2025-11-14,completed,card,app
O00846,C0933,2025-12-22,pending,cash_on_delivery,web
O00847,C0935,2025-08-10,completed,cash_on_delivery,app
O00848,C0936,2025-07-16,completed,cash_on_delivery,web
O00849,C0937,2025-10-09,completed,wallet,app
O00850,C0938,2025-11-28,completed,card,app
O00851,C0939,2025-11-02,completed,wallet,web
O00852,C0940,2025-07-13,completed,card,web
O00853,C0941,2025-01-09,completed,card,app
O00854,C0942,2025-02-15,completed,wallet,app
O00855,C0943,2025-07-11,completed,card,app
O00856,C0944,2025-08-04,pending,card,app
O00857,C0946,2025-08-19,completed,card,web
O00858,C0947,2025-01-03,completed,card,app
O00859,C0948,2025-12-29,completed,cash_on_delivery,web
O00860,C0949,2025-11-22,completed,card,app
O00861,C0950,2025-03-04,completed,cash_on_delivery,app
O00862,C0951,2025-02-26,completed,cash_on_delivery,app
O00863,C0952,2025-12-16,completed,card,web
O00864,C0953,2025-02-11,completed,card,web
O00865,C0954,2025-02-22,completed,wallet,app
O00866,C0955,2025-06-29,completed,card,web
O00867,C0956,2025-09-07,completed,wallet,app
O00868,C0957,2025-09-24,completed,wallet,app
O00869,C0958,2025-04-16,completed,wallet,web
O00870,C0959,2025-05-10,cancelled,cash_on_delivery,app
O00871,C0960,2025-01-11,completed,cash_on_delivery,web
O00872,C0961,2025-06-26,completed,card,app
O00873,C0962,2025-12-31,completed,card,app
O00874,C0965,2025-05-12,completed,card,web
O00875,C0967,2025-05-15,completed,card,web
O00876,C0968,2025-06-17,completed,card,web
O00877,C0969,2025-04-25,cancelled,cash_on_delivery,app
O00878,C0970,2025-11-07,completed,card,app
O00879,C0971,2025-02-20,completed,cash_on_delivery,web
O00880,C0972,2025-04-17,completed,card,app
O00881,C0973,2025-02-09,cancelled,wallet,web
O00882,C0974,2025-02-12,completed,card,app
O00883,C0975,2025-12-11,returned,card,app
O00884,C0976,2025-03-06,completed,card,app
O00885,C0977,2025-03-17,completed,wallet,app
O00886,C0978,2025-03-31,completed,cash_on_delivery,web
O00887,C0980,2025-04-07,completed,wallet,web
O00888,C0981,2025-01-31,completed,cash_on_delivery,app
O00889,C0982,2025-10-19,completed,card,app
O00890,C0983,2025-03-29,cancelled,card,app
O00891,C0984,2025-12-30,completed,cash_on_delivery,web
O00892,C0985,2025-07-23,completed,cash_on_delivery,web
O00893,C0986,2025-01-31,completed,cash_on_delivery,app
O00894,C0987,2025-10-17,completed,card,app
O00895,C0988,2025-01-25,completed,card,app
O00896,C0989,2025-04-02,completed,wallet,app
O00897,C0990,2025-10-06,pending,card,web
O00898,C0991,2025-05-15,completed,cash_on_delivery,app
O00899,C0992,2025-02-17,cancelled,wallet,web
O00900,C0993,2025-11-06,completed,cash_on_delivery,app
O00901,C0995,2025-09-23,cancelled,wallet,web
O00902,C0996,2025-02-06,completed,wallet,web
O00903,C0998,2025-12-12,completed,wallet,app
O00904,C0999,2025-01-01,completed,wallet,web
O00905,C1000,2025-12-18,pending,card,app
O00906,C1001,2025-08-07,returned,card,web
O00907,C1002,2025-11-15,completed,cash_on_delivery,web
O00908,C1003,2025-06-27,pending,card,web
O00909,C1004,2025-04-24,completed,cash_on_delivery,web
O00910,C1006,2025-09-29,completed,wallet,app
O00911,C1008,2025-08-20,completed,card,web
O00912,C1009,2025-10-01,completed,card,web
O00913,C1010,2025-09-21,completed,card,web
O00914,C1011,2025-01-25,completed,cash_on_delivery,app
O00915,C1012,2025-11-01,completed,cash_on_delivery,app
O00916,C1013,2025-02-16,completed,cash_on_delivery,web
O00917,C1015,2025-09-07,completed,card,app
O00918,C1016,2025-09-14,completed,cash_on_delivery,app
O00919,C1017,2025-11-08,cancelled,card,web
O00920,C1018,2025-05-23,completed,cash_on_delivery,app
O00921,C1019,2025-03-08,completed,cash_on_delivery,web
O00922,C1020,2025-10-08,completed,cash_on_delivery,app
O00923,C1021,2025-05-02,completed,card,web
O00924,C1022,2025-12-05,completed,cash_on_delivery,web
O00925,C1024,2025-06-20,completed,card,app
O00926,C1025,2025-10-02,completed,wallet,app
O00927,C1026,2025-09-02,completed,cash_on_delivery,app
O00928,C1027,2025-05-28,completed,card,web
O00929,C1028,2025-12-14,completed,wallet,app
O00930,C1029,2025-03-14,completed,card,app
O00931,C1030,2025-09-18,completed,cash_on_delivery,app
O00932,C1031,2025-04-08,completed,card,web
O00933,C1032,2025-12-18,completed,card,web
O00934,C1034,2025-08-22,completed,cash_on_delivery,web
O00935,C1035,2025-11-20,completed,cash_on_delivery,web
O00936,C1036,2025-07-16,cancelled,card,web
O00937,C1037,2025-10-17,completed,cash_on_delivery,app
O00938,C1038,2025-12-14,completed,card,app
O00939,C1040,2025-09-17,completed,card,app
O00940,C1041,2025-04-04,pending,card,app
O00941,C1042,2025-07-20,completed,card,app
O00942,C1043,2025-05-26,completed,cash_on_delivery,web
O00943,C1045,2025-02-24,cancelled,card,app
O00944,C1046,2025-09-11,completed,card,app
O00945,C1047,2025-05-28,returned,cash_on_delivery,app
O00946,C1048,2025-10-12,completed,card,app
O00947,C1049,2025-08-17,pending,card,app
O00948,C1050,2025-05-27,completed,card,app
O00949,C1051,2025-12-09,completed,card,app
O00950,C1052,2025-05-14,returned,wallet,web
O00951,C1053,2025-12-01,completed,card,app
O00952,C1054,2025-12-01,cancelled,card,web
O00953,C1055,2025-05-14,completed,wallet,app
O00954,C1056,2025-07-18,completed,card,web
O00955,C1057,2025-06-15,completed,card,app
O00956,C1058,2025-09-05,completed,wallet,web
O00957,C1059,2025-09-25,completed,wallet,app
O00958,C1060,2025-03-21,completed,card,app
O00959,C1061,2025-01-23,completed,card,app
O00960,C1062,2025-06-25,completed,card,web
O00961,C1063,2025-11-26,completed,wallet,web
O00962,C1064,2025-10-08,cancelled,wallet,app
O00963,C1065,2025-12-15,cancelled,cash_on_delivery,web
O00964,C1066,2025-09-01,completed,wallet,app
O00965,C1067,2025-03-26,completed,cash_on_delivery,app
O00966,C1068,2025-03-01,completed,cash_on_delivery,app
O00967,C1069,2025-09-17,cancelled,card,web
O00968,C1070,2025-11-18,completed,wallet,app
O00969,C1071,2025-01-10,completed,wallet,app
O00970,C1072,2025-05-10,completed,card,app
O00971,C1073,2025-11-08,completed,wallet,app
O00972,C1074,2025-06-15,completed,wallet,web
O00973,C1075,2025-05-22,completed,card,app
O00974,C1076,2025-11-13,completed,cash_on_delivery,app
O00975,C1077,2025-04-03,cancelled,wallet,web
O00976,C1078,2025-02-11,completed,wallet,app
O00977,C1079,2025-05-28,completed,card,web
O00978,C1080,2025-09-30,completed,card,app
O00979,C1081,2025-05-18,completed,wallet,web
O00980,C1082,2025-06-08,completed,card,app
O00981,C1084,2025-04-11,completed,wallet,app
O00982,C1085,2025-12-23,completed,wallet,web
O00983,C1086,2025-01-11,completed,card,app
O00984,C1087,2025-08-25,completed,card,app
O00985,C1088,2025-07-28,completed,cash_on_delivery,app
O00986,C1089,2025-03-31,completed,cash_on_delivery,app
O00987,C1090,2025-01-24,completed,card,web
O00988,C1091,2025-08-03,completed,card,app
O00989,C1093,2025-10-02,completed,card,web
O00990,C1096,2025-09-01,completed,card,app
O00991,C1097,2025-05-28,completed,cash_on_delivery,app
O00992,C1098,2025-12-11,completed,wallet,app
O00993,C1099,2025-06-14,completed,cash_on_delivery,web
O00994,C1100,2025-07-27,pending,cash_on_delivery,web
O00995,C1101,2025-12-28,pending,card,app
O00996,C1102,2025-06-28,completed,card,app
O00997,C1103,2025-10-31,completed,card,app
O00998,C1104,2025-12-15,completed,cash_on_delivery,app
O00999,C1105,2025-11-17,completed,card,app
O01000,C1106,2025-01-03,completed,wallet,web
O01001,C1108,2025-12-17,returned,cash_on_delivery,web
O01002,C1109,2025-04-28,cancelled,card,web
O01003,C1111,2025-05-14,completed,cash_on_delivery,web
O01004,C1112,2025-03-06,completed,card,app
O01005,C1113,2025-08-08,completed,wallet,app
O01006,C1114,2025-09-19,completed,wallet,web
O01007,C1115,2025-10-20,completed,card,web
O01008,C1116,2025-03-03,completed,wallet,app
O01009,C1117,2025-12-03,completed,wallet,app
O01010,C1118,2025-11-04,completed,cash_on_delivery,web
O01011,C1119,2025-07-03,completed,card,app
O01012,C1120,2025-12-28,completed,cash_on_delivery,app
O01013,C1121,2025-01-01,returned,cash_on_delivery,app
O01014,C1122,2025-03-23,completed,card,web
O01015,C1123,2025-09-08,cancelled,wallet,app
O01016,C1124,2025-11-06,returned,card,app
O01017,C1126,2025-05-18,completed,card,app
O01018,C1127,2025-06-22,completed,card,web
O01019,C1128,2025-05-12,completed,wallet,web
O01020,C1129,2025-11-23,completed,cash_on_delivery,web
O01021,C1130,2025-03-25,completed,card,app
O01022,C1131,2025-11-05,completed,card,web
O01023,C1132,2025-07-20,completed,card,app
O01024,C1133,2025-02-27,completed,card,web
O01025,C1134,2025-05-04,completed,card,app
O01026,C1135,2025-09-07,completed,cash_on_delivery,web
O01027,C1136,2025-07-03,completed,card,app
O01028,C1137,2025-11-25,pending,cash_on_delivery,app
O01029,C1138,2025-04-28,pending,card,web
O01030,C1139,2025-06-29,completed,card,app
O01031,C1140,2025-11-10,completed,cash_on_delivery,app
O01032,C1141,2025-01-29,completed,cash_on_delivery,app
O01033,C1142,2025-10-21,completed,card,app
O01034,C1143,2025-12-14,pending,cash_on_delivery,app
O01035,C1144,2025-08-23,completed,cash_on_delivery,web
O01036,C1145,2025-10-03,completed,cash_on_delivery,web
O01037,C1146,2025-12-28,completed,cash_on_delivery,app
O01038,C1147,2025-03-09,completed,card,web
O01039,C1148,2025-08-17,completed,card,app
O01040,C1150,2025-10-04,completed,wallet,web
O01041,C1151,2025-09-30,completed,card,app
O01042,C1152,2025-07-17,completed,cash_on_delivery,web
O01043,C1155,2025-12-07,completed,cash_on_delivery,app
O01044,C1156,2025-12-19,completed,cash_on_delivery,app
O01045,C1157,2025-08-02,completed,card,web
O01046,C1158,2025-11-26,completed,cash_on_delivery,web
O01047,C1159,2025-06-02,pending,card,app
O01048,C1161,2025-12-02,completed,wallet,app
O01049,C1162,2025-07-16,completed,wallet,app
O01050,C1163,2025-12-17,completed,card,app
O01051,C1164,2025-09-26,completed,card,web
O01052,C1165,2025-10-11,completed,card,app
O01053,C1167,2025-03-30,completed,card,app
O01054,C1168,2025-12-21,completed,cash_on_delivery,app
O01055,C1169,2025-09-25,returned,card,web
O01056,C1170,2025-07-18,cancelled,card,app
O01057,C1171,2025-05-03,completed,card,web
O01058,C1172,2025-10-08,completed,card,app
O01059,C1173,2025-08-14,completed,cash_on_delivery,app
O01060,C1174,2025-10-24,completed,card,app
O01061,C1175,2025-11-18,completed,card,web
O01062,C1177,2025-07-02,completed,card,app
O01063,C1178,2025-04-18,completed,wallet,web
O01064,C1179,2025-03-06,completed,card,app
O01065,C1180,2025-11-03,completed,cash_on_delivery,web
O01066,C1181,2025-07-23,completed,card,app
O01067,C1182,2025-05-04,pending,card,web
O01068,C1183,2025-07-08,completed,wallet,app
O01069,C1184,2025-04-15,returned,card,app
O01070,C1185,2025-11-02,completed,cash_on_delivery,app
O01071,C1186,2025-05-10,cancelled,cash_on_delivery,app
O01072,C1187,2025-07-24,completed,cash_on_delivery,web
O01073,C1188,2025-05-17,completed,card,web
O01074,C1189,2025-09-09,completed,cash_on_delivery,web
O01075,C1190,2025-11-27,completed,card,app
O01076,C1191,2025-11-23,completed,card,web
O01077,C1192,2025-05-04,completed,card,app
O01078,C1193,2025-05-16,pending,card,web
O01079,C1194,2025-12-22,pending,cash_on_delivery,app
O01080,C1195,2025-04-04,cancelled,card,app
O01081,C1196,2025-05-21,completed,wallet,web
O01082,C1197,2025-08-31,completed,wallet,web
O01083,C1198,2025-12-07,cancelled,cash_on_delivery,app
O01084,C1199,2025-02-03,completed,card,app
O01085,C1200,2025-12-18,completed,card,app
O01086,C1201,2025-11-21,completed,cash_on_delivery,app
O01087,C1202,2025-08-29,completed,wallet,web
O01088,C1203,2025-04-26,completed,wallet,app
O01089,C1204,2025-02-12,completed,wallet,app
O01090,C1205,2025-12-06,completed,card,web
O01091,C1206,2025-09-13,completed,cash_on_delivery,app
O01092,C1207,2025-05-29,pending,card,app
O01093,C1208,2025-04-29,completed,card,web
O01094,C1209,2025-02-04,returned,card,app
O01095,C1210,2025-04-21,completed,card,app
O01096,C1211,2025-04-04,completed,card,app
O01097,C1212,2025-08-21,completed,card,app
O01098,C1213,2025-10-29,completed,card,app
O01099,C1214,2025-04-12,completed,cash_on_delivery,app
O01100,C1215,2025-05-13,returned,cash_on_delivery,web
O01101,C1216,2025-08-19,completed,wallet,app
O01102,C1217,2025-09-19,completed,wallet,app
O01103,C1218,2025-04-10,returned,cash_on_delivery,web
O01104,C1219,2025-10-18,completed,card,app
O01105,C1220,2025-03-25,completed,card,web
O01106,C1222,2025-03-01,completed,card,app
O01107,C1223,2025-11-01,pending,wallet,app
O01108,C1224,2025-10-08,completed,card,app
O01109,C1225,2025-10-24,completed,card,app
O01110,C1226,2025-06-29,completed,cash_on_delivery,web
O01111,C1227,2025-11-17,completed,card,app
O01112,C1228,2025-10-02,completed,card,app
O01113,C1229,2025-09-19,completed,cash_on_delivery,web
O01114,C1230,2025-11-02,completed,card,app
O01115,C1231,2025-09-16,completed,cash_on_delivery,app
O01116,C1232,2025-07-14,completed,card,web
O01117,C1233,2025-04-08,completed,cash_on_delivery,web
O01118,C1234,2025-08-09,completed,card,app
O01119,C1235,2025-08-16,completed,wallet,web
O01120,C1236,2025-09-22,completed,wallet,app
O01121,C1237,2025-04-17,completed,card,web
O01122,C1238,2025-08-07,completed,wallet,app
O01123,C1239,2025-05-24,completed,wallet,web
O01124,C1240,2025-04-30,completed,card,app
O01125,C1241,2025-12-29,pending,cash_on_delivery,app
O01126,C1242,2025-12-20,returned,cash_on_delivery,app
O01127,C1243,2025-02-01,cancelled,wallet,app
O01128,C1244,2025-08-08,cancelled,card,web
O01129,C1245,2025-01-19,completed,card,web
O01130,C1246,2025-10-11,completed,wallet,app
O01131,C1248,2025-08-08,completed,cash_on_delivery,app
O01132,C1249,2025-07-13,completed,wallet,web
O01133,C1250,2025-11-16,completed,card,web
O01134,C1251,2025-09-17,returned,card,web
O01135,C1252,2025-05-15,completed,wallet,web
O01136,C1253,2025-09-04,cancelled,card,web
O01137,C1254,2025-03-18,pending,wallet,web
O01138,C1255,2025-05-05,completed,cash_on_delivery,app
O01139,C1256,2025-03-27,completed,card,web
O01140,C1257,2025-12-30,completed,card,app
O01141,C1258,2025-05-18,returned,wallet,web
O01142,C1259,2025-12-14,completed,wallet,app
O01143,C1260,2025-10-08,completed,cash_on_delivery,app
O01144,C1262,2025-03-16,completed,card,app
O01145,C1263,2025-10-03,cancelled,wallet,web
O01146,C1264,2025-06-19,completed,wallet,app
O01147,C1265,2025-07-19,completed,cash_on_delivery,web
O01148,C1266,2025-11-06,completed,cash_on_delivery,app
O01149,C1267,2025-10-13,completed,card,app
O01150,C1268,2025-12-03,returned,cash_on_delivery,app
O01151,C1269,2025-12-18,completed,card,app
O01152,C1271,2025-07-19,completed,wallet,web
O01153,C1272,2025-02-13,completed,card,web
O01154,C1273,2025-12-12,completed,card,app
O01155,C1274,2025-04-30,completed,card,app
O01156,C1275,2025-01-23,returned,card,web
O01157,C1276,2025-12-16,cancelled,cash_on_delivery,app
O01158,C1277,2025-07-15,completed,card,web
O01159,C1278,2025-11-04,completed,wallet,app
O01160,C1279,2025-11-19,completed,cash_on_delivery,app
O01161,C1280,2025-12-13,completed,cash_on_delivery,web
O01162,C1281,2025-05-01,completed,cash_on_delivery,app
O01163,C1282,2025-11-01,completed,card,app
O01164,C1283,2025-10-13,completed,wallet,app
O01165,C1284,2025-08-31,pending,cash_on_delivery,web
O01166,C1285,2025-03-26,completed,card,app
O01167,C1286,2025-06-04,completed,card,web
O01168,C1287,2025-06-07,completed,cash_on_delivery,app
O01169,C1288,2025-11-19,completed,wallet,app
O01170,C1289,2025-02-27,completed,card,app
O01171,C1290,2025-05-30,completed,card,app
O01172,C1291,2025-03-24,completed,wallet,app
O01173,C1292,2025-04-29,completed,card,app
O01174,C1293,2025-11-30,completed,cash_on_delivery,app
O01175,C1294,2025-06-01,completed,card,web
O01176,C1296,2025-09-05,cancelled,card,app
O01177,C1297,2025-04-16,completed,card,app
O01178,C1298,2025-08-20,completed,cash_on_delivery,web
O01179,C1299,2025-03-18,completed,cash_on_delivery,app
O01180,C1301,2025-06-16,completed,card,app
O01181,C1302,2025-01-24,completed,card,app
O01182,C1303,2025-06-25,completed,cash_on_delivery,web
O01183,C1304,2025-07-27,pending,card,app
O01184,C1305,2025-03-06,completed,wallet,app
O01185,C1306,2025-09-24,pending,card,web
O01186,C1307,2025-06-09,completed,card,web
O01187,C1308,2025-08-03,completed,card,web
O01188,C1309,2025-02-09,completed,wallet,app
O01189,C1310,2025-04-23,completed,cash_on_delivery,app
O01190,C1311,2025-11-24,completed,cash_on_delivery,app
O01191,C1312,2025-09-19,completed,card,app
O01192,C1313,2025-08-11,completed,cash_on_delivery,web
O01193,C1314,2025-08-08,cancelled,card,app
O01194,C1315,2025-03-09,completed,cash_on_delivery,app
O01195,C1316,2025-05-03,completed,cash_on_delivery,web
O01196,C1317,2025-08-31,completed,card,web
O01197,C1318,2025-11-27,completed,card,app
O01198,C1319,2025-02-18,completed,card,app
O01199,C1320,2025-07-20,cancelled,card,web
O01200,C1321,2025-12-21,completed,cash_on_delivery,app
O01201,C1322,2025-12-05,returned,card,web
O01202,C1323,2025-03-22,completed,card,web
O01203,C1324,2025-10-18,cancelled,card,app
O01204,C1326,2025-12-03,pending,card,web
O01205,C1327,2025-08-21,completed,cash_on_delivery,web
O01206,C1328,2025-08-20,completed,card,app
O01207,C1329,2025-01-06,completed,card,web
O01208,C1330,2025-01-11,completed,card,web
O01209,C1331,2025-05-11,completed,card,app
O01210,C1332,2025-12-03,completed,card,web
O01211,C1333,2025-09-27,cancelled,wallet,app
O01212,C1334,2025-04-25,completed,card,app
O01213,C1335,2025-12-01,completed,cash_on_delivery,app
O01214,C1336,2025-10-02,returned,wallet,web
O01215,C1337,2025-10-18,completed,cash_on_delivery,app
O01216,C1338,2025-06-15,completed,cash_on_delivery,app
O01217,C1339,2025-03-17,completed,cash_on_delivery,app
O01218,C1342,2025-06-23,completed,card,app
O01219,C1343,2025-03-06,completed,cash_on_delivery,web
O01220,C1344,2025-09-03,cancelled,card,web
O01221,C1345,2025-05-08,completed,cash_on_delivery,app
O01222,C1346,2025-01-30,completed,card,app
O01223,C1347,2025-08-08,completed,card,web
O01224,C1348,2025-02-20,completed,wallet,app
O01225,C1349,2025-07-01,completed,wallet,web
O01226,C1350,2025-10-30,completed,card,web
O01227,C1351,2025-01-21,completed,cash_on_delivery,web
O01228,C1352,2025-08-19,completed,wallet,app
O01229,C1353,2025-08-16,cancelled,card,web
O01230,C1354,2025-03-02,completed,cash_on_delivery,web
O01231,C1355,2025-10-23,completed,card,app
O01232,C1356,2025-07-28,completed,wallet,app
O01233,C1357,2025-07-04,returned,card,app
O01234,C1358,2025-03-04,completed,card,web
O01235,C1359,2025-08-07,completed,card,app
O01236,C1360,2025-12-04,completed,cash_on_delivery,app
O01237,C1361,2025-11-07,cancelled,card,app
O01238,C1362,2025-12-28,completed,card,app
O01239,C1364,2025-05-06,completed,cash_on_delivery,web
O01240,C1365,2025-05-03,completed,card,web
O01241,C1366,2025-01-22,completed,card,web
O01242,C1367,2025-12-29,pending,card,web
O01243,C1368,2025-11-14,completed,wallet,app
O01244,C1369,2025-04-19,returned,cash_on_delivery,web
O01245,C1370,2025-10-20,completed,wallet,app
O01246,C1371,2025-05-28,completed,card,app
O01247,C1373,2025-10-21,cancelled,cash_on_delivery,app
O01248,C1374,2025-05-06,completed,cash_on_delivery,app
O01249,C1375,2025-03-11,completed,card,web
O01250,C1377,2025-01-19,cancelled,cash_on_delivery,app
O01251,C1378,2025-07-31,cancelled,wallet,app
O01252,C1379,2025-05-23,returned,card,web
O01253,C1381,2025-07-28,completed,card,app
O01254,C1382,2025-11-12,cancelled,card,web
O01255,C1383,2025-10-23,completed,wallet,app
O01256,C1385,2025-10-31,cancelled,cash_on_delivery,web
O01257,C1386,2025-09-02,cancelled,card,app
O01258,C1387,2025-05-25,completed,card,app
O01259,C1389,2025-03-10,completed,card,app
O01260,C1390,2025-12-23,completed,card,app
O01261,C1391,2025-08-21,completed,cash_on_delivery,app
O01262,C1392,2025-02-14,completed,card,app
O01263,C1393,2025-10-31,completed,card,web
O01264,C1395,2025-11-22,cancelled,card,web
O01265,C1396,2025-11-20,completed,cash_on_delivery,web
O01266,C1397,2025-10-07,cancelled,card,app
O01267,C1398,2025-01-25,completed,cash_on_delivery,app
O01268,C1399,2025-12-20,completed,wallet,app
O01269,C1400,2025-07-29,completed,wallet,web
O01270,C1401,2025-05-12,cancelled,cash_on_delivery,app
O01271,C1402,2025-04-18,returned,wallet,web
O01272,C1403,2025-05-03,cancelled,card,app
O01273,C1404,2025-12-29,pending,wallet,web
O01274,C1405,2025-12-16,completed,card,web
O01275,C1406,2025-06-10,completed,card,web
O01276,C1407,2025-06-27,pending,card,web
O01277,C1408,2025-01-23,completed,card,web
O01278,C1409,2025-03-24,completed,wallet,app
O01279,C1410,2025-04-26,completed,card,web
O01280,C1411,2025-08-18,completed,cash_on_delivery,app
O01281,C1412,2025-12-01,completed,wallet,web
O01282,C1413,2025-11-30,completed,cash_on_delivery,web
O01283,C1414,2025-11-25,completed,card,app
O01284,C1416,2025-10-19,completed,wallet,web
O01285,C1417,2025-09-05,completed,cash_on_delivery,app
O01286,C1418,2025-07-23,returned,wallet,app
O01287,C1419,2025-07-06,completed,card,app
O01288,C1420,2025-06-09,cancelled,cash_on_delivery,web
O01289,C1421,2025-08-14,pending,wallet,app
O01290,C1422,2025-08-06,completed,wallet,app
O01291,C1423,2025-11-08,completed,card,app
O01292,C1424,2025-11-17,completed,card,app
O01293,C1425,2025-10-01,completed,wallet,web
O01294,C1426,2025-02-13,completed,cash_on_delivery,app
O01295,C1427,2025-05-13,completed,cash_on_delivery,app
O01296,C1428,2025-04-24,completed,card,app
O01297,C1429,2025-05-09,completed,card,app
O01298,C1430,2025-11-25,completed,wallet,app
O01299,C1431,2025-05-18,completed,wallet,app
O01300,C1432,2025-12-03,completed,cash_on_delivery,app
O01301,C1433,2025-05-15,completed,wallet,web
O01302,C1434,2025-04-07,completed,cash_on_delivery,web
O01303,C1435,2025-10-19,completed,wallet,web
O01304,C1436,2025-02-11,completed,card,web
O01305,C1437,2025-05-26,completed,wallet,app
O01306,C1438,2025-09-16,completed,card,app
O01307,C1440,2025-04-22,completed,cash_on_delivery,web
O01308,C1441,2025-05-18,completed,wallet,app
O01309,C1442,2025-08-03,completed,card,app
O01310,C1443,2025-12-02,completed,cash_on_delivery,web
O01311,C1445,2025-08-30,pending,wallet,app
O01312,C1446,2025-09-22,completed,card,app
O01313,C1447,2025-05-23,completed,wallet,web
O01314,C1448,2025-03-12,completed,card,web
O01315,C1449,2025-03-08,completed,card,app
O01316,C1451,2025-12-20,completed,wallet,web
O01317,C1452,2025-08-02,completed,cash_on_delivery,app
O01318,C1453,2025-09-06,completed,cash_on_delivery,app
O03132,C1058,2025-12-02,completed,card,app
O01319,C1454,2025-03-11,completed,card,app
O01320,C1455,2025-11-30,completed,cash_on_delivery,web
O01321,C1456,2025-02-13,completed,card,app
O01322,C1457,2025-10-05,returned,cash_on_delivery,app
O01323,C1458,2025-03-27,completed,wallet,web
O01324,C1459,2025-09-22,returned,cash_on_delivery,app
O01325,C1460,2025-02-27,completed,wallet,web
O01326,C1461,2025-02-12,completed,card,web
O01327,C1462,2025-12-18,completed,card,app
O01328,C1463,2025-03-14,pending,card,app
O01329,C1464,2025-09-20,completed,card,app
O01330,C1465,2025-04-05,completed,cash_on_delivery,app
O01331,C1466,2025-05-22,completed,card,app
O01332,C1467,2025-10-26,completed,card,app
O01333,C1468,2025-11-07,pending,card,web
O01334,C1469,2025-08-01,completed,card,app
O01335,C1470,2025-12-17,completed,cash_on_delivery,app
O01336,C1472,2025-12-23,completed,card,app
O01337,C1473,2025-04-05,completed,cash_on_delivery,app
O01338,C1474,2025-03-03,completed,card,app
O01339,C1475,2025-08-04,returned,cash_on_delivery,app
O01340,C1476,2025-02-18,completed,cash_on_delivery,web
O01341,C1477,2025-12-21,pending,wallet,web
O01342,C1478,2025-03-30,completed,card,app
O01343,C1480,2025-01-24,completed,wallet,web
O01344,C1481,2025-07-03,completed,wallet,web
O01345,C1482,2025-04-28,completed,card,app
O01346,C1483,2025-11-14,completed,wallet,web
O01347,C1484,2025-03-29,completed,card,app
O01348,C1485,2025-01-26,completed,card,app
O01349,C1486,2025-03-10,completed,wallet,app
O01350,C1487,2025-08-05,completed,wallet,web
O01351,C1488,2025-06-20,completed,card,app
O01352,C1490,2025-07-21,completed,card,web
O01353,C1491,2025-10-30,completed,cash_on_delivery,app
O01354,C1492,2025-07-16,completed,cash_on_delivery,web
O01355,C1493,2025-06-09,completed,wallet,web
O01356,C1494,2025-04-18,completed,card,web
O01357,C1495,2025-09-24,completed,wallet,web
O01358,C1496,2025-11-12,completed,card,app
O01359,C1497,2025-04-29,completed,card,app
O01360,C1498,2025-10-31,cancelled,cash_on_delivery,app
O01361,C1499,2025-03-29,completed,cash_on_delivery,app
O01362,C1500,2025-03-04,completed,cash_on_delivery,app
O01363,C0008,2025-02-14,completed,card,app
O01364,C0732,2025-06-08,completed,cash_on_delivery,app
O01365,C0147,2025-06-03,completed,cash_on_delivery,app
O01366,C1481,2025-03-27,cancelled,card,app
O01367,C1312,2025-11-27,completed,cash_on_delivery,app
O01368,C0962,2025-09-29,completed,card,app
O01369,C0347,2025-04-20,completed,card,app
O01370,C1038,2025-11-19,completed,cash_on_delivery,web
O01371,C0493,2025-05-01,completed,cash_on_delivery,app
O01372,C1402,2025-01-17,completed,card,app
O01421,C0317,2025-10-04,completed,card,web
O01373,C1493,2025-12-06,cancelled,card,app
O01374,C0214,2025-04-23,completed,cash_on_delivery,web
O01375,C1425,2025-05-19,returned,cash_on_delivery,web
O01376,C0171,2025-01-29,completed,cash_on_delivery,app
O01377,C0431,2025-08-05,completed,wallet,app
O01378,C0273,2025-10-14,completed,cash_on_delivery,app
O01379,C0187,2025-07-17,completed,card,app
O01380,C1483,2025-08-26,completed,cash_on_delivery,app
O01381,C0066,2025-01-07,completed,cash_on_delivery,app
O01382,C0135,2025-08-27,completed,card,app
O01383,C0392,2025-03-06,completed,card,web
O01384,C0667,2025-03-11,completed,cash_on_delivery,web
O01385,C0321,2025-11-22,completed,card,app
O01386,C0307,2025-01-07,completed,card,app
O01387,C0270,2025-02-16,pending,card,app
O01388,C0732,2025-10-21,completed,card,app
O01389,C1206,2025-09-11,completed,card,app
O01390,C0134,2025-01-26,completed,cash_on_delivery,web
O01391,C1181,2025-07-27,completed,wallet,app
O01392,C0732,2025-11-26,completed,cash_on_delivery,app
O01393,C1497,2025-12-12,completed,cash_on_delivery,web
O01394,C0402,2025-06-06,pending,card,web
O01395,C0912,2025-11-20,completed,wallet,app
O01396,C0152,2025-10-27,completed,wallet,app
O01397,C1382,2025-04-17,completed,cash_on_delivery,app
O01398,C1216,2025-08-02,cancelled,card,app
O01399,C1441,2025-03-05,completed,card,web
O01400,C0070,2025-02-02,completed,cash_on_delivery,app
O01401,C1425,2025-02-26,completed,wallet,app
O01402,C0151,2025-12-07,completed,cash_on_delivery,web
O01403,C0831,2025-12-14,completed,cash_on_delivery,web
O01404,C0112,2025-07-25,completed,card,app
O01405,C1130,2025-05-16,completed,card,web
O01406,C0895,2025-12-26,pending,cash_on_delivery,app
O01407,C0077,2025-04-03,completed,cash_on_delivery,app
O01408,C0830,2025-11-25,pending,card,app
O01409,C0437,2025-10-02,completed,wallet,web
O01410,C0670,2025-05-25,completed,card,app
O01411,C1164,2025-11-20,completed,card,web
O01412,C1018,2025-02-15,completed,card,web
O01413,C1021,2025-12-20,completed,card,web
O01414,C0490,2025-03-06,completed,card,web
O01415,C0318,2025-12-01,completed,card,app
O01416,C0192,2025-10-11,completed,cash_on_delivery,web
O01417,C1248,2025-06-19,completed,cash_on_delivery,app
O01418,C1246,2025-10-10,returned,card,app
O01419,C1337,2025-11-08,cancelled,card,web
O01420,C1140,2025-08-15,returned,wallet,web
O01421,C0317,2025-10-04,completed,card,web
O01422,C0008,2025-12-29,completed,wallet,app
O01423,C1058,2025-11-29,completed,card,app
O01424,C1313,2025-11-06,completed,cash_on_delivery,app
O01425,C0164,2025-07-30,completed,card,app
O01426,C0193,2025-08-04,completed,card,app
O01427,C0424,2025-09-05,completed,cash_on_delivery,web
O01428,C0951,2025-10-01,completed,wallet,web
O01429,C0723,2025-10-12,cancelled,cash_on_delivery,app
O01430,C0891,2025-12-03,completed,cash_on_delivery,web
O01431,C1114,2025-04-15,completed,wallet,web
O01432,C0006,2025-05-29,completed,card,web
O01433,C0988,2025-10-05,completed,card,web
O01434,C0694,2025-09-04,completed,card,web
O01435,C1018,2025-09-06,completed,cash_on_delivery,app
O01436,C0448,2025-04-18,returned,card,web
O01437,C0348,2025-09-12,pending,card,app
O01438,C1222,2025-11-06,completed,card,app
O01439,C0781,2025-01-20,completed,cash_on_delivery,app
O01440,C0554,2025-03-13,completed,wallet,web
O01441,C1402,2025-08-22,completed,cash_on_delivery,web
O01442,C0268,2025-11-22,returned,card,app
O01443,C0026,2025-03-01,completed,cash_on_delivery,app
O01444,C1349,2025-04-30,completed,cash_on_delivery,app
O01445,C0270,2025-11-11,completed,card,app
O01446,C0375,2025-05-29,completed,card,web
O01447,C0882,2025-03-18,completed,card,app
O01448,C0743,2025-06-02,completed,cash_on_delivery,web
O01449,C1434,2025-03-01,completed,cash_on_delivery,app
O01450,C1402,2025-07-19,returned,wallet,web
O01451,C0745,2025-02-07,completed,card,app
O01452,C0878,2025-09-05,completed,cash_on_delivery,app
O01453,C1089,2025-09-07,completed,cash_on_delivery,web
O01454,C1052,2025-08-11,completed,card,app
O01455,C0214,2025-09-15,cancelled,cash_on_delivery,app
O01456,C1255,2025-02-16,completed,wallet,web
O01457,C0272,2025-09-10,completed,card,app
O01458,C0392,2025-10-21,returned,wallet,app
O01459,C1417,2025-03-18,cancelled,cash_on_delivery,app
O01460,C0155,2025-11-05,completed,cash_on_delivery,web
O01461,C1090,2025-12-01,completed,cash_on_delivery,app
O01462,C1495,2025-04-02,completed,cash_on_delivery,app
O01463,C0843,2025-07-31,completed,wallet,web
O01464,C0113,2025-01-10,completed,card,web
O01465,C0912,2025-08-29,completed,card,web
O01466,C1224,2025-07-26,completed,card,app
O01467,C0341,2025-02-15,completed,card,app
O01468,C0486,2025-03-03,completed,card,app
O01469,C0215,2025-11-12,completed,card,app
O01470,C1135,2025-08-03,completed,card,app
O01471,C0730,2025-12-08,pending,cash_on_delivery,web
O01472,C0226,2025-09-12,completed,cash_on_delivery,app
O01473,C0695,2025-02-21,completed,wallet,app
O01474,C0570,2025-03-20,completed,cash_on_delivery,app
O01475,C0134,2025-07-13,completed,wallet,app
O01476,C0001,2025-01-12,completed,cash_on_delivery,app
O01477,C0650,2025-03-15,completed,cash_on_delivery,app
O01478,C0660,2025-12-10,completed,wallet,web
O01479,C0381,2025-03-10,completed,wallet,web
O01480,C0196,2025-05-24,completed,card,app
O01481,C0448,2025-05-03,completed,wallet,app
O01482,C1206,2025-05-12,completed,card,app
O02496,C0581,2025-05-30,completed,cash_on_delivery,app
O01483,C1386,2025-11-03,cancelled,card,app
O01484,C0366,2025-08-21,returned,cash_on_delivery,app
O01485,C1497,2025-02-04,completed,wallet,web
O01486,C1195,2025-03-04,completed,card,app
O01487,C0175,2025-02-08,completed,cash_on_delivery,app
O01488,C1219,2025-10-02,cancelled,card,web
O01489,C0956,2025-10-03,completed,card,app
O01490,C1067,2025-07-17,completed,wallet,app
O01491,C1269,2025-12-11,completed,wallet,app
O01492,C0354,2025-01-20,completed,card,app
O01493,C1059,2025-06-15,completed,cash_on_delivery,app
O01494,C0830,2025-09-23,pending,cash_on_delivery,app
O01495,C0171,2025-06-08,completed,wallet,app
O01496,C1358,2025-12-09,completed,cash_on_delivery,app
O01497,C1028,2025-09-29,cancelled,card,app
O01498,C1064,2025-11-07,completed,wallet,web
O01499,C0424,2025-11-24,completed,card,app
O01500,C0499,2025-10-31,cancelled,card,app
O01501,C0025,2025-07-27,pending,card,app
O01502,C1244,2025-08-16,completed,card,app
O01503,C0618,2025-09-16,cancelled,cash_on_delivery,app
O01504,C0193,2025-12-02,pending,card,app
O01505,C0133,2025-06-25,completed,card,app
O01506,C1277,2025-05-22,completed,card,web
O01507,C0654,2025-11-30,completed,card,app
O01508,C0983,2025-05-18,completed,card,app
O01509,C0647,2025-06-04,completed,cash_on_delivery,app
O01510,C0241,2025-03-22,completed,card,web
O01511,C1454,2025-03-14,completed,card,app
O01512,C1146,2025-04-20,completed,card,app
O01513,C0419,2025-12-24,pending,card,app
O01514,C1241,2025-11-23,completed,card,app
O01515,C0148,2025-12-03,completed,card,app
O01516,C1140,2025-04-19,completed,card,app
O01517,C1484,2025-06-16,completed,cash_on_delivery,app
O01518,C0718,2025-11-08,completed,wallet,web
O01519,C1051,2025-07-06,completed,cash_on_delivery,app
O01520,C0282,2025-08-11,completed,cash_on_delivery,app
O01521,C0178,2025-05-15,completed,card,web
O01522,C0239,2025-10-09,completed,card,web
O01523,C0089,2025-11-04,completed,card,app
O01524,C0892,2025-12-24,completed,wallet,app
O01525,C0644,2025-01-28,returned,card,app
O01526,C0573,2025-01-13,completed,card,app
O01527,C1159,2025-10-20,completed,cash_on_delivery,app
O01528,C0372,2025-09-05,completed,card,web
O01529,C0732,2025-08-23,completed,card,app
O01530,C0318,2025-10-26,completed,cash_on_delivery,web
O01531,C1038,2025-11-29,completed,cash_on_delivery,web
O01532,C0617,2025-03-31,completed,card,app
O01533,C1209,2025-05-13,completed,wallet,app
O01534,C1108,2025-12-30,pending,cash_on_delivery,app
O01535,C0471,2025-11-11,completed,card,app
O01536,C1248,2025-10-24,completed,card,web
O01537,C1312,2025-06-04,pending,card,app
O01538,C1151,2025-10-25,completed,wallet,app
O01539,C0614,2025-06-16,completed,card,app
O01540,C1236,2025-11-06,completed,card,app
O01541,C0603,2025-11-11,completed,card,web
O01542,C1196,2025-11-30,completed,wallet,app
O01543,C1427,2025-01-12,completed,card,app
O01544,C0318,2025-02-14,completed,card,app
O01545,C1364,2025-11-11,completed,card,app
O01546,C0196,2025-02-10,completed,card,web
O01547,C0368,2025-08-27,completed,cash_on_delivery,web
O01548,C0118,2025-06-08,completed,card,web
O01549,C0526,2025-06-13,completed,card,app
O01550,C0379,2025-09-21,completed,card,web
O01551,C0580,2025-09-11,cancelled,cash_on_delivery,app
O01552,C0302,2025-11-20,completed,card,web
O01553,C0983,2025-06-07,completed,card,app
O01554,C0459,2025-03-26,completed,card,app
O01555,C1315,2025-02-09,completed,card,app
O01556,C0568,2025-05-03,completed,card,app
O01557,C0148,2025-03-19,completed,wallet,web
O01558,C0448,2025-05-16,completed,wallet,app
O01559,C1366,2025-08-08,completed,card,app
O01560,C0591,2025-09-05,completed,cash_on_delivery,web
O01561,C0053,2025-02-18,cancelled,cash_on_delivery,web
O01562,C0618,2025-03-25,completed,wallet,web
O01563,C0470,2025-09-05,completed,card,web
O01564,C0416,2025-11-21,completed,card,web
O01565,C0467,2025-10-08,completed,cash_on_delivery,web
O01566,C0365,2025-08-02,completed,card,app
O01567,C1373,2025-04-09,completed,cash_on_delivery,app
O01568,C0006,2025-10-18,completed,cash_on_delivery,app
O01569,C0394,2025-04-27,completed,card,web
O01570,C0310,2025-12-27,pending,cash_on_delivery,web
O01571,C0824,2025-03-30,completed,card,web
O01572,C0660,2025-11-08,completed,cash_on_delivery,app
O01573,C0092,2025-05-11,pending,wallet,app
O01574,C0778,2025-03-08,completed,card,web
O01575,C0950,2025-05-24,completed,card,app
O01576,C0363,2025-08-29,completed,card,app
O01577,C0436,2025-09-27,completed,wallet,web
O01578,C1269,2025-03-10,completed,card,web
O01579,C1233,2025-08-15,completed,cash_on_delivery,web
O01580,C0952,2025-08-08,cancelled,card,app
O01581,C0116,2025-12-02,completed,card,app
O01582,C0093,2025-09-12,completed,card,app
O01583,C1136,2025-07-26,completed,wallet,web
O01584,C0127,2025-10-03,completed,card,app
O01585,C0907,2025-05-16,completed,card,app
O01586,C0048,2025-03-12,pending,card,app
O01587,C0200,2025-12-03,cancelled,card,app
O01588,C1016,2025-01-10,completed,wallet,web
O01589,C0497,2025-01-03,completed,cash_on_delivery,app
O01590,C0988,2025-12-27,completed,cash_on_delivery,web
O01591,C0609,2025-05-08,completed,card,app
O01592,C0952,2025-06-30,completed,cash_on_delivery,app
O01593,C0123,2025-03-16,completed,card,web
O01594,C0611,2025-06-06,completed,wallet,app
O01595,C0486,2025-09-23,completed,card,app
O01596,C1432,2025-04-14,completed,wallet,app
O01597,C0930,2025-03-08,completed,card,app
O01598,C1492,2025-07-30,completed,cash_on_delivery,app
O01599,C0459,2025-07-02,completed,cash_on_delivery,app
O01600,C0835,2025-10-07,completed,cash_on_delivery,web
O01601,C0379,2025-06-02,returned,card,app
O01602,C0907,2025-01-07,completed,card,web
O01603,C1246,2025-06-06,returned,cash_on_delivery,app
O01604,C0373,2025-12-23,pending,cash_on_delivery,app
O01605,C0389,2025-04-17,completed,wallet,app
O01606,C0437,2025-05-07,pending,card,app
O01607,C0867,2025-09-12,completed,cash_on_delivery,web
O01608,C0558,2025-01-25,completed,card,app
O01609,C0464,2025-07-27,completed,card,app
O01610,C1277,2025-01-07,completed,card,web
O01611,C0880,2025-02-24,completed,card,app
O01612,C0974,2025-07-15,completed,card,web
O01613,C0459,2025-11-03,cancelled,card,web
O01614,C0710,2025-11-09,pending,cash_on_delivery,web
O01615,C0242,2025-05-31,completed,wallet,app
O01616,C1269,2025-09-26,completed,cash_on_delivery,web
O01617,C0560,2025-03-20,cancelled,wallet,web
O01618,C0525,2025-12-17,completed,wallet,app
O01619,C0581,2025-10-15,completed,cash_on_delivery,web
O01620,C0940,2025-04-27,returned,cash_on_delivery,app
O01621,C0627,2025-09-13,completed,cash_on_delivery,app
O01622,C0060,2025-12-23,pending,card,app
O01623,C1218,2025-08-22,completed,wallet,app
O01624,C0909,2025-07-11,cancelled,wallet,app
O01625,C0397,2025-03-24,completed,card,app
O01626,C0560,2025-12-31,completed,card,app
O01627,C0001,2025-05-14,completed,card,app
O01628,C1250,2025-01-18,completed,cash_on_delivery,app
O01629,C0988,2025-01-24,completed,card,web
O01630,C0372,2025-08-10,completed,cash_on_delivery,app
O01631,C1067,2025-03-06,completed,card,app
O01632,C0490,2025-07-07,completed,cash_on_delivery,web
O01633,C1364,2025-12-13,returned,card,app
O01634,C0749,2025-11-21,completed,card,web
O01635,C1488,2025-06-13,returned,cash_on_delivery,app
O01636,C0219,2025-06-11,completed,cash_on_delivery,web
O01637,C1442,2025-09-25,completed,card,web
O01638,C0741,2025-10-07,completed,cash_on_delivery,app
O01639,C0425,2025-06-10,completed,cash_on_delivery,app
O01640,C1382,2025-10-09,completed,wallet,web
O01641,C1285,2025-11-28,completed,card,app
O01642,C0029,2025-07-30,completed,cash_on_delivery,web
O01643,C0605,2025-10-29,completed,card,app
O01644,C0650,2025-12-01,completed,cash_on_delivery,web
O01645,C1055,2025-01-29,completed,cash_on_delivery,web
O01646,C1281,2025-07-13,completed,card,app
O01647,C1430,2025-11-17,completed,wallet,app
O01648,C0149,2025-11-03,completed,card,app
O01649,C0237,2025-02-27,completed,card,app
O01650,C1459,2025-11-16,completed,cash_on_delivery,app
O01651,C0140,2025-06-03,completed,card,app
O01652,C0040,2025-05-16,completed,wallet,web
O01653,C0906,2025-12-15,completed,card,app
O01654,C0347,2025-06-17,cancelled,card,app
O01655,C1089,2025-05-17,completed,cash_on_delivery,web
O01656,C1488,2025-09-24,completed,cash_on_delivery,app
O01657,C0040,2025-07-06,completed,card,app
O01658,C1314,2025-10-18,completed,card,app
O01659,C0660,2025-05-16,completed,card,web
O01660,C1167,2025-11-07,completed,card,web
O01661,C0239,2025-06-16,completed,cash_on_delivery,app
O01662,C0568,2025-09-02,completed,card,web
O01663,C0217,2025-12-11,completed,card,web
O01664,C0706,2025-12-09,completed,wallet,app
O01665,C0151,2025-11-28,completed,wallet,web
O01666,C0706,2025-12-10,completed,cash_on_delivery,app
O01667,C0644,2025-05-22,returned,card,app
O01668,C0496,2025-08-05,pending,cash_on_delivery,app
O01669,C0558,2025-03-15,completed,card,app
O01670,C1073,2025-02-12,completed,card,web
O01671,C0232,2025-12-20,completed,cash_on_delivery,web
O01672,C0382,2025-04-19,completed,card,web
O01673,C1015,2025-11-01,completed,cash_on_delivery,app
O01674,C1066,2025-01-02,completed,cash_on_delivery,app
O01675,C0414,2025-11-06,completed,cash_on_delivery,app
O01676,C1486,2025-03-29,cancelled,card,app
O01677,C1079,2025-05-02,completed,card,app
O01678,C1284,2025-06-13,completed,card,app
O01679,C0732,2025-11-09,completed,card,app
O01680,C0196,2025-05-10,completed,wallet,app
O01681,C1293,2025-10-12,completed,card,app
O01682,C0730,2025-05-15,completed,card,app
O01683,C0932,2025-01-20,completed,card,app
O00871,C0960,2025-01-11,completed,cash_on_delivery,web
O01684,C0866,2025-12-03,completed,wallet,web
O01685,C0578,2025-11-19,completed,card,app
O01686,C0172,2025-02-02,completed,card,app
O01687,C0570,2025-12-21,completed,cash_on_delivery,web
O01688,C1389,2025-10-04,pending,cash_on_delivery,app
O01689,C1134,2025-11-28,completed,cash_on_delivery,app
O01690,C0275,2025-05-29,completed,card,web
O01691,C1366,2025-03-22,completed,card,app
O01692,C0542,2025-03-21,completed,card,web
O01693,C1328,2025-04-25,completed,card,app
O01694,C1477,2025-07-11,completed,card,app
O01695,C0860,2025-05-15,completed,wallet,app
O01696,C0397,2025-03-26,completed,cash_on_delivery,web
O01697,C0497,2025-01-19,completed,wallet,app
O01698,C0464,2025-01-11,completed,wallet,web
O01699,C0147,2025-11-08,completed,wallet,web
O01700,C0328,2025-08-04,completed,card,app
O01701,C1068,2025-10-10,completed,card,app
O01702,C0987,2025-09-30,completed,card,app
O01703,C0196,2025-10-28,completed,card,web
O01704,C0239,2025-11-13,completed,card,app
O01705,C1486,2025-03-10,cancelled,card,app
O01706,C1106,2025-07-29,cancelled,cash_on_delivery,web
O01707,C1421,2025-06-28,completed,cash_on_delivery,app
O01708,C1129,2025-12-16,completed,card,web
O01709,C0048,2025-10-04,returned,cash_on_delivery,app
O01710,C0038,2025-12-06,completed,wallet,app
O01711,C1271,2025-04-25,completed,wallet,web
O01712,C0174,2025-02-16,completed,card,app
O01713,C0215,2025-06-22,completed,wallet,app
O01714,C1333,2025-12-12,completed,card,app
O01715,C1318,2025-07-12,returned,cash_on_delivery,web
O01716,C1195,2025-10-26,completed,cash_on_delivery,app
O01717,C1423,2025-04-28,completed,cash_on_delivery,app
O01718,C0570,2025-03-20,completed,cash_on_delivery,app
O01719,C0118,2025-05-07,cancelled,card,app
O01720,C0681,2025-07-21,completed,card,app
O01721,C0305,2025-10-31,completed,card,app
O01722,C1191,2025-08-03,completed,cash_on_delivery,app
O01723,C1168,2025-11-23,completed,wallet,app
O01724,C0878,2025-12-07,cancelled,wallet,web
O01725,C1327,2025-05-19,completed,cash_on_delivery,web
O01726,C0029,2025-12-08,completed,cash_on_delivery,web
O01727,C0947,2025-12-02,returned,cash_on_delivery,app
O01728,C0227,2025-04-15,completed,cash_on_delivery,web
O01729,C0644,2025-05-19,completed,cash_on_delivery,web
O00257,C0276,2025-09-11,completed,card,web
O01730,C0061,2025-04-16,completed,card,app
O01731,C0561,2025-10-15,returned,card,app
O01732,C0127,2025-06-18,completed,card,web
O01733,C1058,2025-05-15,completed,cash_on_delivery,web
O01734,C1432,2025-04-02,completed,card,app
O01735,C1425,2025-04-10,completed,wallet,web
O01736,C0905,2025-08-11,pending,card,app
O01737,C1281,2025-08-16,completed,cash_on_delivery,app
O01738,C0588,2025-06-24,pending,cash_on_delivery,app
O01739,C0871,2025-08-28,completed,card,web
O01740,C0367,2025-10-28,completed,wallet,app
O01741,C1266,2025-02-28,completed,card,app
O01742,C1064,2025-05-08,completed,cash_on_delivery,web
O01743,C0053,2025-01-04,returned,card,web
O01744,C1178,2025-09-16,cancelled,card,app
O01745,C0175,2025-04-05,cancelled,wallet,web
O01746,C0155,2025-11-23,completed,card,app
O01747,C0956,2025-07-12,completed,card,web
O01748,C0588,2025-05-13,completed,wallet,web
O01749,C1118,2025-03-16,completed,cash_on_delivery,app
O01750,C1182,2025-12-18,pending,cash_on_delivery,web
O01751,C0824,2025-09-21,completed,card,web
O01752,C0514,2025-09-12,returned,cash_on_delivery,app
O01753,C1214,2025-04-22,completed,cash_on_delivery,app
O01754,C0383,2025-12-05,completed,cash_on_delivery,app
O01755,C1148,2025-04-30,completed,wallet,web
O01756,C1398,2025-12-11,completed,cash_on_delivery,app
O01757,C0859,2025-10-08,completed,card,app
O01758,C0737,2025-10-28,completed,cash_on_delivery,app
O01759,C1318,2025-04-15,completed,card,app
O01760,C0609,2025-03-28,completed,wallet,app
O01761,C0040,2025-05-13,completed,cash_on_delivery,app
O01762,C0371,2025-06-29,completed,cash_on_delivery,app
O01763,C1184,2025-08-15,completed,card,web
O01764,C1130,2025-06-13,completed,card,web
O01765,C0745,2025-10-25,completed,card,web
O01766,C1303,2025-12-23,completed,cash_on_delivery,app
O01767,C1414,2025-09-16,completed,cash_on_delivery,web
O01768,C1201,2025-02-02,completed,cash_on_delivery,app
O01769,C1496,2025-12-04,completed,wallet,app
O01770,C0653,2025-05-26,completed,wallet,web
O01771,C0830,2025-04-15,completed,cash_on_delivery,web
O01772,C0871,2025-02-14,completed,cash_on_delivery,web
O01773,C1048,2025-09-10,completed,wallet,app
O01774,C0396,2025-03-03,completed,card,app
O01775,C1454,2025-08-19,completed,card,app
O01776,C0145,2025-11-04,completed,card,web
O01777,C1390,2025-01-08,completed,card,app
O01778,C0535,2025-11-02,completed,card,app
O01779,C0026,2025-08-15,completed,card,app
O01780,C0725,2025-12-11,completed,card,web
O01781,C0232,2025-12-19,completed,card,app
O01782,C0110,2025-08-11,completed,cash_on_delivery,app
O01783,C1064,2025-03-21,pending,card,app
O01784,C0686,2025-08-02,completed,cash_on_delivery,app
O01785,C1462,2025-08-29,completed,wallet,app
O01786,C1206,2025-04-05,pending,card,app
O01787,C0577,2025-09-06,completed,card,app
O01788,C0040,2025-01-30,completed,card,web
O01789,C0133,2025-09-21,completed,card,app
O01790,C0825,2025-04-23,completed,cash_on_delivery,web
O01791,C0365,2025-12-23,completed,card,app
O01792,C0253,2025-05-31,completed,card,web
O01793,C0448,2025-05-14,completed,cash_on_delivery,app
O01794,C0387,2025-07-20,completed,card,app
O01795,C1461,2025-02-07,completed,wallet,web
O01796,C0269,2025-03-11,completed,card,web
O01797,C0612,2025-10-09,cancelled,cash_on_delivery,web
O01798,C0958,2025-11-10,completed,card,app
O01799,C1360,2025-02-05,completed,wallet,web
O01800,C1425,2025-11-08,completed,card,app
O01801,C0371,2025-09-04,completed,wallet,app
O01802,C1441,2025-12-06,cancelled,card,web
O01803,C0196,2025-11-11,completed,card,app
O01804,C1089,2025-06-21,completed,wallet,app
O01805,C1167,2025-12-11,completed,card,app
O01806,C0018,2025-02-14,completed,cash_on_delivery,web
O01807,C0660,2025-11-14,completed,card,web
O01808,C1454,2025-07-12,completed,card,web
O01809,C0148,2025-06-13,completed,cash_on_delivery,web
O01810,C0280,2025-12-27,completed,card,app
O01811,C0147,2025-11-30,cancelled,cash_on_delivery,app
O01812,C1116,2025-12-15,completed,cash_on_delivery,app
O01813,C1156,2025-06-25,completed,card,web
O01814,C0637,2025-12-18,returned,card,app
O01815,C1048,2025-10-12,completed,cash_on_delivery,app
O01816,C0725,2025-07-03,completed,cash_on_delivery,app
O01817,C0899,2025-11-30,pending,card,web
O01818,C0791,2025-03-22,cancelled,cash_on_delivery,app
O01819,C0147,2025-09-02,completed,card,app
O01820,C0828,2025-09-16,pending,card,web
O01821,C1038,2025-04-16,completed,card,app
O01822,C1259,2025-06-10,completed,cash_on_delivery,app
O01823,C1073,2025-11-06,completed,card,app
O01824,C1213,2025-09-14,completed,cash_on_delivery,app
O01825,C0866,2025-04-21,completed,card,web
O01826,C0734,2025-12-22,completed,card,app
O01827,C0356,2025-01-05,cancelled,card,web
O01828,C1198,2025-08-11,completed,cash_on_delivery,app
O01829,C0510,2025-05-17,pending,cash_on_delivery,app
O01830,C0365,2025-12-08,completed,cash_on_delivery,web
O01831,C0266,2025-10-12,completed,wallet,app
O01832,C0894,2025-09-19,pending,card,app
O01833,C0271,2025-07-03,completed,wallet,app
O01834,C0054,2025-07-22,completed,card,app
O01835,C0735,2025-06-30,completed,wallet,app
O01836,C0510,2025-01-26,completed,cash_on_delivery,app
O01837,C1038,2025-04-24,pending,cash_on_delivery,web
O01838,C1466,2025-04-24,completed,wallet,app
O01839,C0613,2025-10-15,cancelled,card,app
O01840,C0611,2025-10-02,cancelled,card,web
O01841,C0681,2025-08-22,completed,cash_on_delivery,web
O01842,C1314,2025-09-20,cancelled,card,app
O01843,C0368,2025-08-12,completed,cash_on_delivery,web
O01844,C0526,2025-07-09,completed,wallet,app
O01845,C1138,2025-09-04,cancelled,card,app
O01846,C1038,2025-11-26,completed,card,web
O01847,C0001,2025-11-08,completed,cash_on_delivery,web
O01848,C0569,2025-05-12,pending,card,app
O01849,C0525,2025-02-03,completed,cash_on_delivery,app
O01850,C0347,2025-01-01,completed,card,web
O01851,C0232,2025-08-30,completed,cash_on_delivery,app
O01852,C1130,2025-09-21,completed,card,app
O01853,C0355,2025-11-02,pending,cash_on_delivery,app
O01854,C0206,2025-01-25,completed,cash_on_delivery,app
O01855,C0723,2025-01-30,completed,cash_on_delivery,web
O01856,C0347,2025-05-02,completed,cash_on_delivery,app
O01857,C1076,2025-08-15,completed,cash_on_delivery,web
O01858,C1321,2025-03-13,completed,card,app
O01859,C1305,2025-11-20,pending,cash_on_delivery,app
O01860,C1129,2025-10-24,completed,card,app
O01861,C1021,2025-11-23,pending,card,app
O01862,C0844,2025-05-01,pending,card,web
O01863,C0236,2025-12-08,completed,card,app
O01864,C0977,2025-08-08,cancelled,card,app
O01865,C0862,2025-11-22,pending,card,app
O01866,C0565,2025-10-05,completed,card,web
O01867,C1129,2025-05-10,completed,card,app
O01868,C0715,2025-08-20,returned,card,app
O01869,C0907,2025-09-17,completed,cash_on_delivery,web
O01870,C1090,2025-06-08,completed,cash_on_delivery,web
O01871,C0110,2025-10-01,completed,cash_on_delivery,web
O01872,C0754,2025-06-03,completed,card,app
O01873,C0882,2025-07-23,completed,cash_on_delivery,web
O01874,C0663,2025-01-05,completed,card,app
O01875,C1162,2025-11-15,completed,cash_on_delivery,app
O01876,C0969,2025-04-18,completed,cash_on_delivery,web
O01877,C0449,2025-01-22,completed,cash_on_delivery,app
O01878,C1421,2025-09-14,completed,card,app
O01879,C1136,2025-07-21,cancelled,card,app
O01880,C1255,2025-02-28,pending,card,app
O01881,C0991,2025-03-30,completed,wallet,web
O01882,C1441,2025-06-09,completed,card,app
O01883,C0664,2025-06-20,completed,wallet,app
O01884,C0008,2025-06-05,completed,card,web
O01885,C1073,2025-04-05,completed,cash_on_delivery,app
O01886,C0071,2025-10-06,pending,cash_on_delivery,app
O01887,C0299,2025-04-26,cancelled,card,web
O01888,C0280,2025-10-30,completed,card,web
O01889,C1047,2025-12-14,completed,cash_on_delivery,web
O01890,C1227,2025-07-09,completed,card,web
O01891,C0535,2025-12-27,completed,card,app
O01892,C0452,2025-01-28,completed,cash_on_delivery,web
O01893,C0133,2025-09-05,completed,cash_on_delivery,app
O01894,C1309,2025-08-30,completed,cash_on_delivery,app
O01895,C0992,2025-07-15,completed,card,app
O01896,C0526,2025-10-03,completed,card,app
O01897,C1008,2025-05-02,completed,card,web
O01898,C1454,2025-10-25,cancelled,cash_on_delivery,web
O01899,C1315,2025-10-29,completed,card,web
O01900,C0001,2025-06-17,completed,card,app
O01901,C0700,2025-12-30,completed,cash_on_delivery,web
O01902,C0579,2025-10-30,completed,cash_on_delivery,app
O01903,C0577,2025-04-05,returned,card,app
O01904,C0459,2025-07-28,completed,wallet,app
O01905,C1321,2025-10-17,completed,card,app
O01906,C0843,2025-01-17,completed,card,web
O01907,C0363,2025-06-09,pending,cash_on_delivery,app
O01908,C0684,2025-11-19,completed,card,web
O01909,C0535,2025-11-22,completed,wallet,web
O01910,C0065,2025-10-27,completed,card,app
O01911,C0228,2025-05-10,completed,card,app
O01912,C0952,2025-08-23,completed,wallet,app
O01913,C0773,2025-10-16,completed,cash_on_delivery,web
O01914,C0653,2025-10-22,completed,cash_on_delivery,web
O01915,C1038,2025-08-06,completed,card,web
O01916,C0916,2025-07-03,completed,card,web
O01917,C0670,2025-09-11,pending,card,web
O01918,C0999,2025-09-15,completed,card,app
O01919,C1038,2025-09-15,completed,card,web
O01920,C0026,2025-02-27,completed,cash_on_delivery,web
O01921,C1303,2025-12-07,completed,card,app
O01922,C1281,2025-06-11,completed,cash_on_delivery,app
O01923,C1073,2025-06-21,pending,cash_on_delivery,app
O01924,C0818,2025-12-20,completed,card,app
O01925,C0071,2025-10-08,completed,wallet,app
O01926,C0824,2025-03-31,completed,card,web
O01927,C0667,2025-09-04,completed,card,web
O01928,C0706,2025-07-24,completed,cash_on_delivery,web
O01929,C0486,2025-03-26,completed,wallet,web
O01930,C1059,2025-08-10,completed,wallet,app
O01931,C0253,2025-01-17,completed,wallet,app
O01932,C0299,2025-01-19,completed,card,web
O01933,C1360,2025-09-24,completed,cash_on_delivery,web
O01934,C1244,2025-03-23,completed,card,web
O01935,C1319,2025-06-15,completed,cash_on_delivery,app
O01936,C0605,2025-02-24,completed,card,app
O01937,C1047,2025-07-25,completed,card,app
O01938,C0581,2025-07-23,completed,wallet,app
O01939,C1235,2025-07-16,completed,cash_on_delivery,app
O01940,C1313,2025-04-11,completed,wallet,web
O01941,C0416,2025-03-06,completed,wallet,web
O01942,C0857,2025-05-22,completed,wallet,web
O01943,C0112,2025-11-16,completed,card,web
O01944,C1294,2025-03-31,completed,cash_on_delivery,app
O01945,C0475,2025-12-16,completed,wallet,app
O01946,C1152,2025-05-05,completed,cash_on_delivery,app
O01947,C0470,2025-10-30,completed,card,app
O01948,C0318,2025-09-20,completed,cash_on_delivery,app
O01949,C0486,2025-08-14,completed,card,app
O01950,C0376,2025-03-01,cancelled,cash_on_delivery,app
O01951,C1204,2025-01-03,cancelled,cash_on_delivery,web
O01952,C1327,2025-06-27,completed,cash_on_delivery,app
O01953,C0452,2025-11-09,completed,wallet,web
O01954,C0293,2025-01-02,completed,wallet,app
O01955,C0548,2025-12-04,completed,wallet,web
O01956,C0054,2025-06-07,completed,wallet,app
O01957,C0988,2025-04-23,returned,card,web
O01958,C0680,2025-09-12,completed,card,web
O01959,C0497,2025-08-14,completed,card,web
O01960,C1123,2025-09-18,completed,wallet,web
O01961,C0799,2025-03-01,cancelled,card,web
O01962,C0396,2025-02-04,completed,card,app
O01963,C0723,2025-06-24,cancelled,card,app
O01964,C0778,2025-06-03,completed,card,web
O01965,C1437,2025-03-02,completed,cash_on_delivery,app
O01966,C1493,2025-05-08,completed,cash_on_delivery,web
O01967,C0283,2025-07-16,completed,wallet,app
O01968,C0200,2025-02-22,pending,card,web
O01969,C0493,2025-09-18,completed,wallet,web
O01970,C0200,2025-11-26,completed,card,app
O01971,C1287,2025-11-27,completed,wallet,web
O01972,C0378,2025-03-24,completed,cash_on_delivery,web
O01973,C0822,2025-01-06,completed,card,app
O01974,C1206,2025-11-03,completed,wallet,app
O01975,C0091,2025-03-23,completed,card,app
O03724,C0277,2025-04-15,completed,card,app
O01976,C0505,2025-02-23,completed,cash_on_delivery,app
O01977,C1216,2025-04-13,completed,wallet,app
O01978,C1028,2025-12-05,completed,card,app
O01979,C1284,2025-04-10,completed,cash_on_delivery,app
O01980,C1452,2025-10-07,pending,card,app
O01981,C0365,2025-05-06,completed,cash_on_delivery,app
O01982,C0739,2025-08-31,cancelled,cash_on_delivery,app
O01983,C1175,2025-02-14,completed,wallet,app
O01984,C0347,2025-05-18,completed,card,web
O01985,C0604,2025-01-25,returned,card,web
O01986,C1432,2025-05-22,completed,cash_on_delivery,app
O01987,C0490,2025-08-16,returned,card,web
O01988,C1218,2025-08-07,completed,wallet,app
O01989,C1018,2025-03-04,pending,card,web
O01990,C0868,2025-11-03,completed,cash_on_delivery,app
O01991,C1493,2025-10-25,completed,cash_on_delivery,app
O01992,C1227,2025-08-14,pending,cash_on_delivery,app
O01993,C0802,2025-11-22,completed,wallet,web
O01994,C1196,2025-10-19,completed,card,app
O01995,C0048,2025-10-21,completed,card,web
O01996,C0241,2025-11-11,completed,card,web
O01997,C0846,2025-02-11,completed,cash_on_delivery,app
O01998,C0751,2025-05-10,completed,cash_on_delivery,app
O01999,C0437,2025-11-07,completed,cash_on_delivery,app
O02000,C0992,2025-08-22,completed,cash_on_delivery,web
O02001,C1171,2025-04-17,returned,card,web
O02002,C0016,2025-12-21,completed,card,app
O02003,C0268,2025-09-15,returned,card,app
O02004,C0403,2025-09-06,completed,cash_on_delivery,app
O02005,C0742,2025-03-10,completed,card,app
O02006,C1338,2025-12-08,completed,card,app
O02007,C0799,2025-10-03,completed,card,web
O02008,C0723,2025-01-10,completed,card,web
O02009,C0347,2025-04-17,completed,card,app
O02010,C1498,2025-05-29,completed,wallet,web
O02011,C1410,2025-12-07,completed,card,app
O02012,C0187,2025-08-26,completed,wallet,app
O02013,C0001,2025-08-16,completed,cash_on_delivery,app
O02014,C0383,2025-12-23,completed,cash_on_delivery,app
O02015,C1244,2025-03-21,completed,wallet,web
O02016,C1197,2025-04-11,pending,wallet,web
O02017,C1495,2025-09-23,completed,card,web
O02018,C0147,2025-06-27,cancelled,card,app
O02019,C0368,2025-10-29,completed,card,web
O02020,C0366,2025-03-01,completed,cash_on_delivery,web
O02021,C0151,2025-08-26,cancelled,cash_on_delivery,app
O02022,C0157,2025-01-25,completed,card,app
O02023,C1052,2025-09-27,completed,wallet,app
O02024,C1305,2025-10-31,completed,card,app
O02025,C1440,2025-01-31,completed,cash_on_delivery,web
O02026,C1390,2025-08-29,completed,card,app
O02027,C0947,2025-05-28,completed,card,app
O02028,C0956,2025-08-20,completed,card,web
O02029,C0486,2025-05-06,completed,card,app
O02030,C0267,2025-07-27,returned,wallet,app
O02031,C0378,2025-08-25,completed,wallet,web
O02032,C0310,2025-05-08,completed,card,app
O02033,C0282,2025-04-09,completed,card,app
O02034,C1339,2025-09-23,completed,cash_on_delivery,app
O02035,C0974,2025-02-18,completed,cash_on_delivery,app
O02036,C0569,2025-09-28,cancelled,cash_on_delivery,app
O02037,C1467,2025-05-05,returned,card,app
O02038,C1254,2025-10-13,completed,card,web
O02039,C0761,2025-11-02,completed,cash_on_delivery,app
O02040,C1124,2025-09-21,pending,wallet,web
O02041,C0280,2025-11-19,cancelled,cash_on_delivery,app
O02042,C0603,2025-12-19,completed,card,app
O02043,C1477,2025-11-14,completed,cash_on_delivery,app
O02044,C0248,2025-03-16,completed,wallet,app
O02045,C0949,2025-01-09,completed,wallet,app
O02046,C0207,2025-10-27,completed,wallet,web
O02047,C0390,2025-05-29,completed,cash_on_delivery,web
O02048,C0387,2025-04-29,cancelled,cash_on_delivery,app
O02049,C1205,2025-11-01,completed,card,app
O02050,C0602,2025-02-03,pending,card,app
O02051,C1464,2025-03-09,completed,wallet,app
O02052,C0282,2025-12-28,pending,cash_on_delivery,web
O02053,C0211,2025-08-26,completed,card,app
O02054,C0112,2025-07-23,returned,card,app
O02055,C1198,2025-08-01,completed,wallet,web
O02056,C0375,2025-06-26,completed,cash_on_delivery,app
O02057,C0369,2025-07-01,cancelled,wallet,web
O02058,C0363,2025-05-23,completed,card,web
O02059,C1309,2025-03-20,completed,card,app
O02060,C1049,2025-05-05,completed,wallet,app
O02061,C0369,2025-12-12,completed,card,app
O02062,C0151,2025-03-26,completed,wallet,web
O02063,C1410,2025-12-04,returned,wallet,app
O02064,C1423,2025-02-08,completed,cash_on_delivery,app
O02065,C0460,2025-04-08,cancelled,cash_on_delivery,app
O02066,C0882,2025-05-30,returned,card,web
O02067,C0307,2025-01-21,completed,card,app
O02068,C0952,2025-11-05,completed,wallet,app
O02069,C0416,2025-06-03,completed,cash_on_delivery,app
O02070,C0448,2025-09-04,cancelled,wallet,app
O02071,C0586,2025-08-28,pending,cash_on_delivery,web
O02072,C0365,2025-12-24,completed,card,web
O02073,C0254,2025-04-17,completed,card,app
O02074,C0912,2025-03-24,completed,card,app
O02075,C0487,2025-07-24,completed,card,app
O02076,C0310,2025-09-22,completed,wallet,web
O02077,C0369,2025-03-11,completed,cash_on_delivery,app
O02078,C0878,2025-11-07,completed,card,app
O02079,C1152,2025-06-09,completed,card,web
O02080,C0486,2025-09-05,cancelled,card,app
O02081,C1467,2025-05-10,completed,wallet,web
O02082,C0392,2025-10-04,completed,card,app
O02083,C1358,2025-10-17,completed,wallet,web
O02084,C1237,2025-05-12,completed,cash_on_delivery,web
O02085,C1108,2025-01-05,pending,cash_on_delivery,app
O02086,C0993,2025-04-03,completed,cash_on_delivery,web
O02087,C1421,2025-10-24,completed,card,web
O02088,C0471,2025-08-07,returned,cash_on_delivery,app
O02089,C0155,2025-05-15,completed,card,app
O02090,C0397,2025-01-07,completed,wallet,web
O02091,C0743,2025-07-16,completed,cash_on_delivery,web
O02092,C0199,2025-07-19,completed,card,app
O02093,C0070,2025-09-02,completed,cash_on_delivery,app
O02094,C1109,2025-11-03,returned,card,app
O02095,C0348,2025-08-03,pending,cash_on_delivery,web
O02096,C0228,2025-10-11,completed,cash_on_delivery,web
O02097,C1048,2025-12-31,completed,wallet,app
O02098,C1459,2025-02-13,pending,card,app
O02099,C0995,2025-05-10,completed,card,web
O02100,C0686,2025-11-04,completed,wallet,web
O02101,C0535,2025-05-12,completed,card,app
O02102,C0529,2025-04-17,completed,card,app
O02103,C0988,2025-04-29,completed,cash_on_delivery,app
O02104,C0471,2025-09-17,returned,cash_on_delivery,app
O02105,C0099,2025-06-15,returned,cash_on_delivery,app
O02106,C1067,2025-02-05,returned,cash_on_delivery,app
O02107,C0231,2025-01-09,completed,card,app
O02108,C0606,2025-11-16,completed,cash_on_delivery,web
O02109,C1402,2025-09-18,completed,cash_on_delivery,app
O02110,C0752,2025-09-27,pending,card,web
O02111,C1119,2025-12-28,pending,cash_on_delivery,app
O02112,C0230,2025-12-07,returned,cash_on_delivery,web
O02113,C0358,2025-03-17,completed,wallet,app
O02114,C0640,2025-11-04,completed,cash_on_delivery,app
O02115,C1073,2025-11-11,completed,wallet,web
O02116,C0161,2025-08-19,completed,cash_on_delivery,app
O02117,C0950,2025-12-21,completed,card,app
O02118,C0016,2025-11-07,completed,card,web
O02119,C0285,2025-05-27,completed,card,web
O02120,C1064,2025-02-22,completed,cash_on_delivery,app
O02121,C0174,2025-03-23,completed,cash_on_delivery,web
O02122,C0200,2025-06-09,completed,wallet,app
O02123,C0239,2025-04-06,completed,cash_on_delivery,app
O02124,C0684,2025-07-11,completed,wallet,web
O02125,C1361,2025-05-10,completed,card,web
O02126,C0878,2025-03-23,completed,cash_on_delivery,web
O02127,C0548,2025-05-11,completed,wallet,app
O02128,C1038,2025-08-31,completed,wallet,app
O02129,C1459,2025-10-14,completed,card,web
O02130,C0774,2025-07-30,cancelled,card,app
O02131,C0792,2025-10-13,completed,card,web
O02132,C0075,2025-08-02,completed,wallet,web
O02133,C0678,2025-06-12,completed,card,app
O02134,C0433,2025-08-22,completed,cash_on_delivery,app
O02135,C0170,2025-03-10,returned,card,app
O02136,C1314,2025-11-22,completed,card,web
O02137,C0791,2025-08-22,completed,cash_on_delivery,web
O02138,C0150,2025-10-23,completed,card,app
O02139,C0542,2025-08-11,completed,card,app
O02140,C1452,2025-10-01,completed,cash_on_delivery,web
O02141,C0732,2025-10-31,cancelled,cash_on_delivery,web
O02142,C0736,2025-07-08,completed,cash_on_delivery,app
O02143,C0609,2025-10-01,cancelled,card,app
O02144,C1060,2025-05-19,pending,card,app
O02145,C1109,2025-02-12,cancelled,cash_on_delivery,web
O02146,C0306,2025-05-20,completed,cash_on_delivery,app
O02147,C0745,2025-09-23,completed,cash_on_delivery,web
O02148,C1016,2025-11-07,completed,cash_on_delivery,app
O02149,C0233,2025-08-20,completed,wallet,app
O02150,C0470,2025-12-02,completed,card,app
O02151,C0322,2025-11-10,pending,card,app
O02152,C0392,2025-12-01,completed,card,web
O02153,C0437,2025-12-05,completed,cash_on_delivery,web
O02154,C0753,2025-04-15,completed,card,web
O02155,C0681,2025-05-27,completed,wallet,app
O02156,C0366,2025-04-10,completed,cash_on_delivery,web
O02157,C1173,2025-12-07,completed,wallet,app
O02158,C0219,2025-05-15,returned,cash_on_delivery,app
O02159,C1386,2025-01-11,completed,card,web
O02160,C1216,2025-04-28,completed,cash_on_delivery,app
O02161,C0892,2025-12-06,returned,wallet,web
O02162,C0230,2025-11-12,completed,card,web
O02163,C1129,2025-03-16,completed,card,app
O02164,C0267,2025-05-29,completed,card,web
O02165,C1459,2025-02-03,completed,card,web
O02166,C0577,2025-01-11,returned,cash_on_delivery,app
O02167,C0066,2025-05-10,completed,card,app
O02168,C1424,2025-08-28,completed,card,app
O02169,C0838,2025-10-10,completed,card,web
O02170,C1151,2025-08-24,completed,cash_on_delivery,app
O02171,C1067,2025-05-19,completed,card,web
O02172,C1173,2025-11-27,completed,wallet,web
O02173,C1271,2025-09-01,completed,card,app
O02174,C0808,2025-03-16,completed,card,web
O02175,C0008,2025-09-05,completed,cash_on_delivery,app
O02176,C0135,2025-04-09,completed,card,app
O02177,C0219,2025-12-20,completed,card,web
O02178,C0277,2025-01-18,cancelled,card,web
O02179,C1241,2025-12-12,completed,cash_on_delivery,app
O02180,C0353,2025-08-15,cancelled,cash_on_delivery,app
O02181,C1250,2025-06-30,completed,card,app
O02182,C1061,2025-05-03,completed,card,web
O02183,C1099,2025-11-07,completed,card,web
O02184,C0579,2025-11-16,cancelled,card,app
O02185,C0723,2025-04-13,completed,cash_on_delivery,app
O02186,C0577,2025-02-13,completed,cash_on_delivery,app
O02187,C1173,2025-03-29,completed,card,web
O02188,C0192,2025-10-06,completed,card,app
O02189,C0346,2025-07-03,completed,card,web
O02190,C1182,2025-02-05,completed,wallet,app
O02191,C0653,2025-12-28,pending,wallet,app
O02192,C0667,2025-12-29,completed,card,web
O02193,C0710,2025-12-24,completed,card,web
O02194,C0947,2025-10-15,returned,card,web
O02195,C1328,2025-07-24,completed,card,web
O02196,C0467,2025-08-26,cancelled,wallet,app
O03077,C1241,2025-10-20,completed,card,app
O02197,C1038,2025-05-10,returned,cash_on_delivery,app
O02198,C0749,2025-07-09,cancelled,cash_on_delivery,web
O02199,C0475,2025-10-03,completed,cash_on_delivery,app
O02200,C0532,2025-04-04,completed,card,web
O02201,C1423,2025-11-18,completed,card,app
O02202,C0604,2025-08-15,completed,cash_on_delivery,app
O02203,C1224,2025-02-04,returned,card,app
O02204,C0093,2025-11-28,returned,card,app
O02205,C1432,2025-03-29,completed,cash_on_delivery,app
O02206,C0226,2025-10-26,completed,cash_on_delivery,web
O02207,C0910,2025-09-02,completed,cash_on_delivery,app
O02208,C0178,2025-08-23,completed,card,app
O02209,C0397,2025-01-25,completed,cash_on_delivery,app
O02210,C1430,2025-04-29,completed,wallet,web
O02211,C1213,2025-02-21,cancelled,wallet,app
O02212,C0613,2025-03-28,completed,card,app
O02213,C0609,2025-04-24,completed,cash_on_delivery,web
O02214,C0786,2025-02-24,completed,wallet,app
O02215,C1280,2025-11-08,completed,cash_on_delivery,app
O02216,C0387,2025-03-15,completed,wallet,app
O02217,C1329,2025-12-14,completed,wallet,app
O02218,C1024,2025-04-20,completed,card,web
O02219,C1442,2025-04-02,completed,card,web
O02220,C0054,2025-11-11,cancelled,cash_on_delivery,web
O02221,C0471,2025-10-16,completed,card,app
O02222,C0249,2025-12-05,completed,cash_on_delivery,app
O02223,C1454,2025-05-22,completed,cash_on_delivery,app
O02224,C0215,2025-10-30,completed,card,app
O02225,C0677,2025-07-15,cancelled,cash_on_delivery,web
O02226,C0170,2025-01-23,pending,wallet,web
O02227,C1323,2025-01-13,completed,card,app
O02228,C0069,2025-05-14,completed,card,app
O02229,C0460,2025-10-09,cancelled,card,app
O02230,C1259,2025-09-17,completed,cash_on_delivery,app
O02231,C0499,2025-09-03,completed,cash_on_delivery,web
O02232,C1079,2025-08-29,returned,wallet,web
O02233,C1151,2025-04-26,completed,cash_on_delivery,app
O02234,C1100,2025-05-28,completed,card,app
O02235,C0637,2025-04-25,completed,card,app
O02236,C0882,2025-09-22,completed,card,app
O02237,C1269,2025-12-31,pending,cash_on_delivery,app
O02238,C0130,2025-02-16,completed,cash_on_delivery,web
O02239,C1016,2025-08-14,completed,wallet,web
O02240,C0613,2025-04-29,completed,card,web
O02241,C0018,2025-01-21,completed,card,web
O02242,C0571,2025-01-13,cancelled,cash_on_delivery,web
O02243,C1314,2025-06-02,pending,cash_on_delivery,app
O02244,C1078,2025-08-30,completed,card,web
O02245,C0681,2025-11-29,completed,cash_on_delivery,web
O02246,C0322,2025-02-22,cancelled,cash_on_delivery,app
O02247,C1167,2025-12-18,completed,card,web
O02248,C1273,2025-01-23,completed,cash_on_delivery,web
O02249,C1287,2025-11-17,completed,card,app
O02250,C1454,2025-11-04,returned,wallet,web
O02251,C0397,2025-12-20,completed,wallet,web
O02252,C0264,2025-06-03,cancelled,card,app
O02253,C0561,2025-04-02,completed,wallet,app
O02254,C0397,2025-11-26,completed,card,web
O02255,C0752,2025-03-01,completed,card,web
O02256,C1080,2025-11-19,completed,card,web
O02257,C0882,2025-03-16,completed,cash_on_delivery,app
O02258,C0993,2025-04-24,completed,cash_on_delivery,app
O02259,C0803,2025-08-21,completed,card,web
O02260,C0112,2025-11-16,completed,card,app
O02261,C0392,2025-03-01,pending,card,app
O02262,C0843,2025-12-31,pending,card,app
O02263,C0029,2025-12-23,completed,cash_on_delivery,web
O02264,C1454,2025-07-31,completed,card,app
O02265,C1498,2025-11-20,completed,wallet,app
O02266,C1065,2025-06-21,completed,cash_on_delivery,app
O02267,C1201,2025-12-10,completed,cash_on_delivery,web
O02268,C0570,2025-01-05,completed,wallet,app
O02269,C1305,2025-09-10,completed,cash_on_delivery,web
O02270,C0366,2025-06-20,completed,card,web
O02271,C0449,2025-07-14,completed,card,app
O02272,C0264,2025-08-25,completed,wallet,web
O02273,C0200,2025-12-25,completed,card,web
O02274,C1055,2025-07-23,completed,card,web
O02275,C0155,2025-04-06,completed,cash_on_delivery,app
O02276,C1021,2025-12-01,completed,card,app
O02277,C0217,2025-04-21,completed,cash_on_delivery,web
O02278,C0131,2025-08-03,completed,card,web
O02279,C0226,2025-12-19,completed,cash_on_delivery,app
O02280,C0341,2025-03-15,completed,wallet,web
O02281,C0613,2025-08-06,returned,card,web
O02282,C1028,2025-06-13,completed,cash_on_delivery,app
O02283,C1016,2025-08-15,completed,cash_on_delivery,web
O02284,C0448,2025-06-23,completed,wallet,web
O02285,C0308,2025-05-22,completed,wallet,app
O02286,C0375,2025-07-13,completed,cash_on_delivery,app
O02287,C0279,2025-09-11,cancelled,card,app
O02288,C0684,2025-09-12,completed,card,web
O02289,C1402,2025-06-14,returned,wallet,app
O02290,C1313,2025-02-27,completed,wallet,app
O02291,C0604,2025-11-18,completed,cash_on_delivery,app
O02292,C1321,2025-03-14,completed,card,app
O02293,C0475,2025-02-13,completed,cash_on_delivery,app
O02294,C0631,2025-11-12,completed,card,app
O02295,C0264,2025-09-04,completed,card,web
O02296,C0249,2025-10-04,completed,card,web
O02297,C1037,2025-12-07,returned,wallet,web
O02298,C1358,2025-02-26,completed,wallet,web
O02299,C1175,2025-11-10,completed,card,app
O02300,C0523,2025-08-15,completed,cash_on_delivery,app
O02301,C0603,2025-12-24,completed,card,web
O02302,C0157,2025-09-01,pending,wallet,app
O02303,C0232,2025-09-24,completed,card,app
O02304,C0694,2025-10-06,completed,wallet,app
O02305,C0570,2025-05-17,completed,card,app
O02306,C0253,2025-11-03,completed,cash_on_delivery,app
O02307,C0134,2025-11-03,cancelled,cash_on_delivery,app
O02308,C0239,2025-10-07,completed,card,web
O02309,C0269,2025-08-16,completed,cash_on_delivery,web
O02310,C0993,2025-03-02,completed,cash_on_delivery,app
O02311,C0214,2025-07-21,returned,wallet,app
O02312,C0459,2025-04-01,returned,card,web
O01740,C0367,2025-10-28,completed,wallet,app
O02313,C1454,2025-09-14,completed,cash_on_delivery,web
O02314,C0341,2025-07-17,completed,cash_on_delivery,web
O02315,C1396,2025-08-22,completed,cash_on_delivery,app
O02316,C0853,2025-09-16,completed,cash_on_delivery,web
O02317,C0878,2025-08-25,completed,cash_on_delivery,web
O02318,C0637,2025-12-22,completed,card,web
O02319,C0071,2025-06-09,completed,card,app
O02320,C1241,2025-03-26,completed,cash_on_delivery,app
O02321,C1067,2025-01-21,completed,card,app
O02322,C1159,2025-05-05,completed,card,web
O02323,C0962,2025-12-19,completed,card,app
O02324,C0016,2025-02-22,completed,card,app
O02325,C0372,2025-02-27,completed,cash_on_delivery,app
O02326,C0712,2025-09-25,completed,wallet,app
O02327,C1233,2025-03-10,completed,card,web
O02328,C1178,2025-09-18,cancelled,card,web
O02329,C0376,2025-04-29,completed,card,app
O02330,C1273,2025-11-16,completed,card,web
O02331,C1093,2025-11-18,completed,card,app
O02332,C0587,2025-03-05,completed,card,app
O02333,C1146,2025-08-23,completed,card,web
O02334,C1058,2025-11-23,completed,wallet,app
O02335,C0326,2025-11-05,completed,cash_on_delivery,web
O02336,C1042,2025-11-12,completed,cash_on_delivery,web
O02337,C1457,2025-11-23,completed,cash_on_delivery,web
O02338,C1382,2025-10-29,completed,cash_on_delivery,app
O02339,C0734,2025-05-21,completed,card,web
O02340,C0725,2025-02-24,completed,card,web
O02341,C0637,2025-10-08,cancelled,card,app
O02342,C0681,2025-08-31,completed,cash_on_delivery,app
O02343,C0277,2025-01-29,completed,cash_on_delivery,app
O02344,C1333,2025-06-11,completed,card,web
O02345,C0609,2025-01-01,completed,cash_on_delivery,web
O02346,C1206,2025-11-01,pending,wallet,app
O02347,C0490,2025-05-20,pending,wallet,app
O02348,C1432,2025-03-27,completed,card,app
O02349,C0657,2025-10-01,completed,card,app
O02350,C0603,2025-12-12,completed,wallet,app
O02351,C1198,2025-04-27,completed,card,app
O02352,C0387,2025-04-15,completed,cash_on_delivery,app
O02353,C0660,2025-08-31,completed,cash_on_delivery,web
O02354,C0556,2025-04-29,completed,cash_on_delivery,web
O02355,C1214,2025-08-12,returned,card,web
O02356,C0710,2025-09-12,completed,wallet,app
O02357,C0993,2025-10-25,cancelled,card,app
O02358,C0563,2025-09-30,completed,wallet,web
O02359,C0946,2025-09-14,completed,card,app
O02360,C0710,2025-12-25,pending,wallet,app
O02361,C0916,2025-12-30,pending,wallet,web
O02362,C0071,2025-09-12,completed,cash_on_delivery,app
O02363,C0187,2025-04-10,completed,cash_on_delivery,app
O02364,C0008,2025-04-01,completed,card,web
O02365,C0255,2025-01-04,completed,card,app
O02366,C0080,2025-11-22,completed,card,app
O02367,C1336,2025-06-17,completed,cash_on_delivery,app
O02368,C0834,2025-04-24,completed,card,web
O02369,C0239,2025-01-27,completed,card,app
O02370,C0085,2025-02-27,completed,cash_on_delivery,web
O02371,C0008,2025-10-05,completed,cash_on_delivery,app
O02372,C1309,2025-10-22,completed,wallet,web
O02373,C0092,2025-01-04,completed,card,web
O02374,C0029,2025-05-22,returned,wallet,web
O02375,C0287,2025-07-14,completed,cash_on_delivery,app
O02376,C0029,2025-08-22,completed,card,app
O02377,C1454,2025-05-23,completed,card,web
O02378,C1116,2025-03-03,completed,cash_on_delivery,web
O02379,C0127,2025-02-16,completed,wallet,app
O02380,C0468,2025-04-19,completed,card,app
O02381,C0264,2025-12-31,pending,card,app
O02382,C1209,2025-01-04,completed,wallet,web
O02383,C1425,2025-09-14,completed,card,app
O02384,C1227,2025-01-23,returned,card,app
O02385,C0216,2025-09-08,completed,cash_on_delivery,web
O02386,C0425,2025-09-09,pending,wallet,app
O02387,C1497,2025-11-22,completed,cash_on_delivery,web
O02388,C0001,2025-01-31,completed,cash_on_delivery,web
O02389,C0730,2025-12-06,completed,cash_on_delivery,web
O02390,C1454,2025-03-13,completed,card,app
O02391,C1442,2025-09-19,pending,cash_on_delivery,app
O02392,C0525,2025-11-06,completed,card,app
O02393,C0808,2025-04-21,cancelled,wallet,web
O02394,C0054,2025-11-10,pending,card,web
O02395,C1241,2025-02-19,completed,wallet,app
O02396,C0523,2025-11-29,completed,card,web
O02397,C0882,2025-01-03,cancelled,card,app
O02398,C0906,2025-06-20,completed,card,app
O02399,C0382,2025-07-30,pending,card,web
O02400,C0493,2025-11-17,completed,card,web
O02401,C0187,2025-10-19,completed,wallet,app
O02402,C1382,2025-12-07,completed,wallet,app
O02403,C1241,2025-11-24,completed,cash_on_delivery,web
O02404,C1152,2025-01-09,completed,wallet,app
O02405,C1364,2025-01-14,completed,wallet,app
O02406,C1175,2025-03-19,completed,wallet,app
O02407,C0282,2025-08-31,completed,card,app
O02408,C0744,2025-11-01,completed,card,app
O02409,C0525,2025-06-05,completed,cash_on_delivery,app
O02410,C0452,2025-11-13,completed,cash_on_delivery,app
O02411,C1179,2025-12-03,pending,wallet,web
O02412,C0171,2025-08-03,completed,wallet,app
O02413,C1059,2025-01-14,completed,wallet,app
O02414,C0816,2025-11-03,completed,wallet,app
O02415,C0808,2025-06-23,completed,card,app
O02416,C0843,2025-04-06,completed,cash_on_delivery,app
O02417,C1413,2025-11-10,completed,cash_on_delivery,app
O02418,C0196,2025-06-23,completed,cash_on_delivery,app
O02419,C1488,2025-12-24,pending,card,web
O02420,C0531,2025-12-06,completed,card,web
O02421,C0397,2025-12-13,returned,card,app
O02422,C1233,2025-09-11,completed,cash_on_delivery,web
O02423,C0185,2025-12-21,completed,cash_on_delivery,app
O02424,C0844,2025-03-18,completed,cash_on_delivery,web
O02425,C0347,2025-10-30,cancelled,cash_on_delivery,app
O02426,C1185,2025-05-26,completed,wallet,web
O02427,C1495,2025-11-03,completed,card,app
O02428,C0425,2025-05-10,completed,card,app
O02429,C0526,2025-04-14,completed,card,app
O02430,C0844,2025-08-24,cancelled,cash_on_delivery,web
O02431,C0592,2025-07-05,pending,cash_on_delivery,app
O02432,C0396,2025-11-30,completed,card,app
O02433,C0148,2025-06-05,returned,card,web
O02434,C1459,2025-11-28,completed,card,web
O02435,C0196,2025-03-19,cancelled,card,app
O02436,C0386,2025-12-29,pending,card,web
O02437,C0053,2025-12-21,completed,card,app
O02438,C0561,2025-10-06,completed,card,web
O02439,C0270,2025-11-25,returned,cash_on_delivery,app
O02440,C1021,2025-03-09,completed,card,app
O02441,C0778,2025-10-05,returned,cash_on_delivery,app
O02442,C0397,2025-06-28,completed,cash_on_delivery,app
O02443,C0808,2025-09-28,completed,cash_on_delivery,app
O02444,C0175,2025-02-11,completed,cash_on_delivery,app
O02445,C1058,2025-05-17,completed,card,app
O02446,C0185,2025-10-30,returned,card,app
O02447,C1028,2025-11-17,completed,cash_on_delivery,web
O02448,C0174,2025-05-14,completed,card,web
O02449,C0725,2025-11-11,cancelled,cash_on_delivery,app
O02450,C1497,2025-06-10,completed,card,web
O02451,C0437,2025-02-05,completed,card,app
O02452,C0814,2025-10-21,completed,card,app
O02453,C1191,2025-09-24,completed,card,web
O02454,C0464,2025-09-28,completed,card,web
O02455,C0824,2025-11-27,completed,card,web
O02456,C0387,2025-11-05,cancelled,card,web
O02457,C0080,2025-01-18,pending,cash_on_delivery,app
O02458,C0151,2025-03-19,completed,wallet,app
O02459,C0912,2025-10-18,completed,card,app
O02460,C0561,2025-03-30,completed,card,app
O02461,C0230,2025-12-22,completed,card,app
O02462,C1262,2025-04-30,completed,wallet,web
O02463,C0207,2025-07-27,completed,cash_on_delivery,app
O02464,C1182,2025-06-28,completed,cash_on_delivery,app
O02465,C0375,2025-08-24,completed,cash_on_delivery,web
O02466,C0271,2025-05-18,completed,cash_on_delivery,app
O02467,C1425,2025-06-28,completed,card,app
O02468,C1498,2025-04-29,completed,wallet,web
O02469,C0880,2025-09-28,completed,card,app
O02470,C0175,2025-05-27,completed,wallet,web
O02471,C0448,2025-09-23,completed,card,app
O02472,C1018,2025-12-15,completed,card,app
O02473,C0396,2025-09-19,completed,cash_on_delivery,web
O02474,C1047,2025-05-16,completed,cash_on_delivery,web
O02475,C0905,2025-06-27,completed,card,app
O02476,C1244,2025-07-02,completed,wallet,app
O02477,C0131,2025-05-20,completed,card,web
O02478,C0048,2025-03-10,completed,card,app
O02479,C0730,2025-03-22,completed,card,web
O02480,C1243,2025-01-21,returned,cash_on_delivery,app
O02481,C0855,2025-08-09,cancelled,card,app
O02482,C1015,2025-11-25,returned,card,web
O02483,C1016,2025-08-25,completed,card,app
O02484,C1167,2025-06-11,completed,cash_on_delivery,web
O02485,C1368,2025-07-14,returned,cash_on_delivery,web
O02486,C1373,2025-01-10,completed,card,web
O02487,C0200,2025-09-29,completed,card,web
O02488,C1108,2025-01-22,completed,cash_on_delivery,app
O02489,C0381,2025-02-04,completed,cash_on_delivery,app
O02490,C0571,2025-12-08,completed,wallet,app
O02491,C0490,2025-05-18,completed,card,app
O02492,C1418,2025-10-22,completed,card,app
O02493,C0157,2025-11-19,completed,wallet,web
O02494,C1266,2025-05-18,completed,card,app
O02495,C0070,2025-09-10,completed,cash_on_delivery,web
O02496,C0581,2025-05-30,completed,cash_on_delivery,app
O02497,C0381,2025-12-31,completed,card,app
O02498,C1273,2025-12-07,completed,card,web
O02499,C1366,2025-10-11,completed,card,app
O02500,C1156,2025-08-11,cancelled,wallet,web
O02501,C1224,2025-04-21,completed,cash_on_delivery,app
O02502,C0611,2025-12-31,pending,card,web
O02503,C0792,2025-12-30,completed,card,app
O02504,C0039,2025-02-22,completed,cash_on_delivery,web
O02505,C1397,2025-10-15,completed,card,web
O02506,C1309,2025-11-18,completed,cash_on_delivery,web
O02507,C0017,2025-01-01,completed,card,app
O02508,C1430,2025-11-24,completed,card,web
O02509,C0905,2025-10-15,completed,card,web
O02510,C0392,2025-06-21,completed,cash_on_delivery,app
O02511,C0874,2025-10-31,completed,cash_on_delivery,app
O02512,C1101,2025-12-15,completed,card,web
O02513,C0736,2025-06-15,completed,wallet,app
O02514,C0392,2025-08-09,completed,card,app
O02515,C0844,2025-01-22,completed,wallet,app
O01143,C1260,2025-10-08,completed,cash_on_delivery,app
O02516,C0448,2025-11-06,completed,wallet,web
O02517,C1281,2025-11-21,completed,cash_on_delivery,web
O02518,C0752,2025-11-17,completed,wallet,web
O02519,C1191,2025-09-02,completed,card,app
O02520,C1421,2025-11-09,completed,card,web
O02521,C1224,2025-03-03,cancelled,card,app
O02522,C0609,2025-07-06,completed,card,app
O02523,C1175,2025-09-05,completed,cash_on_delivery,web
O02524,C0803,2025-01-10,pending,cash_on_delivery,app
O02525,C0579,2025-03-25,completed,card,web
O02526,C1100,2025-01-13,completed,cash_on_delivery,app
O02527,C1338,2025-08-04,completed,cash_on_delivery,web
O02528,C1088,2025-10-21,completed,cash_on_delivery,app
O02529,C0215,2025-10-14,completed,wallet,web
O02530,C0396,2025-11-29,completed,card,web
O02531,C0813,2025-06-09,completed,cash_on_delivery,app
O02532,C0891,2025-05-28,completed,card,app
O02533,C0512,2025-03-23,completed,cash_on_delivery,app
O02534,C0029,2025-08-29,completed,cash_on_delivery,web
O02535,C1109,2025-02-05,completed,cash_on_delivery,web
O02536,C0544,2025-05-05,completed,card,app
O02537,C1402,2025-09-19,completed,card,web
O02538,C0792,2025-11-25,completed,card,app
O02539,C1421,2025-03-07,completed,card,web
O02540,C1369,2025-02-28,returned,card,web
O02541,C0112,2025-09-20,completed,card,web
O02542,C0843,2025-09-02,completed,card,app
O02543,C1108,2025-09-07,cancelled,card,app
O02544,C1366,2025-05-23,completed,card,app
O02545,C0774,2025-04-19,returned,cash_on_delivery,app
O02546,C0535,2025-04-23,completed,card,app
O02547,C1430,2025-12-24,completed,card,web
O02548,C0293,2025-01-09,completed,cash_on_delivery,app
O02549,C1305,2025-11-06,completed,wallet,app
O02550,C0565,2025-11-17,completed,cash_on_delivery,app
O02551,C0723,2025-05-11,completed,card,app
O02552,C0667,2025-12-19,completed,wallet,app
O02553,C0480,2025-07-07,completed,wallet,app
O02554,C0470,2025-08-14,completed,cash_on_delivery,app
O02555,C0611,2025-12-02,completed,cash_on_delivery,web
O02556,C0842,2025-04-04,completed,wallet,app
O02557,C0061,2025-11-10,completed,cash_on_delivery,app
O02558,C1059,2025-10-28,completed,wallet,app
O02559,C0525,2025-07-22,pending,card,web
O02560,C0992,2025-07-10,pending,card,web
O02561,C0878,2025-12-07,completed,card,app
O02562,C0677,2025-01-17,completed,card,app
O02563,C1116,2025-05-11,completed,cash_on_delivery,app
O02564,C0952,2025-04-15,completed,wallet,web
O02565,C1147,2025-10-15,completed,cash_on_delivery,app
O02566,C1224,2025-06-17,completed,cash_on_delivery,app
O02567,C1100,2025-03-29,completed,wallet,web
O02568,C1477,2025-02-07,completed,card,app
O02569,C0468,2025-11-07,cancelled,card,web
O02570,C0009,2025-03-30,completed,card,web
O02571,C1162,2025-04-13,completed,cash_on_delivery,web
O02572,C0749,2025-06-10,completed,card,web
O02573,C1197,2025-02-13,completed,card,app
O02574,C1147,2025-03-21,completed,cash_on_delivery,app
O02575,C1457,2025-10-13,completed,wallet,app
O02576,C1018,2025-08-30,completed,wallet,app
O02577,C1227,2025-08-29,pending,card,app
O02578,C0866,2025-09-22,completed,cash_on_delivery,web
O02579,C0736,2025-11-10,completed,card,app
O02580,C0572,2025-08-10,completed,cash_on_delivery,app
O02347,C0490,2025-05-20,pending,wallet,app
O02581,C1241,2025-12-05,completed,card,web
O02582,C0558,2025-11-01,pending,card,app
O02583,C1433,2025-03-17,pending,card,web
O02584,C1018,2025-02-19,completed,card,web
O02585,C0200,2025-09-06,completed,wallet,app
O02586,C0001,2025-10-30,completed,card,web
O02587,C1028,2025-12-19,returned,card,app
O02588,C1185,2025-09-25,completed,card,app
O02589,C1259,2025-12-23,pending,card,app
O02590,C0192,2025-10-30,completed,wallet,app
O02591,C0165,2025-06-25,returned,card,app
O02592,C1122,2025-04-16,completed,card,web
O02593,C0075,2025-02-17,completed,card,web
O02594,C0436,2025-02-05,completed,card,app
O02270,C0366,2025-06-20,completed,card,web
O02595,C0653,2025-08-17,completed,wallet,app
O02596,C1245,2025-04-09,completed,card,app
O02597,C0134,2025-11-22,completed,cash_on_delivery,app
O02598,C0259,2025-02-03,cancelled,cash_on_delivery,web
O02599,C1089,2025-11-28,completed,card,app
O02600,C0145,2025-12-17,cancelled,cash_on_delivery,web
O02601,C1093,2025-10-17,completed,wallet,app
O02602,C0594,2025-03-26,completed,card,app
O02603,C1138,2025-08-14,returned,card,web
O02604,C1063,2025-10-19,completed,wallet,app
O02605,C0497,2025-07-21,returned,card,app
O02606,C0392,2025-09-30,cancelled,cash_on_delivery,web
O02607,C0880,2025-09-10,completed,card,app
O02608,C1277,2025-05-14,completed,card,app
O02609,C0773,2025-09-18,pending,wallet,app
O02610,C0894,2025-06-07,returned,cash_on_delivery,app
O02611,C1338,2025-06-30,completed,cash_on_delivery,web
O02612,C0134,2025-03-21,completed,cash_on_delivery,app
O01385,C0321,2025-11-22,completed,card,app
O02613,C0668,2025-04-22,completed,card,app
O02614,C0686,2025-06-29,completed,cash_on_delivery,app
O02615,C0134,2025-09-14,cancelled,card,web
O02616,C0824,2025-07-10,pending,card,app
O02617,C0710,2025-01-01,completed,wallet,app
O02618,C0773,2025-11-22,completed,card,app
O02619,C0371,2025-06-26,completed,cash_on_delivery,web
O02620,C0009,2025-08-10,returned,cash_on_delivery,web
O02621,C0277,2025-03-22,completed,card,app
O02622,C1197,2025-04-12,completed,cash_on_delivery,app
O02623,C0248,2025-06-25,completed,card,app
O02624,C0844,2025-01-05,completed,cash_on_delivery,app
O02625,C1079,2025-05-01,returned,card,app
O02626,C1277,2025-06-09,completed,cash_on_delivery,app
O03359,C0974,2025-08-05,completed,card,app
O02627,C0570,2025-08-11,completed,card,web
O02628,C0232,2025-07-24,completed,card,web
O02629,C1197,2025-07-23,pending,wallet,app
O02630,C1389,2025-10-15,completed,wallet,app
O02631,C0951,2025-11-27,completed,card,app
O02632,C0474,2025-08-26,completed,wallet,app
O02633,C1124,2025-05-10,completed,card,app
O02634,C1293,2025-11-06,completed,card,app
O02635,C0521,2025-06-19,completed,wallet,app
O02636,C1016,2025-11-30,completed,cash_on_delivery,app
O02637,C1175,2025-02-27,completed,card,app
O02638,C1042,2025-11-30,cancelled,wallet,app
O02639,C0752,2025-06-17,completed,card,app
O02640,C0786,2025-08-13,completed,card,web
O02641,C0712,2025-10-13,completed,card,app
O02642,C0029,2025-11-11,completed,wallet,web
O02643,C1063,2025-06-25,completed,wallet,app
O02644,C1078,2025-11-20,completed,wallet,web
O02645,C1175,2025-12-02,completed,wallet,app
O02646,C0040,2025-07-13,completed,wallet,web
O02647,C1018,2025-02-22,completed,cash_on_delivery,app
O02648,C1333,2025-05-22,completed,card,app
O02649,C1392,2025-12-11,completed,card,app
O02650,C0936,2025-05-23,completed,cash_on_delivery,web
O02651,C0573,2025-03-21,completed,wallet,web
O02652,C1500,2025-12-05,completed,wallet,app
O02653,C0757,2025-05-02,completed,cash_on_delivery,web
O02654,C0356,2025-10-23,completed,card,app
O02655,C1175,2025-09-01,completed,wallet,app
O02656,C1314,2025-08-27,completed,card,app
O02657,C0525,2025-05-15,completed,card,app
O02658,C0293,2025-09-19,completed,card,web
O02659,C0096,2025-06-01,completed,card,app
O02660,C0075,2025-10-30,completed,card,web
O02661,C0147,2025-09-22,completed,card,web
O02662,C0268,2025-12-11,completed,wallet,app
O02663,C1207,2025-09-27,completed,card,app
O02664,C0774,2025-01-21,completed,cash_on_delivery,app
O02665,C1312,2025-07-21,completed,card,app
O02666,C0017,2025-07-01,pending,wallet,app
O02667,C1061,2025-01-06,completed,card,app
O02668,C0433,2025-09-18,completed,card,web
O00261,C0281,2025-03-02,completed,card,app
O02669,C0367,2025-01-15,completed,wallet,app
O02670,C0866,2025-04-18,completed,cash_on_delivery,app
O02671,C0424,2025-10-30,completed,card,web
O02672,C1428,2025-08-07,pending,card,app
O02673,C0650,2025-06-17,pending,cash_on_delivery,app
O02674,C1064,2025-09-29,completed,card,app
O02675,C0280,2025-12-30,completed,cash_on_delivery,web
O02676,C1122,2025-03-25,pending,card,app
O02677,C0017,2025-04-13,pending,cash_on_delivery,web
O02678,C1284,2025-12-13,completed,card,app
O02679,C1216,2025-12-28,completed,card,web
O02680,C0280,2025-02-11,cancelled,card,web
O02681,C1369,2025-12-07,completed,card,app
O02682,C0891,2025-01-19,completed,cash_on_delivery,app
O02683,C0871,2025-10-20,cancelled,card,app
O02684,C0558,2025-03-21,pending,card,app
O02685,C0878,2025-12-14,completed,cash_on_delivery,app
O02686,C0653,2025-12-17,completed,cash_on_delivery,web
O02687,C0896,2025-04-06,completed,wallet,app
O02688,C0239,2025-11-27,completed,wallet,app
O02689,C0369,2025-12-12,completed,card,web
O02690,C0397,2025-04-05,completed,card,app
O02691,C1314,2025-11-19,completed,cash_on_delivery,app
O02692,C1000,2025-01-22,completed,card,app
O02693,C1178,2025-02-10,completed,card,web
O02694,C0594,2025-07-09,completed,cash_on_delivery,web
O02695,C1213,2025-02-09,completed,cash_on_delivery,app
O02696,C0497,2025-09-14,cancelled,card,web
O01425,C0164,2025-07-30,completed,card,app
O02697,C0826,2025-10-27,completed,cash_on_delivery,web
O02698,C1402,2025-04-12,cancelled,card,app
O02699,C0084,2025-12-17,completed,wallet,app
O02700,C0879,2025-12-24,pending,wallet,web
O02701,C0464,2025-11-29,pending,card,app
O02702,C0177,2025-10-02,completed,cash_on_delivery,web
O02703,C1177,2025-06-05,completed,card,app
O02704,C0872,2025-10-18,completed,cash_on_delivery,web
O02705,C0558,2025-08-13,completed,card,app
O02706,C1441,2025-11-20,completed,card,web
O02707,C0706,2025-01-13,pending,cash_on_delivery,web
O02708,C0279,2025-07-11,completed,card,web
O02709,C0551,2025-10-29,completed,wallet,app
O02710,C1034,2025-09-27,cancelled,cash_on_delivery,web
O02711,C0140,2025-12-16,completed,card,web
O02712,C0019,2025-03-22,completed,card,app
O02713,C0561,2025-04-05,completed,wallet,app
O02714,C0293,2025-03-28,completed,card,app
O02715,C0822,2025-01-25,pending,card,web
O02716,C1500,2025-11-26,completed,card,app
O02717,C0896,2025-02-02,completed,card,app
O02718,C1459,2025-04-10,completed,cash_on_delivery,web
O02719,C0397,2025-04-03,completed,card,app
O02720,C1216,2025-12-11,completed,card,app
O02721,C0402,2025-08-26,completed,wallet,app
O02722,C1116,2025-08-03,cancelled,card,app
O02723,C0127,2025-03-23,completed,card,app
O02724,C0343,2025-10-19,completed,wallet,app
O02725,C1283,2025-07-19,completed,cash_on_delivery,app
O02726,C0148,2025-07-30,completed,card,web
O02727,C0206,2025-01-11,completed,wallet,app
O02728,C0912,2025-03-06,completed,card,app
O02729,C0382,2025-10-15,completed,wallet,web
O02730,C0209,2025-06-15,completed,card,app
O02731,C1358,2025-10-10,completed,wallet,app
O02732,C1020,2025-08-20,completed,wallet,web
O02733,C1283,2025-12-21,returned,wallet,web
O02734,C0671,2025-05-17,completed,card,app
O02735,C0150,2025-09-12,pending,cash_on_delivery,web
O02736,C1233,2025-11-05,completed,card,web
O02737,C0525,2025-10-22,completed,cash_on_delivery,app
O02738,C1254,2025-11-03,completed,cash_on_delivery,app
O02739,C0318,2025-02-24,cancelled,card,web
O02740,C0500,2025-05-21,completed,card,web
O02741,C1240,2025-10-11,cancelled,card,app
O02742,C0780,2025-07-22,completed,card,web
O02743,C0365,2025-06-05,completed,wallet,web
O02744,C0134,2025-01-06,cancelled,card,web
O02745,C1048,2025-03-16,pending,cash_on_delivery,app
O02746,C1209,2025-12-07,completed,wallet,app
O02747,C0130,2025-10-07,completed,wallet,app
O02748,C0601,2025-07-18,completed,card,web
O02749,C0318,2025-12-27,pending,card,app
O02750,C0459,2025-05-29,pending,card,app
O02751,C0987,2025-04-21,completed,card,app
O02752,C0841,2025-08-26,pending,card,web
O02753,C0710,2025-11-22,completed,cash_on_delivery,app
O02754,C0009,2025-05-15,completed,card,app
O02755,C0660,2025-12-05,completed,card,app
O02756,C0314,2025-07-08,completed,cash_on_delivery,app
O02757,C0196,2025-10-02,completed,cash_on_delivery,app
O02758,C1366,2025-10-15,completed,wallet,web
O02759,C0706,2025-10-23,completed,card,web
O02760,C1366,2025-12-17,completed,cash_on_delivery,web
O02761,C0321,2025-05-10,completed,wallet,web
O02762,C0835,2025-11-28,cancelled,cash_on_delivery,app
O02763,C1148,2025-11-09,completed,cash_on_delivery,app
O02764,C0732,2025-08-10,cancelled,card,web
O02765,C1404,2025-10-07,returned,wallet,web
O02766,C0308,2025-11-16,returned,card,web
O02767,C0732,2025-11-03,completed,card,app
O02768,C1106,2025-10-13,completed,wallet,web
O02769,C0866,2025-05-15,completed,wallet,web
O02770,C1402,2025-05-08,completed,card,app
O02771,C0742,2025-12-04,completed,card,app
O02772,C0830,2025-06-05,returned,card,web
O02773,C1314,2025-03-27,pending,card,web
O02774,C1064,2025-08-29,returned,card,app
O02775,C0637,2025-04-08,completed,wallet,app
O02776,C0505,2025-06-05,returned,wallet,web
O02777,C1146,2025-08-30,pending,wallet,app
O02778,C1173,2025-11-11,completed,card,app
O02779,C0161,2025-12-09,completed,card,web
O02780,C0207,2025-11-29,completed,wallet,app
O02781,C0863,2025-01-20,cancelled,wallet,web
O02782,C0712,2025-08-30,completed,card,web
O02783,C1305,2025-11-06,pending,card,app
O02784,C0323,2025-06-21,pending,cash_on_delivery,web
O02785,C1216,2025-12-12,cancelled,card,web
O02786,C0123,2025-10-31,completed,wallet,web
O02787,C0379,2025-12-13,returned,wallet,app
O02788,C0276,2025-10-08,completed,cash_on_delivery,app
O02789,C0091,2025-03-07,completed,cash_on_delivery,app
O02790,C0145,2025-11-17,completed,card,app
O02791,C0581,2025-06-12,pending,card,web
O02792,C0368,2025-01-03,returned,wallet,web
O02793,C1038,2025-03-26,returned,cash_on_delivery,web
O02794,C0932,2025-03-20,cancelled,wallet,web
O02795,C1493,2025-01-25,completed,card,app
O02796,C0322,2025-11-19,completed,card,web
O02797,C0482,2025-02-22,completed,wallet,web
O02798,C0778,2025-01-22,pending,wallet,app
O02799,C0369,2025-02-21,completed,wallet,app
O02800,C0486,2025-05-24,completed,cash_on_delivery,web
O02801,C0352,2025-11-22,pending,cash_on_delivery,web
O02802,C0786,2025-11-08,completed,cash_on_delivery,app
O02803,C1158,2025-04-16,completed,wallet,web
O02804,C0993,2025-01-01,completed,cash_on_delivery,app
O02805,C0499,2025-03-04,returned,card,app
O02806,C0206,2025-08-27,completed,card,app
O02807,C0732,2025-07-06,completed,card,app
O02808,C0160,2025-04-01,completed,card,web
O02809,C0685,2025-10-05,completed,card,app
O02810,C0748,2025-11-25,completed,card,app
O02811,C0123,2025-11-26,completed,cash_on_delivery,web
O02812,C1017,2025-08-24,completed,wallet,app
O02813,C0302,2025-05-30,completed,wallet,web
O02814,C0526,2025-08-09,completed,card,web
O02815,C0773,2025-05-30,completed,card,web
O02816,C0196,2025-06-01,completed,card,web
O02817,C0123,2025-12-15,completed,cash_on_delivery,app
O02818,C0681,2025-04-19,completed,cash_on_delivery,app
O02819,C0449,2025-11-15,completed,cash_on_delivery,app
O02820,C0118,2025-08-14,completed,card,app
O02821,C0164,2025-02-12,pending,wallet,app
O02822,C1377,2025-04-01,cancelled,wallet,web
O02823,C0029,2025-03-31,completed,cash_on_delivery,app
O02824,C0016,2025-09-18,completed,cash_on_delivery,app
O02825,C0140,2025-07-22,completed,card,app
O02826,C0830,2025-09-09,returned,cash_on_delivery,web
O02827,C0285,2025-12-12,completed,cash_on_delivery,app
O02828,C0565,2025-04-08,cancelled,card,web
O02829,C0348,2025-03-16,completed,wallet,web
O02830,C0348,2025-11-09,completed,cash_on_delivery,app
O02831,C0993,2025-11-05,completed,cash_on_delivery,app
O02832,C0053,2025-10-04,completed,cash_on_delivery,web
O02833,C1287,2025-06-10,completed,wallet,web
O02834,C0835,2025-10-16,completed,cash_on_delivery,web
O02835,C0745,2025-01-08,completed,card,web
O02836,C1109,2025-06-14,completed,card,app
O02837,C0241,2025-09-29,completed,card,web
O02838,C0543,2025-09-10,completed,cash_on_delivery,app
O02839,C0491,2025-02-22,completed,card,app
O02840,C0140,2025-07-07,completed,cash_on_delivery,web
O02841,C0040,2025-07-22,pending,card,web
O02842,C1245,2025-08-27,completed,card,app
O02843,C0368,2025-12-09,completed,cash_on_delivery,app
O02844,C0016,2025-10-07,completed,wallet,app
O02845,C0233,2025-07-04,pending,cash_on_delivery,app
O02846,C0730,2025-09-19,completed,cash_on_delivery,web
O02847,C1497,2025-01-30,completed,wallet,web
O02848,C0828,2025-11-07,completed,wallet,web
O02849,C0356,2025-08-28,completed,card,app
O02850,C0496,2025-06-30,completed,card,app
O02851,C0526,2025-05-01,completed,cash_on_delivery,app
O02852,C0061,2025-04-08,completed,cash_on_delivery,web
O02853,C0004,2025-12-07,completed,cash_on_delivery,app
O02854,C0039,2025-03-31,completed,card,app
O02855,C1052,2025-02-20,completed,wallet,app
O02856,C0752,2025-05-19,completed,wallet,app
O02857,C0912,2025-09-19,completed,card,web
O02858,C0939,2025-08-04,completed,card,web
O02859,C0080,2025-09-08,completed,wallet,web
O02860,C0075,2025-12-28,pending,card,app
O02861,C1021,2025-09-27,returned,cash_on_delivery,app
O02862,C0603,2025-01-08,completed,card,app
O02863,C1209,2025-11-01,completed,wallet,app
O02864,C1087,2025-01-22,completed,card,app
O02865,C0993,2025-08-17,completed,cash_on_delivery,web
O02866,C0710,2025-07-11,completed,card,app
O02867,C0800,2025-05-14,cancelled,card,app
O02868,C0882,2025-10-22,completed,cash_on_delivery,app
O02869,C0882,2025-02-20,completed,card,app
O02870,C1058,2025-12-26,completed,card,app
O02871,C0792,2025-04-10,completed,cash_on_delivery,app
O02872,C0802,2025-04-16,completed,cash_on_delivery,app
O02873,C1021,2025-07-13,returned,card,app
O02874,C1182,2025-12-04,completed,cash_on_delivery,web
O02875,C0792,2025-10-25,completed,card,app
O02876,C0741,2025-12-26,completed,cash_on_delivery,app
O02877,C0999,2025-10-14,cancelled,wallet,app
O02878,C1495,2025-04-10,completed,cash_on_delivery,web
O02879,C1015,2025-02-24,completed,card,app
O02880,C0039,2025-03-27,completed,cash_on_delivery,app
O02881,C1437,2025-06-09,returned,wallet,web
O02882,C1495,2025-12-07,completed,cash_on_delivery,web
O02883,C0264,2025-07-29,completed,wallet,web
O02884,C0757,2025-06-15,completed,wallet,app
O02885,C0244,2025-08-12,returned,card,app
O02886,C1364,2025-10-29,completed,card,web
O02887,C0653,2025-07-31,completed,card,web
O02888,C0712,2025-12-28,pending,card,app
O02889,C0170,2025-06-16,completed,card,app
O02890,C1271,2025-12-28,completed,card,app
O02891,C0668,2025-01-26,cancelled,cash_on_delivery,app
O02892,C0467,2025-02-13,completed,cash_on_delivery,app
O02893,C0267,2025-05-15,completed,wallet,app
O02894,C0354,2025-02-11,pending,card,web
O02895,C0471,2025-01-22,cancelled,card,web
O02896,C1430,2025-04-24,completed,card,app
O02897,C0951,2025-06-22,completed,card,app
O02898,C1076,2025-11-05,completed,card,app
O01855,C0723,2025-01-30,completed,cash_on_delivery,web
O02899,C0730,2025-12-15,pending,card,app
O02900,C0974,2025-12-26,completed,card,web
O02901,C0271,2025-08-30,completed,card,app
O02902,C1132,2025-06-27,completed,card,web
O02903,C1147,2025-11-13,cancelled,cash_on_delivery,app
O02904,C0710,2025-03-06,completed,cash_on_delivery,app
O02905,C0486,2025-08-26,returned,wallet,web
O02906,C0468,2025-05-25,completed,cash_on_delivery,app
O02907,C0830,2025-08-06,completed,card,app
O02908,C1402,2025-01-24,pending,card,app
O02909,C1224,2025-10-04,cancelled,cash_on_delivery,app
O02910,C1222,2025-06-24,completed,cash_on_delivery,app
O02911,C1063,2025-03-27,completed,wallet,app
O02912,C0932,2025-11-19,completed,card,app
O02913,C0532,2025-04-12,completed,wallet,web
O02914,C1495,2025-09-17,returned,card,app
O02915,C1173,2025-03-17,returned,card,app
O02916,C0475,2025-07-21,pending,cash_on_delivery,app
O02917,C1246,2025-10-17,completed,card,web
O02918,C1167,2025-10-06,completed,card,app
O02919,C0293,2025-03-10,cancelled,card,app
O02920,C0368,2025-09-29,completed,card,web
O02921,C0324,2025-09-22,completed,card,app
O02922,C0454,2025-12-07,completed,cash_on_delivery,app
O02923,C0200,2025-06-18,completed,wallet,app
O02924,C0586,2025-06-08,completed,card,app
O02925,C0546,2025-04-13,completed,cash_on_delivery,app
O02926,C0476,2025-02-14,completed,card,app
O02927,C1382,2025-12-23,pending,cash_on_delivery,web
O02928,C0604,2025-09-25,completed,wallet,web
O02929,C0321,2025-12-25,pending,card,web
O02930,C0818,2025-03-01,cancelled,cash_on_delivery,app
O02931,C0365,2025-12-27,pending,cash_on_delivery,app
O02932,C0366,2025-06-02,completed,card,app
O02933,C0891,2025-02-24,completed,card,app
O02934,C0366,2025-12-03,completed,wallet,web
O02935,C0894,2025-02-08,completed,card,app
O02936,C1065,2025-11-26,completed,wallet,app
O02937,C1478,2025-04-20,completed,cash_on_delivery,app
O02938,C0269,2025-06-24,completed,cash_on_delivery,app
O02939,C0575,2025-12-30,completed,card,web
O02940,C0348,2025-03-17,completed,card,app
O02941,C0870,2025-06-15,completed,wallet,web
O02942,C1139,2025-01-23,completed,card,app
O02943,C1113,2025-01-28,completed,card,web
O02944,C0579,2025-07-29,completed,cash_on_delivery,app
O02945,C0341,2025-06-15,completed,cash_on_delivery,app
O02946,C0270,2025-10-17,completed,card,app
O02947,C0241,2025-09-21,completed,card,app
O02948,C1382,2025-03-01,completed,card,app
O02949,C0112,2025-07-06,completed,wallet,app
O02950,C0736,2025-12-18,completed,card,app
O02951,C0818,2025-08-13,completed,wallet,app
O02952,C0867,2025-08-23,completed,card,app
O02953,C0152,2025-10-11,completed,wallet,app
O02954,C0308,2025-11-12,completed,wallet,web
O02955,C0147,2025-12-07,completed,cash_on_delivery,app
O02269,C1305,2025-09-10,completed,cash_on_delivery,web
O02956,C1118,2025-05-28,completed,card,app
O02957,C1277,2025-05-27,completed,wallet,app
O02958,C0150,2025-05-21,completed,cash_on_delivery,web
O02959,C1250,2025-10-16,completed,cash_on_delivery,web
O02960,C1233,2025-02-28,completed,card,app
O02961,C1142,2025-10-24,completed,card,web
O02962,C0603,2025-11-23,cancelled,card,app
O02963,C1058,2025-10-29,completed,cash_on_delivery,app
O02964,C0323,2025-12-19,completed,card,app
O02965,C1313,2025-12-18,completed,card,app
O02966,C1179,2025-05-31,completed,card,app
O02967,C1099,2025-09-16,completed,card,app
O02968,C1459,2025-11-08,completed,card,web
O02969,C0678,2025-06-11,completed,wallet,web
O02970,C0774,2025-12-28,pending,card,app
O02971,C0433,2025-09-02,returned,card,app
O02972,C0988,2025-07-04,completed,cash_on_delivery,app
O02973,C1495,2025-08-30,pending,card,web
O02974,C0830,2025-08-10,completed,wallet,app
O02975,C0798,2025-09-14,completed,card,web
O02976,C0726,2025-08-15,completed,cash_on_delivery,app
O02977,C0431,2025-10-11,completed,cash_on_delivery,app
O02978,C1254,2025-04-05,completed,wallet,app
O02979,C1090,2025-08-13,cancelled,cash_on_delivery,web
O02980,C0158,2025-03-23,completed,card,web
O02981,C0236,2025-10-30,completed,cash_on_delivery,app
O02982,C1245,2025-06-14,completed,cash_on_delivery,app
O02983,C1173,2025-05-27,completed,cash_on_delivery,app
O02984,C0440,2025-10-21,completed,card,app
O02985,C1241,2025-10-30,cancelled,wallet,app
O02986,C0725,2025-10-20,completed,wallet,app
O02987,C0570,2025-06-28,completed,card,web
O02988,C0065,2025-02-03,pending,wallet,web
O02989,C0206,2025-11-11,completed,cash_on_delivery,app
O02990,C0147,2025-05-07,completed,wallet,web
O02991,C1147,2025-09-30,completed,cash_on_delivery,app
O02992,C0282,2025-09-30,completed,card,app
O02993,C0199,2025-05-13,completed,cash_on_delivery,app
O02994,C1386,2025-05-24,returned,cash_on_delivery,app
O02995,C0765,2025-10-28,completed,cash_on_delivery,app
O02996,C1245,2025-12-07,completed,wallet,app
O02997,C0377,2025-05-08,completed,cash_on_delivery,app
O02998,C1207,2025-03-13,completed,wallet,web
O02999,C0470,2025-10-01,completed,card,web
O03000,C0745,2025-03-16,completed,card,web
O03001,C0581,2025-05-09,completed,cash_on_delivery,app
O03002,C0275,2025-11-29,cancelled,card,app
O03003,C1328,2025-11-19,completed,card,web
O03004,C1271,2025-02-14,completed,card,web
O03005,C0857,2025-12-30,pending,card,app
O03006,C1407,2025-11-21,completed,wallet,web
O03007,C0075,2025-11-27,completed,card,web
O03008,C0302,2025-12-31,completed,wallet,web
O03009,C0026,2025-11-25,completed,card,app
O03010,C0269,2025-04-20,completed,cash_on_delivery,web
O03011,C1459,2025-11-07,completed,card,app
O03012,C0808,2025-08-30,completed,card,web
O03013,C0684,2025-06-25,cancelled,card,web
O03014,C0084,2025-09-17,completed,cash_on_delivery,web
O03015,C0818,2025-12-27,pending,card,app
O03016,C1059,2025-02-22,completed,card,app
O03017,C0692,2025-11-16,completed,card,app
O03018,C0695,2025-08-30,completed,card,web
O03019,C0880,2025-03-03,completed,card,web
O03020,C0752,2025-01-16,completed,cash_on_delivery,app
O03021,C1076,2025-12-23,pending,cash_on_delivery,app
O03022,C1227,2025-07-07,completed,card,web
O03023,C1382,2025-10-18,completed,card,web
O03024,C0196,2025-02-07,completed,cash_on_delivery,app
O03025,C1113,2025-02-21,completed,card,app
O03026,C1136,2025-02-11,completed,card,app
O03027,C0118,2025-05-10,returned,card,app
O03028,C0487,2025-12-24,completed,card,web
O03029,C0988,2025-01-20,completed,card,app
O03030,C1399,2025-11-14,completed,cash_on_delivery,web
O03031,C1374,2025-10-10,completed,card,app
O03032,C0594,2025-08-16,returned,card,app
O03033,C1238,2025-01-13,completed,card,app
O03034,C0818,2025-07-27,completed,card,app
O03035,C0516,2025-07-22,cancelled,card,web
O03036,C0093,2025-03-26,completed,wallet,app
O03037,C1297,2025-09-10,completed,card,app
O03038,C0561,2025-10-13,completed,card,app
O03039,C0016,2025-06-06,returned,cash_on_delivery,web
O03040,C0175,2025-07-09,completed,wallet,app
O03041,C0397,2025-06-25,cancelled,wallet,app
O03042,C1433,2025-04-08,returned,card,web
O03043,C0936,2025-05-10,completed,card,web
O03044,C0680,2025-01-02,pending,wallet,app
O03045,C0175,2025-11-12,completed,card,web
O03046,C0983,2025-07-02,completed,cash_on_delivery,app
O03047,C0264,2025-07-01,completed,wallet,app
O03048,C1224,2025-10-21,completed,wallet,web
O03049,C0899,2025-02-17,completed,cash_on_delivery,app
O03050,C0951,2025-01-11,pending,cash_on_delivery,app
O03051,C0937,2025-03-14,completed,cash_on_delivery,app
O03052,C0689,2025-07-12,completed,card,app
O03053,C0239,2025-09-17,completed,wallet,app
O03054,C0308,2025-06-15,completed,cash_on_delivery,app
O03055,C0907,2025-08-28,completed,card,web
O03056,C0384,2025-10-05,completed,wallet,app
O03057,C0185,2025-03-15,completed,card,app
O03058,C0824,2025-07-20,pending,card,app
O03059,C0416,2025-03-16,completed,card,app
O03060,C0073,2025-06-17,completed,card,app
O03061,C0752,2025-12-13,completed,cash_on_delivery,app
O03062,C0192,2025-08-12,completed,cash_on_delivery,web
O03063,C0467,2025-12-19,pending,card,web
O03064,C0786,2025-01-18,completed,card,app
O03065,C1469,2025-10-11,completed,card,web
O03066,C1379,2025-09-21,completed,wallet,app
O03067,C1042,2025-12-17,completed,cash_on_delivery,app
O03068,C0535,2025-05-15,completed,cash_on_delivery,app
O03069,C0558,2025-11-18,completed,wallet,app
O03070,C0723,2025-08-31,completed,card,app
O03071,C0993,2025-08-06,completed,cash_on_delivery,web
O03072,C0623,2025-05-09,completed,wallet,app
O03073,C0680,2025-11-26,completed,cash_on_delivery,app
O03074,C1139,2025-03-04,completed,card,app
O03075,C0750,2025-08-10,completed,cash_on_delivery,app
O03076,C1152,2025-10-09,completed,card,web
O03077,C1241,2025-10-20,completed,card,app
O03078,C0175,2025-03-06,completed,card,app
O03079,C1233,2025-07-23,completed,card,app
O03080,C0017,2025-11-01,completed,cash_on_delivery,web
O03081,C1141,2025-02-21,completed,card,web
O03082,C0882,2025-11-16,completed,card,app
O03083,C0219,2025-12-12,completed,cash_on_delivery,app
O03084,C0212,2025-07-14,completed,cash_on_delivery,app
O03085,C0588,2025-01-27,completed,cash_on_delivery,app
O03086,C0152,2025-05-17,cancelled,card,app
O03087,C0866,2025-07-18,completed,wallet,app
O03088,C1042,2025-10-29,completed,wallet,web
O03089,C1089,2025-06-27,completed,wallet,app
O03090,C0352,2025-12-09,completed,wallet,app
O03091,C0924,2025-08-08,completed,cash_on_delivery,app
O03092,C0660,2025-11-10,completed,wallet,web
O03093,C0916,2025-11-19,completed,wallet,app
O03094,C0356,2025-02-06,pending,card,app
O03095,C1038,2025-08-07,completed,wallet,web
O03096,C0242,2025-07-15,completed,card,app
O03097,C0175,2025-02-01,cancelled,cash_on_delivery,app
O03098,C0531,2025-01-18,completed,wallet,app
O03099,C0776,2025-07-05,completed,card,app
O03100,C0177,2025-12-01,completed,card,web
O03101,C0586,2025-01-17,completed,wallet,app
O03102,C0962,2025-12-02,completed,card,app
O03103,C0175,2025-12-28,completed,cash_on_delivery,web
O03104,C0991,2025-03-09,completed,cash_on_delivery,app
O03105,C1500,2025-09-19,completed,card,app
O03106,C1366,2025-04-28,completed,wallet,web
O03107,C0759,2025-09-18,completed,cash_on_delivery,web
O03108,C0878,2025-08-22,completed,card,web
O03109,C0293,2025-04-27,completed,cash_on_delivery,web
O03110,C1447,2025-12-05,completed,cash_on_delivery,app
O03111,C0321,2025-04-12,completed,wallet,web
O03112,C0253,2025-11-16,completed,wallet,web
O03113,C0368,2025-02-08,completed,cash_on_delivery,web
O03114,C0348,2025-06-01,completed,card,app
O03115,C0952,2025-06-19,returned,card,app
O03116,C1156,2025-10-18,completed,card,app
O03117,C0694,2025-11-19,completed,card,app
O03118,C0951,2025-03-08,completed,card,web
O03119,C0155,2025-09-05,completed,wallet,web
O03120,C0605,2025-02-04,completed,wallet,web
O03121,C1360,2025-11-06,completed,wallet,app
O03122,C1462,2025-06-17,completed,wallet,app
O03123,C0653,2025-02-10,completed,card,app
O03124,C0140,2025-11-15,completed,wallet,web
O03125,C0092,2025-04-09,cancelled,cash_on_delivery,app
O03126,C0730,2025-02-17,returned,card,web
O03127,C1495,2025-12-20,completed,cash_on_delivery,app
O03128,C0387,2025-05-18,completed,card,web
O03129,C0175,2025-04-11,completed,card,app
O03130,C0594,2025-07-13,completed,card,app
O03131,C0947,2025-01-01,completed,card,web
O03132,C1058,2025-12-02,completed,card,app
O03133,C0352,2025-12-24,pending,card,app
O03134,C1255,2025-09-16,completed,cash_on_delivery,app
O03135,C0302,2025-03-09,returned,card,web
O03136,C0700,2025-09-13,completed,cash_on_delivery,app
O03137,C0605,2025-09-01,returned,card,app
O03138,C1029,2025-12-11,completed,cash_on_delivery,web
O03139,C0940,2025-11-12,completed,card,app
O03140,C1454,2025-04-18,returned,card,app
O03141,C0366,2025-08-18,completed,cash_on_delivery,app
O03142,C1364,2025-11-09,completed,card,app
O03143,C1349,2025-05-05,completed,card,app
O03144,C0808,2025-02-04,completed,card,app
O03145,C0196,2025-05-10,completed,wallet,app
O03146,C1454,2025-11-11,cancelled,card,web
O03147,C0006,2025-03-13,returned,card,app
O03148,C0354,2025-09-26,completed,card,web
O03149,C1008,2025-10-18,completed,card,app
O03150,C0471,2025-09-20,pending,cash_on_delivery,app
O03151,C0157,2025-09-17,completed,wallet,app
O03152,C0363,2025-04-04,completed,cash_on_delivery,app
O03153,C1159,2025-03-12,returned,wallet,app
O03154,C1373,2025-05-22,completed,card,app
O03155,C0808,2025-06-29,cancelled,card,app
O03156,C0399,2025-05-05,pending,card,app
O03157,C0637,2025-05-19,returned,card,app
O03158,C0871,2025-02-20,completed,card,app
O03159,C1500,2025-09-24,completed,card,web
O03160,C0200,2025-08-11,cancelled,card,app
O03161,C1213,2025-04-04,completed,card,app
O03162,C0671,2025-07-11,completed,card,app
O03163,C0219,2025-11-13,completed,cash_on_delivery,app
O03164,C0699,2025-06-26,cancelled,cash_on_delivery,app
O03165,C0437,2025-12-30,pending,card,app
O03166,C0700,2025-08-17,completed,cash_on_delivery,app
O03167,C1293,2025-04-22,pending,card,app
O03168,C1152,2025-12-20,cancelled,card,app
O03169,C0459,2025-06-14,completed,wallet,web
O03170,C1024,2025-12-13,completed,card,web
O03171,C1182,2025-07-28,completed,wallet,app
O03172,C0442,2025-07-21,completed,card,app
O03173,C1051,2025-03-15,cancelled,cash_on_delivery,app
O03174,C0535,2025-08-28,completed,card,app
O03175,C0588,2025-12-26,pending,card,app
O03176,C0947,2025-11-24,completed,card,web
O03177,C0870,2025-11-24,pending,wallet,web
O03178,C1138,2025-09-17,returned,card,web
O03179,C0516,2025-02-08,completed,card,app
O03180,C0383,2025-01-23,completed,card,app
O03181,C1241,2025-01-31,completed,card,web
O03182,C0891,2025-05-22,completed,wallet,app
O03183,C0039,2025-08-12,completed,cash_on_delivery,web
O03184,C1373,2025-01-10,completed,cash_on_delivery,web
O03185,C0016,2025-08-08,completed,cash_on_delivery,web
O03186,C0460,2025-12-31,completed,cash_on_delivery,web
O03187,C0275,2025-01-14,completed,card,app
O03188,C0561,2025-08-21,completed,card,app
O03189,C0387,2025-04-23,completed,card,app
O03190,C0147,2025-06-05,completed,cash_on_delivery,app
O03191,C0396,2025-03-12,completed,card,web
O03192,C0248,2025-04-26,completed,cash_on_delivery,web
O03193,C1368,2025-05-29,completed,card,app
O03194,C0029,2025-12-21,completed,card,app
O03195,C0279,2025-12-21,completed,card,web
O03196,C0531,2025-09-23,completed,wallet,web
O03197,C0365,2025-03-23,completed,cash_on_delivery,web
O03198,C1227,2025-06-24,completed,cash_on_delivery,app
O03199,C0703,2025-11-24,returned,cash_on_delivery,app
O03200,C1206,2025-10-16,pending,wallet,web
O03201,C1337,2025-08-07,completed,cash_on_delivery,web
O03202,C0424,2025-10-29,completed,card,web
O03203,C0757,2025-08-15,completed,cash_on_delivery,app
O03204,C0757,2025-08-09,completed,card,app
O03205,C0016,2025-11-10,completed,wallet,app
O03206,C0276,2025-12-09,completed,card,app
O03207,C0424,2025-02-21,completed,wallet,web
O03208,C1495,2025-11-21,completed,cash_on_delivery,web
O03209,C1454,2025-11-18,completed,card,app
O03210,C1139,2025-10-06,completed,card,web
O03211,C0939,2025-09-01,completed,wallet,app
O03212,C0380,2025-05-17,completed,card,web
O03213,C0300,2025-09-08,completed,card,app
O03214,C0866,2025-03-23,completed,cash_on_delivery,app
O03215,C0375,2025-02-18,completed,card,app
O03216,C0783,2025-07-23,returned,card,app
O03217,C0549,2025-11-13,completed,card,app
O03218,C0835,2025-12-03,completed,cash_on_delivery,app
O03219,C1500,2025-04-25,completed,card,app
O03220,C1210,2025-05-21,returned,card,app
O03221,C0843,2025-10-26,cancelled,card,app
O03222,C0061,2025-02-10,cancelled,cash_on_delivery,web
O03223,C1162,2025-05-13,completed,card,web
O03224,C1067,2025-08-19,completed,card,web
O03225,C1314,2025-05-03,completed,cash_on_delivery,app
O03226,C1382,2025-10-06,pending,card,web
O03227,C0906,2025-12-31,pending,card,web
O03228,C0660,2025-11-14,completed,wallet,app
O03229,C0452,2025-12-05,completed,card,app
O03230,C1197,2025-02-12,completed,wallet,app
O03231,C1240,2025-03-19,completed,card,app
O03232,C1051,2025-12-20,completed,card,web
O03233,C0581,2025-01-12,returned,cash_on_delivery,web
O03234,C0353,2025-11-15,returned,cash_on_delivery,web
O03235,C0745,2025-01-01,completed,card,web
O03236,C0093,2025-05-17,completed,card,app
O03237,C1336,2025-11-26,completed,card,app
O03238,C1373,2025-09-14,completed,cash_on_delivery,app
O03239,C0537,2025-01-11,completed,card,app
O03240,C0744,2025-05-14,completed,wallet,app
O03241,C0314,2025-04-30,completed,card,web
O03242,C1286,2025-04-28,completed,wallet,app
O03243,C0730,2025-09-11,completed,card,web
O03244,C0302,2025-03-09,completed,card,web
O03245,C1146,2025-06-13,completed,cash_on_delivery,web
O03246,C1430,2025-05-15,completed,wallet,app
O03247,C0468,2025-01-11,completed,card,app
O03248,C0348,2025-09-08,completed,card,app
O03249,C0891,2025-10-28,completed,cash_on_delivery,app
O03250,C0460,2025-09-07,completed,card,app
O03251,C0270,2025-06-26,completed,card,web
O03252,C1314,2025-05-22,completed,wallet,app
O03253,C0786,2025-12-07,completed,cash_on_delivery,app
O03254,C0175,2025-12-25,pending,cash_on_delivery,app
O03255,C1262,2025-11-21,completed,wallet,app
O03256,C0150,2025-12-06,pending,wallet,app
O03257,C1129,2025-07-04,completed,cash_on_delivery,app
O03258,C0460,2025-04-15,completed,card,app
O03259,C0940,2025-12-14,completed,card,web
O03260,C0802,2025-11-07,completed,card,web
O03261,C0348,2025-06-12,completed,cash_on_delivery,app
O03262,C0402,2025-07-23,completed,cash_on_delivery,app
O03263,C1137,2025-09-23,completed,card,app
O03264,C0983,2025-07-21,completed,card,web
O03265,C1109,2025-11-02,completed,cash_on_delivery,app
O03266,C0206,2025-08-31,cancelled,cash_on_delivery,web
O03267,C0371,2025-01-23,completed,card,web
O03268,C1419,2025-12-10,completed,card,app
O03269,C0555,2025-05-18,completed,cash_on_delivery,app
O03270,C0093,2025-12-07,completed,card,web
O03271,C0532,2025-06-05,completed,wallet,app
O03272,C0514,2025-02-07,completed,wallet,web
O03273,C1152,2025-10-25,completed,card,web
O03274,C1398,2025-11-14,completed,wallet,web
O03275,C0581,2025-08-17,cancelled,card,app
O03276,C0816,2025-01-04,completed,cash_on_delivery,app
O03277,C1124,2025-04-20,completed,card,web
O03278,C1303,2025-06-05,completed,card,app
O03279,C0904,2025-09-04,completed,cash_on_delivery,app
O03280,C0688,2025-10-08,returned,card,web
O03281,C0202,2025-05-03,completed,card,web
O03282,C1255,2025-02-26,completed,card,app
O03283,C0594,2025-09-24,completed,wallet,web
O03284,C1064,2025-05-09,completed,cash_on_delivery,web
O03285,C0459,2025-07-07,returned,card,app
O03286,C1067,2025-08-17,completed,cash_on_delivery,app
O03287,C0285,2025-07-01,completed,card,app
O03288,C0376,2025-11-11,completed,card,app
O03289,C1425,2025-10-29,completed,card,web
O03290,C0424,2025-01-23,completed,cash_on_delivery,app
O03291,C1188,2025-04-27,completed,cash_on_delivery,app
O03292,C1410,2025-12-26,completed,cash_on_delivery,app
O03293,C0460,2025-12-26,completed,card,web
O03294,C1347,2025-07-17,completed,cash_on_delivery,app
O03295,C0347,2025-08-05,completed,card,app
O03296,C0016,2025-07-20,completed,card,app
O03297,C1060,2025-12-10,completed,card,app
O03298,C1483,2025-01-13,completed,wallet,web
O03299,C1191,2025-05-12,completed,wallet,web
O03300,C0397,2025-07-22,completed,wallet,app
O03301,C1064,2025-11-20,completed,cash_on_delivery,app
O03302,C1078,2025-08-15,cancelled,card,web
O03303,C0496,2025-11-03,completed,card,app
O03304,C0910,2025-07-31,completed,card,app
O03305,C1313,2025-05-21,completed,card,app
O03306,C0071,2025-07-31,cancelled,cash_on_delivery,web
O03307,C0653,2025-10-17,completed,wallet,app
O03308,C0610,2025-10-25,completed,wallet,web
O03309,C0402,2025-02-26,completed,wallet,app
O03310,C0336,2025-09-03,completed,cash_on_delivery,web
O03311,C0066,2025-02-08,completed,cash_on_delivery,app
O03312,C0844,2025-11-25,completed,cash_on_delivery,app
O03313,C0165,2025-02-07,completed,card,web
O03314,C1227,2025-01-16,completed,cash_on_delivery,web
O03315,C0912,2025-08-02,completed,card,app
O03316,C0880,2025-05-29,completed,card,web
O03317,C0127,2025-03-31,cancelled,card,app
O03318,C1337,2025-11-02,completed,cash_on_delivery,app
O03319,C0818,2025-06-16,completed,card,web
O03320,C0302,2025-12-26,pending,cash_on_delivery,app
O03321,C0969,2025-09-10,cancelled,cash_on_delivery,app
O03322,C0962,2025-08-15,completed,cash_on_delivery,web
O03323,C1201,2025-08-31,completed,card,app
O03324,C0155,2025-03-19,completed,wallet,web
O03325,C1364,2025-03-06,completed,wallet,web
O03326,C1240,2025-07-07,completed,card,app
O03327,C1122,2025-09-19,completed,cash_on_delivery,web
O03328,C1349,2025-10-03,completed,card,app
O03329,C1079,2025-01-08,completed,card,app
O03330,C0531,2025-06-07,completed,card,web
O03331,C1059,2025-02-01,completed,wallet,web
O03332,C1269,2025-11-29,completed,wallet,app
O03333,C0737,2025-10-15,completed,card,web
O03334,C0137,2025-08-08,completed,cash_on_delivery,web
O03335,C1182,2025-05-27,completed,cash_on_delivery,app
O03336,C1364,2025-06-27,completed,wallet,app
O03337,C0531,2025-07-16,completed,card,app
O03338,C1431,2025-12-10,completed,cash_on_delivery,web
O03339,C0570,2025-04-20,completed,card,web
O03340,C0782,2025-05-30,completed,cash_on_delivery,app
O03341,C0151,2025-03-17,completed,wallet,app
O03342,C0387,2025-10-04,completed,cash_on_delivery,app
O03343,C0611,2025-12-04,completed,wallet,app
O03344,C1191,2025-05-17,completed,cash_on_delivery,app
O03345,C1312,2025-07-05,completed,cash_on_delivery,app
O03346,C0743,2025-07-17,completed,card,app
O03347,C0486,2025-03-23,completed,cash_on_delivery,app
O03348,C0368,2025-11-10,completed,cash_on_delivery,app
O03349,C0397,2025-08-24,completed,card,app
O03350,C0376,2025-11-29,completed,cash_on_delivery,app
O03351,C1305,2025-04-15,completed,wallet,web
O03352,C0271,2025-12-20,completed,wallet,app
O03353,C0543,2025-09-30,completed,card,web
O03354,C1255,2025-12-21,completed,wallet,web
O03355,C0882,2025-10-11,completed,wallet,web
O03356,C1500,2025-06-07,completed,wallet,app
O03357,C0024,2025-11-28,completed,wallet,app
O03358,C0205,2025-06-07,cancelled,card,app
O03359,C0974,2025-08-05,completed,card,app
O03360,C0686,2025-09-25,completed,card,app
O03361,C0468,2025-03-19,completed,card,web
O03362,C1079,2025-04-24,completed,card,app
O03363,C0448,2025-09-27,completed,wallet,app
O03364,C1483,2025-03-19,returned,card,app
O03365,C0151,2025-09-18,completed,cash_on_delivery,app
O03366,C0684,2025-04-01,completed,wallet,web
O03367,C1042,2025-10-13,completed,cash_on_delivery,app
O03368,C1073,2025-02-20,completed,wallet,web
O03369,C1241,2025-03-03,pending,cash_on_delivery,web
O03370,C1130,2025-12-10,completed,wallet,app
O03371,C0715,2025-06-28,completed,card,app
O03372,C0392,2025-12-23,pending,card,app
O03373,C0700,2025-10-19,completed,cash_on_delivery,web
O03374,C1487,2025-05-04,completed,card,app
O03375,C0008,2025-11-04,completed,cash_on_delivery,app
O03376,C1425,2025-01-09,completed,cash_on_delivery,app
O03377,C0684,2025-08-09,returned,card,app
O03378,C0178,2025-05-24,completed,card,app
O03379,C0936,2025-02-11,returned,wallet,web
O03380,C0302,2025-08-16,completed,card,web
O03381,C0184,2025-05-08,completed,cash_on_delivery,app
O03382,C1246,2025-12-17,completed,card,web
O03383,C0061,2025-07-13,returned,card,app
O03384,C0866,2025-03-16,completed,cash_on_delivery,web
O03385,C1425,2025-06-09,completed,wallet,app
O03386,C1106,2025-04-05,completed,card,app
O03387,C0853,2025-10-19,completed,card,app
O03388,C1167,2025-10-17,completed,card,web
O03389,C0757,2025-09-04,completed,wallet,app
O03390,C0844,2025-12-09,completed,cash_on_delivery,app
O03391,C1106,2025-01-02,pending,wallet,app
O03392,C0354,2025-11-02,completed,card,web
O03393,C0497,2025-12-15,completed,cash_on_delivery,web
O03394,C0912,2025-11-14,completed,cash_on_delivery,app
O03395,C1029,2025-01-25,completed,cash_on_delivery,web
O03396,C0581,2025-01-13,completed,card,web
O03397,C0356,2025-03-13,completed,card,app
O03398,C1122,2025-05-28,completed,card,app
O03399,C1323,2025-11-11,completed,cash_on_delivery,web
O03400,C0474,2025-08-04,completed,card,app
O03401,C1246,2025-11-17,completed,cash_on_delivery,app
O03402,C0586,2025-09-03,completed,cash_on_delivery,app
O03403,C0753,2025-10-06,completed,card,web
O03404,C0452,2025-03-03,cancelled,wallet,web
O03405,C0066,2025-12-22,pending,card,app
O03406,C1432,2025-10-11,completed,wallet,app
O03407,C0778,2025-01-16,completed,card,app
O03408,C1273,2025-03-21,completed,cash_on_delivery,app
O03409,C0783,2025-12-01,completed,card,app
O03410,C0310,2025-08-24,pending,cash_on_delivery,web
O03411,C1147,2025-10-06,cancelled,card,app
O03412,C1016,2025-05-11,completed,cash_on_delivery,web
O03413,C0671,2025-09-21,cancelled,card,app
O03414,C0542,2025-08-16,completed,cash_on_delivery,web
O03415,C1089,2025-02-21,completed,card,web
O03416,C0040,2025-10-22,completed,card,web
O03417,C1209,2025-03-21,completed,card,app
O03418,C0365,2025-11-11,cancelled,card,web
O03419,C1305,2025-11-19,completed,card,web
O03420,C0448,2025-05-26,pending,card,app
O03421,C1222,2025-01-08,completed,cash_on_delivery,web
O03422,C0581,2025-12-11,completed,wallet,app
O03423,C0773,2025-08-21,completed,card,app
O03424,C0974,2025-08-20,completed,card,app
O03425,C1269,2025-03-02,completed,wallet,app
O03426,C1332,2025-05-16,completed,card,app
O03427,C0611,2025-03-25,completed,cash_on_delivery,app
O03428,C0730,2025-11-12,completed,card,web
O03429,C0047,2025-05-23,completed,card,app
O03430,C0951,2025-12-27,pending,cash_on_delivery,web
O03431,C1391,2025-09-22,completed,cash_on_delivery,app
O03432,C0939,2025-06-11,completed,wallet,app
O03433,C1100,2025-01-08,cancelled,cash_on_delivery,app
O03434,C0379,2025-05-11,completed,card,app
O03435,C0535,2025-11-12,completed,cash_on_delivery,web
O03436,C1338,2025-01-30,pending,card,web
O03437,C0503,2025-07-25,completed,card,web
O03438,C0468,2025-12-25,completed,card,app
O03439,C0075,2025-10-30,completed,cash_on_delivery,web
O03440,C1287,2025-04-07,completed,wallet,app
O03441,C0039,2025-12-13,completed,card,web
O03442,C1328,2025-06-05,completed,card,web
O03443,C1364,2025-03-30,cancelled,wallet,app
O03444,C0202,2025-11-30,completed,card,web
O03445,C0040,2025-08-27,completed,cash_on_delivery,app
O03446,C0757,2025-04-18,completed,card,app
O03447,C0470,2025-09-29,completed,card,app
O03448,C0558,2025-02-11,completed,card,app
O03449,C1433,2025-10-25,completed,card,app
O03450,C1500,2025-11-24,completed,card,app
O03451,C1197,2025-11-22,completed,wallet,app
O03452,C1433,2025-10-26,completed,cash_on_delivery,web
O03453,C0871,2025-11-25,completed,card,web
O03454,C0770,2025-05-11,cancelled,cash_on_delivery,web
O03455,C1425,2025-01-19,cancelled,cash_on_delivery,web
O03456,C0383,2025-08-25,pending,cash_on_delivery,app
O03457,C0093,2025-06-24,completed,card,app
O03458,C1066,2025-08-07,completed,card,app
O03459,C1042,2025-12-06,completed,card,app
O03460,C1047,2025-09-06,returned,card,web
O03461,C0737,2025-02-27,completed,card,app
O03462,C1430,2025-01-18,completed,card,app
O03463,C1497,2025-06-28,completed,wallet,app
O03464,C0205,2025-10-07,completed,cash_on_delivery,web
O03465,C0581,2025-03-13,cancelled,cash_on_delivery,app
O03466,C0196,2025-06-14,completed,card,app
O03467,C0392,2025-07-09,returned,cash_on_delivery,app
O03468,C0109,2025-12-20,completed,card,web
O03469,C0535,2025-11-01,completed,card,web
O03470,C1099,2025-07-31,returned,card,app
O03471,C1245,2025-04-24,completed,card,web
O03472,C0200,2025-03-24,completed,cash_on_delivery,web
O03473,C0298,2025-05-29,completed,cash_on_delivery,app
O03474,C0818,2025-06-04,completed,cash_on_delivery,app
O03475,C0382,2025-04-19,completed,card,app
O03476,C1112,2025-07-15,completed,cash_on_delivery,web
O03477,C0164,2025-09-26,completed,card,app
O03478,C1184,2025-11-19,completed,card,app
O03479,C1430,2025-12-06,completed,card,app
O03480,C0368,2025-12-08,completed,card,app
O03481,C0436,2025-08-20,pending,cash_on_delivery,app
O03482,C1064,2025-04-24,cancelled,card,web
O03483,C0066,2025-12-11,pending,cash_on_delivery,app
O03484,C0341,2025-07-10,completed,card,app
O03485,C0322,2025-11-15,completed,card,app
O03486,C0581,2025-04-13,completed,cash_on_delivery,app
O03487,C1089,2025-01-04,completed,wallet,app
O03488,C0387,2025-03-01,completed,wallet,app
O03489,C0151,2025-08-11,completed,wallet,app
O03490,C1386,2025-01-18,completed,card,app
O03491,C0535,2025-09-30,completed,card,app
O03492,C0734,2025-09-25,completed,cash_on_delivery,app
O03493,C1433,2025-09-08,completed,card,app
O03494,C1350,2025-05-11,completed,cash_on_delivery,app
O03495,C0431,2025-11-12,completed,card,app
O03496,C0680,2025-03-15,completed,card,app
O03497,C0689,2025-06-14,completed,cash_on_delivery,app
O03498,C1115,2025-08-06,completed,card,app
O03499,C0377,2025-12-12,completed,cash_on_delivery,web
O03500,C1284,2025-03-31,completed,cash_on_delivery,app
O03501,C1024,2025-11-03,completed,card,app
O03502,C1321,2025-08-26,completed,card,app
O03503,C0380,2025-09-17,completed,card,app
O03504,C0932,2025-04-30,completed,card,web
O03505,C1303,2025-03-19,cancelled,card,web
O03506,C0113,2025-01-02,completed,card,web
O03507,C0202,2025-06-17,completed,wallet,web
O03508,C1303,2025-07-23,completed,card,app
O03509,C1089,2025-04-07,completed,wallet,web
O03510,C1305,2025-10-15,completed,card,app
O03511,C0699,2025-02-05,completed,wallet,app
O03512,C1207,2025-05-01,completed,cash_on_delivery,app
O03513,C0392,2025-05-16,completed,wallet,app
O03514,C0164,2025-11-21,cancelled,card,web
O03515,C1245,2025-09-12,cancelled,cash_on_delivery,app
O03516,C1441,2025-04-24,returned,card,app
O03517,C0421,2025-10-27,returned,card,app
O03518,C1493,2025-02-14,completed,wallet,app
O03519,C1073,2025-12-25,completed,card,web
O03520,C0382,2025-07-24,completed,card,app
O03521,C0535,2025-06-19,completed,cash_on_delivery,web
O03522,C0035,2025-03-26,completed,card,web
O03523,C0970,2025-12-08,cancelled,wallet,web
O03524,C0276,2025-03-06,completed,card,web
O03525,C1198,2025-07-14,completed,card,app
O03526,C0233,2025-11-29,completed,cash_on_delivery,web
O03527,C0377,2025-10-23,completed,wallet,app
O03528,C1359,2025-07-31,completed,card,app
O03529,C0421,2025-03-10,completed,card,app
O03530,C1321,2025-10-17,completed,cash_on_delivery,app
O03531,C0711,2025-10-06,completed,wallet,web
O03532,C0988,2025-03-03,returned,wallet,web
O03533,C0376,2025-11-30,completed,card,web
O03534,C1191,2025-11-07,completed,cash_on_delivery,web
O03535,C0542,2025-06-27,completed,card,web
O03536,C0738,2025-12-26,completed,cash_on_delivery,app
O03537,C0799,2025-08-22,returned,card,app
O03538,C0208,2025-10-14,completed,wallet,web
O03539,C0133,2025-03-05,completed,card,app
O03540,C1129,2025-07-26,completed,card,app
O03541,C0605,2025-02-10,completed,cash_on_delivery,app
O03542,C0140,2025-09-06,completed,card,web
O03543,C0671,2025-01-27,pending,card,web
O03544,C0470,2025-05-04,returned,card,app
O03545,C0314,2025-11-27,completed,wallet,web
O03546,C0001,2025-09-12,completed,cash_on_delivery,app
O03547,C0660,2025-07-06,completed,wallet,web
O03548,C0380,2025-04-17,cancelled,wallet,app
O03549,C0995,2025-06-28,returned,card,web
O03550,C1038,2025-07-28,completed,cash_on_delivery,web
O03551,C0174,2025-01-05,completed,wallet,web
O03552,C1459,2025-03-11,completed,card,web
O03553,C0586,2025-11-08,completed,card,app
O03554,C0685,2025-12-09,completed,card,web
O03555,C0490,2025-11-06,completed,cash_on_delivery,app
O03556,C0020,2025-03-19,completed,card,app
O03557,C0354,2025-01-04,completed,cash_on_delivery,app
O03558,C1430,2025-10-17,completed,wallet,web
O03559,C1390,2025-08-01,returned,card,web
O03560,C1067,2025-05-31,completed,card,app
O03561,C0280,2025-09-04,completed,card,web
O03562,C1146,2025-10-19,cancelled,wallet,app
O03563,C0693,2025-11-04,cancelled,cash_on_delivery,app
O03564,C1195,2025-01-22,completed,card,app
O03565,C1157,2025-04-27,pending,card,web
O03566,C0170,2025-02-21,cancelled,card,web
O03567,C1312,2025-11-26,completed,wallet,app
O03568,C0437,2025-05-18,completed,wallet,app
O03569,C0178,2025-12-13,completed,cash_on_delivery,web
O03570,C0912,2025-03-10,completed,card,app
O03571,C0170,2025-03-29,completed,card,app
O03572,C0206,2025-12-22,completed,card,app
O03573,C0289,2025-09-15,completed,wallet,app
O03574,C0433,2025-12-22,pending,cash_on_delivery,web
O03575,C0844,2025-07-31,completed,cash_on_delivery,web
O03576,C1197,2025-12-09,completed,cash_on_delivery,web
O03577,C0226,2025-02-07,completed,wallet,web
O03057,C0185,2025-03-15,completed,card,app
O03578,C0070,2025-08-22,completed,card,app
O03579,C0054,2025-02-18,pending,cash_on_delivery,app
O03580,C0808,2025-12-10,cancelled,wallet,app
O03581,C0127,2025-07-26,completed,cash_on_delivery,web
O03582,C0852,2025-11-25,completed,cash_on_delivery,app
O03583,C0835,2025-09-26,completed,card,web
O03584,C1210,2025-09-07,completed,cash_on_delivery,web
O03585,C1493,2025-01-12,completed,card,app
O03586,C1073,2025-04-10,completed,card,app
O03587,C0783,2025-11-19,completed,cash_on_delivery,app
O03588,C0774,2025-08-04,returned,cash_on_delivery,app
O03589,C1168,2025-12-16,completed,card,app
O03590,C1333,2025-10-20,returned,card,app
O03591,C0970,2025-01-27,pending,wallet,web
O03592,C0951,2025-12-16,completed,card,web
O03593,C1293,2025-08-14,completed,wallet,app
O03594,C0550,2025-03-16,completed,cash_on_delivery,web
O03595,C1118,2025-03-02,completed,card,app
O03596,C0698,2025-05-10,completed,card,app
O03597,C0151,2025-11-19,completed,card,app
O03598,C0008,2025-03-05,pending,card,app
O03599,C1328,2025-11-27,completed,card,app
O03600,C0603,2025-11-03,completed,card,app
O03601,C0660,2025-12-24,pending,cash_on_delivery,web
O03602,C0752,2025-05-02,completed,wallet,web
O03603,C1048,2025-02-15,completed,cash_on_delivery,app
O03604,C0092,2025-03-23,completed,cash_on_delivery,app
O03605,C1414,2025-04-26,completed,card,web
O03606,C0730,2025-04-11,completed,card,app
O03607,C1051,2025-04-01,completed,cash_on_delivery,app
O03608,C1496,2025-10-31,completed,card,app
O03609,C1425,2025-03-08,pending,card,app
O03610,C0743,2025-03-27,cancelled,card,app
O03611,C1156,2025-12-20,completed,wallet,app
O03612,C1042,2025-07-24,completed,card,app
O03613,C0488,2025-12-13,pending,cash_on_delivery,app
O03614,C1498,2025-07-15,completed,card,app
O03615,C1269,2025-06-16,completed,card,app
O03616,C0402,2025-04-24,cancelled,cash_on_delivery,web
O03617,C0476,2025-04-14,cancelled,card,app
O03618,C0912,2025-12-07,completed,card,web
O03619,C0916,2025-08-29,completed,wallet,app
O03620,C0772,2025-07-21,cancelled,card,app
O03621,C1194,2025-12-09,completed,card,web
O03622,C0623,2025-02-25,completed,card,app
O03623,C0991,2025-12-01,completed,card,app
O03624,C0053,2025-04-06,completed,cash_on_delivery,app
O03625,C0011,2025-01-03,completed,cash_on_delivery,app
O03626,C0131,2025-10-04,pending,cash_on_delivery,web
O03627,C0061,2025-04-15,completed,card,web
O03628,C0175,2025-02-27,pending,card,web
O03629,C0293,2025-12-12,completed,card,app
O03630,C0467,2025-09-16,completed,card,web
O03631,C0497,2025-04-18,completed,cash_on_delivery,app
O03632,C1373,2025-04-20,completed,card,web
O03633,C1496,2025-03-28,completed,wallet,web
O03634,C0844,2025-02-11,completed,wallet,web
O03635,C1271,2025-10-27,completed,card,app
O03636,C0369,2025-04-27,pending,wallet,web
O03637,C0977,2025-10-31,completed,card,app
O03638,C1016,2025-12-13,completed,card,app
O03639,C0588,2025-08-31,completed,wallet,web
O03640,C0259,2025-11-11,completed,card,app
O03641,C0782,2025-02-02,returned,wallet,web
O03642,C0140,2025-11-27,completed,wallet,app
O03643,C1386,2025-01-30,pending,card,app
O03644,C1207,2025-01-14,completed,card,app
O03645,C1207,2025-12-27,completed,card,web
O03646,C0259,2025-01-24,completed,wallet,app
O03647,C0228,2025-05-23,returned,card,web
O03648,C1064,2025-10-27,completed,card,web
O03649,C1432,2025-05-24,completed,wallet,app
O03650,C0380,2025-10-16,completed,cash_on_delivery,web
O03651,C1042,2025-11-26,completed,wallet,app
O03652,C0113,2025-09-12,completed,card,app
O03653,C0134,2025-11-21,completed,cash_on_delivery,web
O03654,C0725,2025-10-27,completed,card,app
O03655,C0437,2025-07-21,completed,card,app
O03656,C1178,2025-09-19,completed,card,app
O03657,C0799,2025-03-15,completed,wallet,web
O03658,C1222,2025-05-24,completed,card,app
O03659,C0535,2025-10-26,completed,cash_on_delivery,app
O03660,C1454,2025-10-11,completed,card,app
O03661,C1064,2025-11-21,completed,card,app
O03662,C0280,2025-11-05,completed,card,web
O03663,C0753,2025-12-19,completed,wallet,app
O03664,C0378,2025-11-22,completed,card,web
O03665,C0016,2025-02-11,completed,wallet,app
O03666,C1364,2025-10-19,completed,card,app
O03667,C1241,2025-11-20,completed,card,app
O03668,C0205,2025-11-28,completed,card,web
O03669,C1079,2025-05-09,pending,cash_on_delivery,app
O03670,C0545,2025-12-08,completed,card,app
O03671,C0155,2025-04-21,cancelled,card,app
O03672,C0603,2025-04-13,completed,wallet,web
O03673,C1437,2025-11-26,completed,cash_on_delivery,web
O03674,C0237,2025-06-29,completed,card,app
O03675,C0755,2025-08-19,completed,card,web
O03676,C0799,2025-01-04,pending,wallet,web
O03677,C0535,2025-11-29,completed,cash_on_delivery,app
O03678,C0147,2025-01-29,completed,card,app
O03679,C0308,2025-11-15,returned,wallet,web
O03680,C0474,2025-02-28,completed,cash_on_delivery,web
O03681,C0048,2025-10-18,completed,cash_on_delivery,web
O03682,C0844,2025-08-24,completed,card,web
O03683,C1469,2025-05-14,completed,card,app
O03684,C0363,2025-06-01,completed,card,app
O03685,C0433,2025-10-13,completed,card,web
O03686,C0559,2025-08-09,completed,card,web
O03687,C0604,2025-03-24,completed,wallet,web
O03688,C1312,2025-05-12,completed,wallet,app
O03689,C1206,2025-06-30,completed,card,app
O03690,C1112,2025-07-07,cancelled,cash_on_delivery,app
O03691,C0375,2025-05-21,completed,card,app
O03692,C0752,2025-06-30,completed,cash_on_delivery,app
O03693,C1277,2025-12-03,completed,card,app
O03694,C0581,2025-05-04,completed,wallet,web
O03695,C0347,2025-01-25,completed,card,app
O03696,C1477,2025-06-11,completed,cash_on_delivery,web
O03697,C1262,2025-03-11,completed,cash_on_delivery,web
O03698,C0842,2025-12-09,completed,wallet,app
O03699,C0430,2025-11-20,completed,wallet,app
O03700,C0298,2025-07-15,completed,cash_on_delivery,app
O03701,C0375,2025-03-15,completed,card,app
O03702,C1243,2025-08-01,completed,card,app
O03703,C0282,2025-05-27,completed,card,app
O03704,C1177,2025-07-04,completed,card,web
O03705,C0206,2025-12-10,completed,card,web
O03706,C1182,2025-03-24,returned,cash_on_delivery,app
O03707,C1448,2025-06-03,completed,card,app
O03708,C0572,2025-06-05,completed,cash_on_delivery,web
O03709,C0880,2025-12-25,pending,cash_on_delivery,web
O03710,C0751,2025-05-12,completed,card,web
O03711,C0092,2025-08-20,completed,card,app
O03712,C0145,2025-02-22,completed,cash_on_delivery,app
O03713,C0830,2025-12-06,cancelled,card,web
O03714,C0776,2025-12-06,completed,card,app
O03715,C1373,2025-01-27,pending,cash_on_delivery,web
O03716,C1182,2025-06-25,cancelled,card,app
O03717,C1375,2025-09-13,completed,cash_on_delivery,app
O03718,C0677,2025-09-16,cancelled,card,app
O03719,C0761,2025-04-08,pending,cash_on_delivery,web
O03720,C0586,2025-10-04,completed,wallet,app
O03721,C0405,2025-10-28,completed,cash_on_delivery,app
O03722,C0200,2025-09-15,completed,card,app
O03723,C0152,2025-05-21,cancelled,wallet,web
O03724,C0277,2025-04-15,completed,card,app
O03725,C0843,2025-01-05,completed,card,web
O03726,C1284,2025-09-29,cancelled,card,web
O03727,C1462,2025-05-08,completed,card,web
O03728,C1321,2025-03-01,completed,card,app
O03729,C0452,2025-05-03,completed,card,web
O03730,C1273,2025-11-06,completed,wallet,app
O03731,C1073,2025-07-20,completed,card,app
O01340,C1476,2025-02-18,completed,cash_on_delivery,web
O03732,C0232,2025-03-22,completed,wallet,app
O03733,C0761,2025-05-02,completed,cash_on_delivery,web
O03734,C0777,2025-02-10,pending,cash_on_delivery,app
O03735,C0818,2025-02-14,completed,cash_on_delivery,web
O03736,C1206,2025-03-27,completed,card,app
O03737,C0365,2025-09-28,completed,wallet,app
O03738,C1433,2025-04-24,completed,card,app
O03739,C0459,2025-05-25,returned,wallet,app
O03740,C0205,2025-02-02,completed,cash_on_delivery,app
O03741,C1207,2025-10-18,pending,cash_on_delivery,app
O03742,C0307,2025-09-01,completed,cash_on_delivery,app
O03743,C0910,2025-01-04,completed,wallet,web
O03744,C0723,2025-07-20,completed,card,app
O03745,C0134,2025-07-01,completed,card,app
O03746,C0525,2025-07-29,completed,card,app
O03747,C0416,2025-09-08,completed,wallet,app
O03748,C1051,2025-01-07,completed,wallet,web
O03749,C0863,2025-07-16,completed,card,app
O03750,C0352,2025-10-26,completed,card,web
O03751,C1488,2025-09-01,completed,cash_on_delivery,app
O03752,C0535,2025-08-25,pending,card,web
O03753,C0792,2025-03-16,completed,wallet,web
O03754,C0397,2025-10-10,completed,cash_on_delivery,app
O03755,C0751,2025-06-13,completed,card,app
O03756,C0271,2025-08-07,completed,cash_on_delivery,app
O03757,C0650,2025-03-19,completed,wallet,web
O03758,C0134,2025-09-09,cancelled,card,app
O03759,C1018,2025-03-24,completed,wallet,web
O03760,C1224,2025-01-09,completed,wallet,app
O03761,C0993,2025-11-24,completed,cash_on_delivery,app
O03762,C0368,2025-06-15,completed,card,app
O03763,C0880,2025-03-06,completed,wallet,web
O03764,C0196,2025-01-24,pending,wallet,app
O03765,C0375,2025-09-06,cancelled,card,app
O03766,C1281,2025-05-30,completed,card,web
O03767,C0510,2025-12-23,completed,card,web
O03768,C0237,2025-03-01,completed,card,app
O03769,C0270,2025-11-18,pending,wallet,web
O03770,C1246,2025-07-05,completed,cash_on_delivery,web
O03771,C0487,2025-08-13,completed,wallet,web
O03772,C0239,2025-06-16,completed,wallet,web
O03773,C1183,2025-06-02,pending,card,app
O03774,C1369,2025-04-19,returned,card,app
O03775,C1156,2025-03-08,completed,card,web
O03776,C1079,2025-02-10,completed,card,app
O03777,C1156,2025-07-24,completed,cash_on_delivery,app
O03778,C0365,2025-04-18,completed,card,app
O03779,C0171,2025-06-09,completed,cash_on_delivery,app
O03780,C0302,2025-08-20,completed,cash_on_delivery,app
O03781,C1204,2025-01-23,completed,cash_on_delivery,app
O03782,C0084,2025-09-08,completed,wallet,web
O03783,C1063,2025-04-28,completed,card,app
O03784,C1454,2025-10-09,cancelled,card,app
O03785,C0995,2025-11-24,completed,card,app
O03786,C0765,2025-03-16,completed,card,app
O03787,C1111,2025-09-26,cancelled,wallet,app
O03788,C1196,2025-07-07,completed,card,app
O03789,C0750,2025-11-02,completed,card,web
O03790,C1269,2025-09-01,cancelled,card,app
O03791,C1305,2025-12-19,returned,cash_on_delivery,app
O03792,C0830,2025-07-15,completed,card,web
O03793,C1090,2025-09-10,completed,card,app
O03794,C0757,2025-10-12,completed,card,app
O03795,C1390,2025-05-02,completed,cash_on_delivery,web
O03796,C1151,2025-12-09,completed,cash_on_delivery,app
O03797,C0202,2025-01-07,completed,card,web
O03798,C1181,2025-02-04,completed,card,app
O03799,C1018,2025-05-11,completed,card,app
O03800,C0376,2025-12-09,completed,wallet,app
O03801,C0040,2025-04-19,completed,cash_on_delivery,app
O03802,C0369,2025-01-28,completed,card,app
O03803,C0844,2025-06-09,completed,cash_on_delivery,app
O03804,C0363,2025-12-31,completed,wallet,web
O03805,C1281,2025-07-15,completed,card,web
O03806,C1259,2025-01-12,cancelled,cash_on_delivery,app
O03807,C0487,2025-09-02,completed,card,web
O03808,C0175,2025-06-27,completed,card,app
O03809,C0974,2025-07-02,completed,wallet,web
O03810,C1018,2025-12-03,completed,card,app
O03811,C1191,2025-04-12,completed,card,web
O03812,C0740,2025-05-21,completed,wallet,web
O03813,C0134,2025-04-29,completed,card,web
O03814,C0901,2025-03-06,completed,card,app
O03815,C0066,2025-12-19,completed,cash_on_delivery,app
O03816,C0040,2025-06-27,completed,card,web
O03817,C0244,2025-01-14,completed,cash_on_delivery,app
O03818,C0396,2025-07-20,completed,cash_on_delivery,app
O03819,C0940,2025-08-02,completed,card,web
O03820,C0008,2025-06-28,completed,card,web
O03821,C0666,2025-07-03,completed,wallet,web
O03822,C0144,2025-11-24,completed,cash_on_delivery,app
O03823,C1198,2025-12-05,completed,cash_on_delivery,app
O03824,C0464,2025-08-06,completed,wallet,app
O03825,C1129,2025-11-07,completed,cash_on_delivery,web
O03826,C0969,2025-11-01,completed,card,app
O03827,C0028,2025-03-11,completed,card,app
O03828,C0165,2025-03-23,completed,cash_on_delivery,web
O03829,C0307,2025-03-18,cancelled,card,app
O03830,C1118,2025-01-27,completed,card,web
O03831,C0491,2025-03-17,pending,cash_on_delivery,web
O03832,C0909,2025-07-02,completed,card,app
O03833,C1060,2025-09-26,completed,card,web
O03834,C0066,2025-07-12,completed,card,app
O03835,C1093,2025-04-20,completed,cash_on_delivery,app
O03836,C0928,2025-12-07,pending,card,web
O03837,C0548,2025-05-18,completed,card,app
O03838,C0497,2025-12-17,completed,wallet,app
O03839,C0368,2025-07-24,returned,cash_on_delivery,app
O03840,C0140,2025-11-05,completed,cash_on_delivery,app
O03841,C0271,2025-11-30,completed,card,web
O03842,C0774,2025-08-22,completed,card,web
O03843,C1259,2025-06-06,completed,card,web
O03844,C1224,2025-11-29,completed,card,web
O03845,C1360,2025-06-07,completed,card,app
O03846,C1062,2025-10-09,completed,cash_on_delivery,web
O03847,C0568,2025-04-29,pending,card,app
O03848,C1111,2025-04-23,pending,card,app
O03849,C0647,2025-11-25,returned,card,app
O03850,C0008,2025-03-26,completed,card,app
O03851,C0734,2025-05-20,completed,card,app
O03852,C0164,2025-02-03,completed,cash_on_delivery,web
O03853,C0408,2025-12-17,completed,cash_on_delivery,web
O03854,C1206,2025-06-23,completed,cash_on_delivery,app
O03855,C1167,2025-03-16,completed,card,app
O03856,C1333,2025-10-27,completed,wallet,web
O03857,C0244,2025-11-20,completed,wallet,app
O03858,C1427,2025-08-25,completed,cash_on_delivery,web
O03859,C0355,2025-09-20,completed,card,web
O03860,C0894,2025-01-24,completed,cash_on_delivery,web
O03861,C0947,2025-11-27,completed,card,web
O03862,C0556,2025-03-02,pending,card,app
O03863,C0239,2025-06-07,completed,card,app
O03864,C1318,2025-05-30,cancelled,card,app
O03865,C1317,2025-11-04,completed,card,web
O03866,C0680,2025-11-05,completed,card,web
O03867,C0525,2025-07-13,completed,card,app
O03868,C0170,2025-02-04,completed,card,web
O03869,C0242,2025-11-08,completed,card,app
O03870,C1015,2025-03-30,completed,card,web
O03871,C0093,2025-12-18,completed,card,app
O03872,C0587,2025-11-14,cancelled,card,web
O03873,C1015,2025-04-21,cancelled,cash_on_delivery,app
O03874,C0016,2025-01-29,completed,card,web
O03875,C0743,2025-12-22,pending,card,web
O03876,C0736,2025-05-25,completed,wallet,web
O03877,C0919,2025-12-27,pending,cash_on_delivery,app
O03878,C1364,2025-05-09,completed,cash_on_delivery,app
O03879,C0732,2025-11-13,completed,cash_on_delivery,web
O03880,C0730,2025-03-17,cancelled,card,web
O03881,C0479,2025-03-28,returned,wallet,web
O03882,C1273,2025-12-21,completed,cash_on_delivery,web
O03883,C0951,2025-01-03,completed,cash_on_delivery,app
O03884,C1433,2025-10-17,completed,cash_on_delivery,app
O03885,C0053,2025-04-20,completed,cash_on_delivery,web
O03886,C1060,2025-01-17,completed,card,app
O03887,C0431,2025-10-04,completed,wallet,web
O03888,C0375,2025-06-18,completed,cash_on_delivery,app
O03889,C0140,2025-07-16,completed,wallet,app
O03890,C0178,2025-12-24,completed,card,web
O03891,C1366,2025-12-06,completed,card,app
O03892,C0127,2025-12-17,completed,card,app
O03893,C1405,2025-04-30,cancelled,wallet,web
O03894,C1364,2025-07-15,completed,cash_on_delivery,app
O03895,C1241,2025-02-20,completed,card,app
O03896,C1042,2025-09-15,completed,cash_on_delivery,app
O03897,C0752,2025-07-21,completed,cash_on_delivery,app
O03898,C0110,2025-10-20,completed,card,web
O03899,C0828,2025-05-13,completed,cash_on_delivery,web
O03900,C1259,2025-09-13,completed,cash_on_delivery,app
O03901,C0526,2025-04-14,completed,card,app
O03902,C0057,2025-06-09,cancelled,card,app
O03903,C0851,2025-05-29,completed,wallet,web
O03904,C1183,2025-04-07,completed,card,web
O03905,C1118,2025-08-24,completed,card,web
O03906,C1042,2025-09-01,completed,cash_on_delivery,web
O01644,C0650,2025-12-01,completed,cash_on_delivery,web
O03907,C0236,2025-04-19,completed,cash_on_delivery,app
O03908,C0387,2025-07-17,completed,wallet,web
O03909,C1360,2025-07-12,cancelled,cash_on_delivery,app
O03910,C0452,2025-02-16,pending,card,web
O03911,C0786,2025-12-10,completed,card,web
O03912,C1093,2025-11-21,completed,cash_on_delivery,app
O03913,C0144,2025-06-17,completed,card,app
O03914,C0447,2025-11-12,pending,cash_on_delivery,app
O03915,C1224,2025-02-05,completed,cash_on_delivery,app
O03916,C0244,2025-03-01,completed,cash_on_delivery,app
O03917,C0424,2025-05-23,completed,cash_on_delivery,app
O03918,C1433,2025-12-22,pending,wallet,web
O03919,C0452,2025-11-30,completed,cash_on_delivery,app
O03920,C0155,2025-06-06,completed,wallet,app
O03921,C1093,2025-12-26,pending,cash_on_delivery,web
O03922,C0843,2025-06-15,completed,wallet,app
O03923,C0145,2025-06-28,completed,card,app
O03924,C0155,2025-10-04,completed,card,app
O03925,C0175,2025-03-17,completed,card,web
O03926,C0353,2025-02-03,completed,wallet,app
O03927,C1000,2025-08-06,completed,cash_on_delivery,app
O03928,C0471,2025-09-09,completed,wallet,app
O03929,C0105,2025-02-21,completed,card,app
O03930,C1500,2025-09-10,completed,card,web
O03931,C1073,2025-05-01,completed,card,web
O03932,C1360,2025-11-13,returned,card,web
O03933,C0396,2025-10-30,completed,cash_on_delivery,web
O03934,C0285,2025-02-18,completed,cash_on_delivery,app
O03935,C0147,2025-04-01,completed,card,app
O03936,C0134,2025-01-11,completed,cash_on_delivery,app
O03937,C0510,2025-06-18,completed,card,web
O03938,C0725,2025-01-26,cancelled,card,app
O03939,C0065,2025-09-24,completed,card,web
O03940,C1152,2025-08-14,completed,card,app
O03941,C0199,2025-06-10,completed,card,app
O03942,C1463,2025-01-30,completed,cash_on_delivery,web
O03943,C0475,2025-03-03,completed,wallet,app
O03944,C0977,2025-10-30,completed,card,web
O03945,C0637,2025-10-25,completed,cash_on_delivery,app
O03946,C0988,2025-11-12,cancelled,wallet,web
O03947,C0377,2025-11-13,completed,card,app
O03948,C0882,2025-12-24,completed,cash_on_delivery,app
O03949,C1259,2025-08-09,completed,cash_on_delivery,app
O03950,C1338,2025-12-06,pending,cash_on_delivery,app
O03951,C0460,2025-11-27,completed,wallet,app
O03952,C0824,2025-09-05,completed,cash_on_delivery,app
O03953,C1271,2025-01-30,cancelled,wallet,app
O03954,C0364,2025-04-19,completed,cash_on_delivery,app
O03955,C0016,2025-04-15,completed,cash_on_delivery,web
O03956,C1375,2025-10-03,completed,card,app
O03957,C0185,2025-04-13,completed,card,web
O03958,C0388,2025-11-18,returned,wallet,app
O03959,C0050,2025-02-01,pending,card,web
O03960,C0187,2025-11-04,completed,wallet,app
O03961,C0378,2025-07-09,returned,cash_on_delivery,app
O03962,C0306,2025-06-08,completed,card,app
O03963,C0986,2025-10-11,completed,card,web
O03964,C0684,2025-05-27,completed,card,web
O03965,C1129,2025-03-28,completed,card,app
O03966,C0951,2025-12-07,completed,card,app
O03967,C0734,2025-09-24,completed,wallet,web
O03968,C0054,2025-04-12,completed,cash_on_delivery,app
O03969,C0285,2025-01-13,completed,cash_on_delivery,web
O03970,C0678,2025-05-14,completed,wallet,app
O03971,C1063,2025-11-02,completed,card,web
O03972,C0387,2025-09-18,completed,card,web
O03973,C1100,2025-06-04,completed,wallet,app
O03974,C1214,2025-06-18,completed,card,app
O03975,C0882,2025-02-25,completed,wallet,app
O03976,C1331,2025-09-03,completed,card,web
O03977,C0293,2025-02-15,completed,wallet,web
O03978,C1204,2025-03-20,completed,cash_on_delivery,app
O03979,C0285,2025-12-23,completed,card,web
O03980,C0572,2025-12-31,pending,wallet,app
O03981,C1009,2025-08-25,completed,card,app
O03982,C1060,2025-12-18,completed,cash_on_delivery,app
O03983,C0818,2025-04-30,completed,wallet,web
O03984,C0882,2025-12-18,completed,cash_on_delivery,web
O03985,C0287,2025-02-08,completed,card,app
O03986,C0133,2025-12-26,pending,card,app
O03987,C0187,2025-09-25,cancelled,wallet,app
O03988,C0951,2025-04-17,cancelled,wallet,app
O03989,C0947,2025-06-24,cancelled,cash_on_delivery,app
O03990,C1156,2025-07-28,completed,cash_on_delivery,app
O03991,C0196,2025-04-23,completed,wallet,app
O03992,C0606,2025-06-18,completed,cash_on_delivery,app
O03993,C1255,2025-03-14,completed,card,web
O03994,C0932,2025-09-01,completed,card,web
O03995,C0723,2025-11-29,completed,card,app
O03996,C0008,2025-05-11,completed,wallet,web
O03997,C0470,2025-07-07,completed,wallet,web
O03998,C1483,2025-03-25,completed,card,web
O03999,C0239,2025-06-22,completed,card,app
O04000,C0894,2025-12-13,completed,cash_on_delivery,app
O04001,C0178,2025-12-16,completed,wallet,app
O04002,C1038,2025-10-28,cancelled,card,web
O04003,C0684,2025-11-21,completed,card,web
O04004,C0318,2025-11-12,completed,cash_on_delivery,app
O04005,C0354,2025-12-05,completed,cash_on_delivery,app
O04006,C0110,2025-11-22,completed,card,web
O04007,C1393,2025-04-23,completed,cash_on_delivery,app
O04008,C0006,2025-07-20,completed,cash_on_delivery,web
O04009,C1328,2025-05-09,completed,cash_on_delivery,web
O04010,C0685,2025-10-27,completed,cash_on_delivery,app
O04011,C1195,2025-12-28,pending,cash_on_delivery,app
O04012,C1130,2025-06-29,completed,wallet,app
O04013,C0808,2025-02-12,completed,card,app
O04014,C0603,2025-03-24,completed,cash_on_delivery,web
O04015,C0075,2025-04-19,completed,card,web
O04016,C0752,2025-06-12,completed,card,web
O04017,C1015,2025-10-04,completed,cash_on_delivery,app
O04018,C1209,2025-02-26,completed,card,app
O04019,C1413,2025-06-18,pending,card,app
O04020,C0164,2025-01-02,completed,card,web
O04021,C1046,2025-07-06,completed,card,app
O04022,C0196,2025-01-14,completed,wallet,app
O04023,C1441,2025-11-16,completed,cash_on_delivery,web
O04024,C0603,2025-02-26,completed,cash_on_delivery,app
O04025,C1425,2025-12-28,completed,card,app
O04026,C0953,2025-05-06,completed,card,app
O04027,C0623,2025-01-16,completed,wallet,app
O04028,C0529,2025-05-29,completed,cash_on_delivery,web
O04029,C1183,2025-09-30,completed,cash_on_delivery,app
O04030,C0974,2025-08-15,completed,card,web
O04031,C0946,2025-01-11,completed,wallet,app
O04032,C0127,2025-03-29,completed,card,web
O04033,C0803,2025-09-30,completed,cash_on_delivery,app
O04034,C0732,2025-05-08,completed,card,web
O04035,C0365,2025-09-08,completed,card,app
O04036,C0689,2025-11-21,completed,card,app
O04037,C0844,2025-06-08,completed,card,web
O04038,C0581,2025-11-01,completed,cash_on_delivery,web
O04039,C0956,2025-04-08,completed,wallet,app
O04040,C0611,2025-12-09,pending,cash_on_delivery,app
O04041,C0680,2025-11-04,cancelled,cash_on_delivery,app
O04042,C1038,2025-11-30,completed,wallet,app
O04043,C1051,2025-05-21,pending,cash_on_delivery,app
O04044,C0133,2025-11-16,completed,card,web
O04045,C0710,2025-03-09,completed,card,web
O04046,C0594,2025-09-07,pending,wallet,app
O04047,C1364,2025-12-13,cancelled,wallet,web
O04048,C0137,2025-04-02,completed,card,web
O04049,C0474,2025-08-20,cancelled,card,app
O04050,C0751,2025-10-06,completed,wallet,app
O04051,C0230,2025-10-28,completed,card,app
O04052,C0623,2025-09-02,completed,card,app
O04053,C1267,2025-10-30,completed,cash_on_delivery,web
O04054,C1368,2025-05-18,completed,wallet,app
O04055,C0736,2025-03-25,completed,wallet,app
O04056,C0285,2025-11-30,completed,wallet,app
O04057,C0112,2025-11-29,completed,wallet,web
O04058,C0280,2025-11-30,completed,card,web
O04059,C1152,2025-12-04,completed,wallet,web
O04060,C0786,2025-11-03,completed,cash_on_delivery,web
O04061,C0529,2025-04-16,completed,card,web
O04062,C0448,2025-08-06,completed,cash_on_delivery,web
O04063,C0684,2025-05-23,completed,card,web
O04064,C1065,2025-10-13,completed,card,web
O04065,C0950,2025-02-09,returned,card,web
O04066,C0912,2025-02-03,completed,card,app
O04067,C0377,2025-06-05,completed,cash_on_delivery,app
O04068,C1093,2025-11-25,completed,card,web
O04069,C0486,2025-07-16,completed,card,app
O04070,C0872,2025-03-06,completed,cash_on_delivery,app
O04071,C1495,2025-04-20,completed,card,web
O04072,C0157,2025-03-18,returned,wallet,web
O04073,C1402,2025-04-11,completed,card,app
O04074,C0397,2025-10-16,completed,wallet,app
O04075,C1016,2025-06-04,cancelled,cash_on_delivery,app
O04076,C1312,2025-05-11,returned,wallet,app
O04077,C1389,2025-07-04,completed,card,web
O04078,C0670,2025-03-20,completed,wallet,web
O04079,C0396,2025-03-21,completed,cash_on_delivery,app
O04080,C0365,2025-10-08,completed,cash_on_delivery,app
O04081,C1375,2025-05-07,completed,cash_on_delivery,app
O04082,C0780,2025-11-10,completed,card,web
O04083,C0831,2025-07-18,returned,card,app
O04084,C1488,2025-09-28,pending,cash_on_delivery,app
O04085,C0336,2025-10-17,completed,cash_on_delivery,web
O04086,C1048,2025-10-31,completed,wallet,web
O04087,C1373,2025-04-29,completed,card,app
O04088,C1337,2025-12-19,completed,card,app
O04089,C1147,2025-05-05,pending,card,web
O04090,C1373,2025-08-17,completed,card,app
O04091,C0431,2025-10-25,completed,card,app
O04092,C0493,2025-04-08,completed,cash_on_delivery,app
O04093,C0605,2025-04-12,completed,cash_on_delivery,web
O04094,C0947,2025-05-21,completed,cash_on_delivery,app
O04095,C1214,2025-06-22,completed,card,app
O04096,C0872,2025-04-23,completed,card,app
O04097,C1214,2025-04-26,completed,card,app
O04098,C0468,2025-05-13,completed,cash_on_delivery,web
O04099,C1427,2025-01-01,completed,wallet,app
O04100,C0526,2025-10-23,completed,card,web
O04101,C0647,2025-11-30,completed,card,web
O04102,C1417,2025-02-04,completed,card,app
O04103,C1068,2025-12-05,completed,wallet,app
O04104,C0200,2025-08-04,completed,card,web
O04105,C0029,2025-06-04,completed,cash_on_delivery,web
O04106,C0824,2025-07-03,pending,cash_on_delivery,web
O04107,C1280,2025-12-05,completed,card,app
O04108,C0403,2025-01-12,completed,card,web
O04109,C0179,2025-04-05,completed,wallet,app
O04110,C1089,2025-09-04,completed,card,app
O04111,C0655,2025-09-13,pending,card,web
O04112,C0569,2025-06-09,completed,wallet,app
O04113,C1241,2025-05-26,completed,wallet,app
O04114,C0382,2025-12-17,completed,card,app
O04115,C1016,2025-10-06,cancelled,card,web
O04116,C0684,2025-04-03,completed,card,app
O04117,C1309,2025-05-27,cancelled,card,app
O04118,C0906,2025-10-26,completed,card,app
O04119,C0660,2025-03-23,completed,card,web
O04120,C1284,2025-04-18,completed,wallet,app
O04121,C1386,2025-05-01,completed,card,web
O04122,C0025,2025-10-10,completed,cash_on_delivery,app
O04123,C0988,2025-10-10,cancelled,card,web
O04124,C0405,2025-11-18,completed,card,app
O04125,C0289,2025-09-25,returned,wallet,web
O04126,C1238,2025-08-08,cancelled,wallet,app
O04127,C0858,2025-07-05,completed,wallet,app
O04128,C0033,2025-12-02,completed,cash_on_delivery,app
O04129,C1277,2025-08-10,completed,card,app
O04130,C0322,2025-02-21,completed,cash_on_delivery,app
O04131,C1167,2025-11-28,completed,wallet,web
O04132,C0570,2025-03-10,completed,wallet,web
O04133,C0175,2025-08-16,completed,cash_on_delivery,app
O04134,C0471,2025-10-09,completed,wallet,app
O04135,C0369,2025-03-30,completed,cash_on_delivery,web
O04136,C1500,2025-05-02,pending,card,web
O04137,C0185,2025-12-05,completed,card,app
O04138,C0205,2025-12-19,completed,card,app
O04139,C1500,2025-02-02,completed,card,app
O04140,C0778,2025-09-26,completed,wallet,app
O04141,C0080,2025-11-20,completed,cash_on_delivery,app
O04142,C0912,2025-04-23,cancelled,wallet,web
O04143,C1259,2025-09-22,completed,card,app
O04144,C0175,2025-08-15,completed,cash_on_delivery,app
O04145,C1459,2025-03-04,completed,card,app
O04146,C0650,2025-07-23,pending,cash_on_delivery,app
O04147,C0369,2025-03-07,pending,cash_on_delivery,web
O04148,C1206,2025-09-15,returned,card,app
O04149,C0431,2025-03-25,completed,wallet,web
O04150,C1364,2025-10-28,completed,card,web
O04151,C0063,2025-09-16,cancelled,card,app
O04152,C1368,2025-10-08,completed,wallet,app
O04153,C1129,2025-12-26,pending,card,web
O04154,C0741,2025-10-15,returned,wallet,app
O04155,C0993,2025-01-10,cancelled,card,app
O04156,C0272,2025-02-16,completed,card,web
O04157,C0255,2025-10-10,completed,cash_on_delivery,app
O04158,C0778,2025-12-09,completed,card,app
O04159,C0686,2025-04-19,completed,cash_on_delivery,app
O04160,C1183,2025-01-20,pending,cash_on_delivery,app
O04161,C1500,2025-07-29,completed,cash_on_delivery,app
O04162,C0212,2025-03-28,completed,wallet,web
O04163,C1198,2025-04-28,completed,cash_on_delivery,web
O04164,C0151,2025-06-17,completed,card,web
O04165,C0970,2025-06-05,completed,wallet,web
O04166,C0222,2025-12-30,completed,wallet,web
O04167,C0551,2025-04-10,completed,card,app
O04168,C1148,2025-01-12,cancelled,card,web
O04169,C1358,2025-01-03,completed,wallet,app
O04170,C0866,2025-06-19,completed,card,app
O04171,C1313,2025-06-25,completed,card,app
O04172,C1410,2025-11-25,completed,card,app
O04173,C0730,2025-12-21,completed,cash_on_delivery,web
O04174,C0368,2025-12-28,pending,cash_on_delivery,web
O04175,C0722,2025-02-11,completed,card,app
O04176,C0878,2025-03-09,pending,card,web
O04177,C0773,2025-10-02,completed,wallet,web
O04178,C1224,2025-01-30,completed,card,app
O04179,C0759,2025-12-23,pending,card,app
O04180,C0678,2025-11-23,completed,card,web
O04181,C0497,2025-09-29,completed,wallet,app
O04182,C1124,2025-03-25,completed,card,web
O04183,C0828,2025-03-07,returned,wallet,app
O04184,C0255,2025-06-23,completed,card,app
O04185,C0215,2025-10-08,completed,wallet,web
O04186,C0969,2025-04-16,cancelled,card,app
O04187,C0371,2025-02-27,completed,card,web
O04188,C0749,2025-12-11,completed,card,web
O04189,C0830,2025-03-26,completed,cash_on_delivery,app
O04190,C0318,2025-10-11,completed,cash_on_delivery,web
O04191,C0025,2025-10-25,completed,cash_on_delivery,app
O04192,C0402,2025-08-19,completed,wallet,app
O04193,C0463,2025-01-28,pending,card,app
O04194,C1312,2025-06-20,completed,cash_on_delivery,web
O04195,C0259,2025-02-16,completed,card,web
O04196,C1364,2025-08-24,completed,card,web
O04197,C1382,2025-02-15,completed,card,web
O04198,C0468,2025-12-13,completed,card,web
O04199,C1255,2025-09-17,completed,cash_on_delivery,app
O04200,C0382,2025-10-31,completed,cash_on_delivery,app
